"fixed.acidity","volatile.acidity","citric.acid","residual.sugar","chlorides","tartness","free.sulfur.dioxide","total.sulfur.dioxide","density","pH","sulphates","alcohol","quality"
7,0.27,0.36,20.7,0.045,9.56532086635917,45,170,1.001,3,0.45,8.8,5.94
6.3,0.3,0.34,1.6,0.049,8.83979385190972,14,132,0.994,3.3,0.49,9.5,6.02
8.1,0.28,0.4,6.9,0.05,10.4404724740084,30,97,0.9951,3.26,0.44,10.1,5.92
7.2,0.23,0.32,8.5,0.058,9.73903859667481,47,186,0.9956,3.19,0.4,9.9,6.16
7.2,0.23,0.32,8.5,0.058,10.6652437014447,47,186,0.9956,3.19,0.4,9.9,6.03
6.2,0.32,0.16,7,0.045,11.3274461561505,30,136,0.9949,3.18,0.47,9.6,6.05
7,0.27,0.36,20.7,0.045,10.1646102769031,45,170,1.001,3,0.45,8.8,6.07
6.3,0.3,0.34,1.6,0.049,9.64274600370159,14,132,0.994,3.3,0.49,9.5,6.06
8.1,0.22,0.43,1.5,0.044,10.3682751456006,28,129,0.9938,3.22,0.45,11,5.97
8.1,0.27,0.41,1.45,0.033,9.33232120260475,11,63,0.9908,2.99,0.56,12,5.15
8.6,0.23,0.4,4.2,0.035,10.5833670823639,17,109,0.9947,3.14,0.53,9.7,5.04
7.9,0.18,0.37,1.2,0.04,10.9820284979494,16,75,0.992,3.18,0.63,10.8,4.94
6.6,0.16,0.4,1.5,0.044,10.4753295515253,48,143,0.9912,3.54,0.52,12.4,6.78
8.3,0.42,0.62,19.25,0.04,9.63349214627472,41,172,1.0002,2.98,0.67,9.7,5.11
6.6,0.17,0.38,1.5,0.032,9.22091204385319,28,112,0.9914,3.25,0.55,11.4,7
6.3,0.48,0.04,1.1,0.046,9.57713431195906,30,99,0.9928,3.24,0.36,9.6,6
6.2,0.66,0.48,1.2,0.029,12.31706910154,29,75,0.9892,3.33,0.39,12.8,8.09
7.4,0.34,0.42,1.1,0.033,10.4876665784519,17,171,0.9917,3.12,0.53,11.3,6.08
6.5,0.31,0.14,7.5,0.044,10.3484632521619,34,133,0.9955,3.22,0.5,9.5,5.06
6.2,0.66,0.48,1.2,0.029,10.8680721488489,29,75,0.9892,3.33,0.39,12.8,8.09
6.8,0.26,0.42,1.7,0.049,10.7539934862176,41,122,0.993,3.47,0.48,10.5,8.01
7.6,0.67,0.14,1.5,0.074,10.3003384435688,25,168,0.9937,3.05,0.51,9.3,4.8
6.6,0.27,0.41,1.3,0.052,9.49176119591912,16,142,0.9951,3.42,0.47,10,6.06
7,0.25,0.32,9,0.046,9.92121750120286,56,245,0.9955,3.25,0.5,10.4,5.99
6.9,0.24,0.35,1,0.052,10.7048978281496,35,146,0.993,3.45,0.44,10,5.98
7,0.28,0.39,8.7,0.051,10.0177870836297,32,141,0.9961,3.38,0.53,10.5,5.85
7.4,0.27,0.48,1.1,0.047,7.80664459411338,17,132,0.9914,3.19,0.49,11.6,5.95
7.2,0.32,0.36,2,0.033,10.4038497095498,37,114,0.9906,3.1,0.71,12.3,7.04
8.5,0.24,0.39,10.4,0.044,10.9123099751706,20,142,0.9974,3.2,0.53,10,6.14
7.4,0.25,0.36,2.05,0.05,9.99814661943312,31,100,0.992,3.19,0.44,10.8,6.04
6.2,0.12,0.34,1.5,0.045,12.0222175937485,43,117,0.9939,3.42,0.51,9,5.99
5.8,0.27,0.2,14.95,0.044,8.88058821763062,22,179,0.9962,3.37,0.37,10.2,4.86
7.3,0.28,0.43,1.7,0.08,8.90551302518462,21,123,0.9905,3.19,0.42,12.8,4.96
6.5,0.39,0.23,5.4,0.051,9.18383523655243,25,149,0.9934,3.24,0.35,10,4.96
7,0.33,0.32,1.2,0.053,8.45292318957888,38,138,0.9906,3.13,0.28,11.2,5.99
7.3,0.24,0.39,17.95,0.057,11.8465757142467,45,149,0.9999,3.21,0.36,8.6,5.11
7.3,0.24,0.39,17.95,0.057,10.0956409869258,45,149,0.9999,3.21,0.36,8.6,5.08
6.7,0.23,0.39,2.5,0.172,11.6152748550959,63,158,0.9937,3.11,0.36,9.4,5.98
6.7,0.24,0.39,2.9,0.173,9.78944278489237,63,157,0.9937,3.1,0.34,9.4,5.97
7,0.31,0.26,7.4,0.069,8.97299366918451,28,160,0.9954,3.13,0.46,9.8,6.07
6.6,0.24,0.27,1.4,0.057,10.6255400381002,33,152,0.9934,3.22,0.56,9.5,6.06
6.7,0.23,0.26,1.4,0.06,10.9857234020661,33,154,0.9934,3.24,0.56,9.5,5.93
6.2,0.45,0.26,4.4,0.063,9.93890289688417,63,206,0.994,3.27,0.52,9.8,4.04
6.2,0.46,0.25,4.4,0.066,9.053278520768,62,207,0.9939,3.25,0.52,9.8,5.08
7,0.31,0.26,7.4,0.069,10.5830305396732,28,160,0.9954,3.13,0.46,9.8,5.99
6.9,0.19,0.35,5,0.067,9.9321907207049,32,150,0.995,3.36,0.48,9.8,5.09
7.2,0.19,0.31,1.6,0.062,8.84744481552382,31,173,0.9917,3.35,0.44,11.7,6.04
6.2,0.16,0.33,1.1,0.057,10.0866723747645,21,82,0.991,3.32,0.46,10.9,7.03
6.4,0.18,0.35,1,0.045,9.10804636579722,39,108,0.9911,3.31,0.35,10.9,5.89
6.8,0.2,0.59,0.9,0.147,9.03414841930147,38,132,0.993,3.05,0.38,9.1,6.14
7.2,0.21,0.34,11.9,0.043,8.17899553964957,37,213,0.9962,3.09,0.5,9.6,5.96
6,0.19,0.26,12.4,0.048,10.651128061586,50,147,0.9972,3.3,0.36,8.9,5.9
6.6,0.38,0.15,4.6,0.044,10.4546721293668,25,78,0.9931,3.11,0.38,10.2,6.06
7.4,0.2,0.36,1.2,0.038,10.4562626729402,44,111,0.9926,3.36,0.34,9.9,5.99
6.8,0.22,0.24,4.9,0.092,9.87414474358179,30,123,0.9951,3.03,0.46,8.6,6.24
6,0.19,0.26,12.4,0.048,10.8271348011671,50,147,0.9972,3.3,0.36,8.9,6
7,0.47,0.07,1.1,0.035,9.27552819708812,17,151,0.991,3.02,0.34,10.5,5.07
6.6,0.38,0.15,4.6,0.044,10.5060704948735,25,78,0.9931,3.11,0.38,10.2,6
7.2,0.24,0.27,1.4,0.038,10.0143001153034,31,122,0.9927,3.15,0.46,10.3,5.93
6.4,0.26,0.24,6.4,0.04,10.259686270276,27,124,0.9903,3.22,0.49,12.6,6.82
6.7,0.25,0.13,1.2,0.041,10.5048484612798,81,174,0.992,3.14,0.42,9.8,5.15
6.7,0.23,0.31,2.1,0.046,10.2269799132004,30,96,0.9926,3.33,0.64,10.7,8.02
7.4,0.24,0.29,10.1,0.05,9.33239193850356,21,105,0.9962,3.13,0.35,9.5,5.22
6.2,0.27,0.43,7.8,0.056,9.20104497824167,48,244,0.9956,3.1,0.51,9,6.05
6.8,0.3,0.23,4.6,0.061,7.60332256834907,50.5,238.5,0.9958,3.32,0.6,9.5,4.93
6,0.27,0.28,4.8,0.063,9.79753883888089,31,201,0.9964,3.69,0.71,10,5.06
6.7,0.23,0.31,2.1,0.046,9.24759604011366,30,96,0.9926,3.33,0.64,10.7,7.87
7.4,0.24,0.29,10.1,0.05,10.573507168006,21,105,0.9962,3.13,0.35,9.5,5.03
7.1,0.18,0.36,1.4,0.043,11.143000382657,31,87,0.9898,3.26,0.37,12.7,6.96
7,0.32,0.34,1.3,0.042,11.0070655464292,20,69,0.9912,3.31,0.65,12,7
7.4,0.18,0.3,8.8,0.064,9.1696878816413,26,103,0.9961,2.94,0.56,9.3,5.01
6.7,0.54,0.28,5.4,0.06,12.1782886402889,21,105,0.9949,3.27,0.37,9,4.94
6.8,0.22,0.31,1.4,0.053,10.7358579070583,34,114,0.9929,3.39,0.77,10.6,5.94
7.1,0.34,0.2,6.1,0.063,9.8813553863826,47,164,0.9946,3.17,0.42,10,5.12
7.3,0.22,0.3,8.2,0.047,10.9302644115786,42,207,0.9966,3.33,0.46,9.5,5.85
7.1,0.43,0.61,11.8,0.045,10.1806970810144,54,155,0.9974,3.11,0.45,8.7,5.06
7.1,0.44,0.62,11.8,0.044,9.70944086895892,52,152,0.9975,3.12,0.46,8.7,6.03
7.2,0.39,0.63,11,0.044,9.63952783932774,55,156,0.9974,3.09,0.44,8.7,6.11
6.8,0.25,0.31,13.3,0.05,10.3779132010388,69,202,0.9972,3.22,0.48,9.7,5.97
7.1,0.43,0.61,11.8,0.045,10.9833335737668,54,155,0.9974,3.11,0.45,8.7,5.04
7.1,0.44,0.62,11.8,0.044,8.93151440655556,52,152,0.9975,3.12,0.46,8.7,6.03
7.2,0.39,0.63,11,0.044,9.65199515549349,55,156,0.9974,3.09,0.44,8.7,5.95
6.1,0.27,0.43,7.5,0.049,10.4618853091308,65,243,0.9957,3.12,0.47,9,5.12
6.9,0.24,0.33,1.7,0.035,8.32359357983986,47,136,0.99,3.26,0.4,12.6,7.12
6.9,0.21,0.33,1.8,0.034,10.5578812789259,48,136,0.9899,3.25,0.41,12.6,7.07
7.5,0.17,0.32,1.7,0.04,9.60906890750151,51,148,0.9916,3.21,0.44,11.5,7.16
7.1,0.26,0.29,12.4,0.044,9.53339926720054,62,240,0.9969,3.04,0.42,9.2,6.06
6,0.34,0.66,15.9,0.046,9.77293390242083,26,164,0.9979,3.14,0.5,8.8,5.87
8.6,0.265,0.36,1.2,0.034,9.30846396930917,15,80,0.9913,2.95,0.36,11.4,6.94
9.8,0.36,0.46,10.5,0.038,9.64376931532103,4,83,0.9956,2.89,0.3,10.1,3.88
6,0.34,0.66,15.9,0.046,9.80339661630384,26,164,0.9979,3.14,0.5,8.8,5.95
7.4,0.25,0.37,13.5,0.06,11.1244046350636,52,192,0.9975,3,0.44,9.1,4.94
7.1,0.12,0.32,9.6,0.054,10.9884300479114,64,162,0.9962,3.4,0.41,9.4,5
7.4,0.25,0.37,13.5,0.06,9.13539002082523,52,192,0.9975,3,0.44,9.1,4.93
7.1,0.12,0.32,9.6,0.054,10.2378942385899,64,162,0.9962,3.4,0.41,9.4,5.07
7.1,0.23,0.35,16.5,0.04,10.6904462802038,60,171,0.999,3.16,0.59,9.1,6.09
7.1,0.23,0.35,16.5,0.04,9.72612991910159,60,171,0.999,3.16,0.59,9.1,6.04
6.9,0.33,0.28,1.3,0.051,9.42255133220313,37,187,0.9927,3.27,0.6,10.3,5.17
6.5,0.17,0.54,8.5,0.082,9.35135722552144,64,163,0.9959,2.89,0.39,8.8,5.94
7.2,0.27,0.46,18.75,0.052,10.3350631123133,45,255,1,3.04,0.52,8.9,4.95
6.7,0.41,0.34,9.2,0.049,11.6239254071093,29,150,0.9968,3.22,0.51,9.1,4.93
6.7,0.41,0.34,9.2,0.049,9.43288783780444,29,150,0.9968,3.22,0.51,9.1,4.98
5.5,0.485,0,1.5,0.065,9.59032986090311,8,103,0.994,3.63,0.4,9.7,3.96
6,0.31,0.24,3.3,0.041,10.9026009709337,25,143,0.9914,3.31,0.44,11.3,5.97
7,0.14,0.4,1.7,0.035,10.4838217089215,16,85,0.9911,3.19,0.42,11.8,5.97
7.2,0.31,0.5,13.3,0.056,9.40477013258145,68,195,0.9982,3.01,0.47,9.2,5.05
7.3,0.32,0.48,13.3,0.06,9.9297373162748,57,196,0.9982,3.04,0.5,9.2,4.98
5.9,0.36,0.04,5.7,0.046,8.83195697587518,21,87,0.9934,3.22,0.51,10.2,4.95
7.4,0.16,0.31,6.85,0.059,9.03045136727122,31,131,0.9952,3.29,0.34,9.7,4.98
6.9,0.19,0.28,5,0.058,8.93850474419299,14,146,0.9952,3.29,0.36,9.1,5.98
6.4,0.13,0.47,1.6,0.092,10.4275895079197,40,158,0.9928,3.21,0.36,9.8,5.99
6.7,0.19,0.36,1.1,0.026,9.86427928210464,63,143,0.9912,3.27,0.48,11,6.07
7.4,0.39,0.23,7,0.033,10.6633080440087,29,126,0.994,3.14,0.42,10.5,4.99
6.5,0.24,0.32,7.6,0.038,9.35678045426437,48,203,0.9958,3.45,0.54,9.7,7
6.1,0.3,0.56,2.7,0.046,10.7028779081412,46,184,0.9924,3.31,0.57,10.9,5.97
5.7,0.26,0.25,10.4,0.02,9.49103197016601,7,57,0.994,3.39,0.37,10.6,5.01
6.5,0.24,0.32,7.6,0.038,8.65817179743866,48,203,0.9958,3.45,0.54,9.7,6.94
6.5,0.425,0.4,13.1,0.038,8.98303974753343,59,241,0.9979,3.23,0.57,9,5.05
6.6,0.24,0.27,15.8,0.035,9.62484188940318,46,188,0.9982,3.24,0.51,9.2,4.85
6.8,0.27,0.22,8.1,0.034,7.09221542755474,55,203,0.9961,3.19,0.52,8.9,5.03
6.7,0.27,0.31,15.7,0.036,10.1263169084137,44,179,0.9979,3.26,0.56,9.6,4.85
8.2,0.23,0.4,1.2,0.027,9.58712363158094,36,121,0.992,3.12,0.38,10.7,5.97
7.1,0.37,0.67,10.5,0.045,8.98788946285209,49,155,0.9975,3.16,0.44,8.7,4.95
6.8,0.19,0.36,1.9,0.035,10.6329117491153,30,96,0.9917,3.15,0.54,10.8,6.93
8.1,0.28,0.39,1.9,0.029,9.24540338800447,18,79,0.9923,3.23,0.52,11.8,5.99
6.3,0.31,0.34,2.2,0.045,11.3489448449825,20,77,0.9927,3.3,0.43,10.2,4.81
7.1,0.37,0.67,10.5,0.045,8.93291878611202,49,155,0.9975,3.16,0.44,8.7,5.12
7.9,0.21,0.4,1.2,0.039,10.9468141660428,38,107,0.992,3.21,0.54,10.8,5.83
8.5,0.21,0.41,4.3,0.036,10.5421260599102,24,99,0.9947,3.18,0.53,9.7,5.95
6.3,0.255,0.37,1.1,0.04,11.6407103627228,37,114,0.9905,3,0.39,10.9,5.92
5.6,0.16,0.27,1.4,0.044,7.97442128937611,53,168,0.9918,3.28,0.37,10.1,6.21
6.4,0.595,0.14,5.2,0.058,9.32311086215696,15,97,0.9951,3.38,0.36,9,4
6.3,0.34,0.33,4.6,0.034,9.90434128682191,19,80,0.9917,3.38,0.58,12,6.87
7.2,0.18,0.41,1.2,0.048,9.43547715766298,41,97,0.9919,3.14,0.45,10.4,4.91
8.2,0.23,0.4,7.5,0.049,9.0299880806811,12,76,0.9966,3.06,0.84,9.7,5.85
7.4,0.24,0.42,14,0.066,11.5362880259971,48,198,0.9979,2.89,0.42,8.9,5.89
7.4,0.24,0.42,14,0.066,11.3441193735097,48,198,0.9979,2.89,0.42,8.9,6.1
6.1,0.32,0.24,1.5,0.036,9.49401318886492,38,124,0.9898,3.29,0.42,12.4,6.94
5.2,0.44,0.04,1.4,0.036,9.44041038495875,43,119,0.9894,3.36,0.33,12.1,7.86
5.2,0.44,0.04,1.4,0.036,10.9951036798393,43,119,0.9894,3.36,0.33,12.1,8.19
6.1,0.32,0.24,1.5,0.036,9.20131839954119,38,124,0.9898,3.29,0.42,12.4,7.04
6.4,0.22,0.56,14.5,0.055,10.8580013006268,27,159,0.998,2.98,0.4,9.1,4.98
6.3,0.36,0.3,4.8,0.049,9.34161890388399,14,85,0.9932,3.28,0.39,10.6,5.11
7.4,0.24,0.42,14,0.066,7.85684754789472,48,198,0.9979,2.89,0.42,8.9,6.09
7,0.23,0.36,13,0.051,10.1562194515218,72,177,0.9972,3.16,0.49,9.8,5.22
8.4,0.27,0.46,8.7,0.048,11.7530522786421,39,197,0.9974,3.14,0.59,9.6,5.97
6.7,0.46,0.18,2.4,0.034,9.39882388371713,25,98,0.9896,3.08,0.44,12.6,6.86
7.5,0.29,0.31,8.95,0.055,9.30988532021967,20,151,0.9968,3.08,0.54,9.3,4.99
9.8,0.42,0.48,9.85,0.034,9.56293625829015,5,110,0.9958,2.87,0.29,10,5.02
7.1,0.3,0.46,1.5,0.066,10.8404171028547,29,133,0.9906,3.12,0.54,12.7,6.23
7.9,0.19,0.45,1.5,0.045,10.5791652582294,17,96,0.9917,3.13,0.39,11,6.01
7.6,0.48,0.37,0.8,0.037,9.9258475759008,4,100,0.9902,3.03,0.39,11.4,4.05
6.3,0.22,0.43,4.55,0.038,10.1009340933579,31,130,0.9918,3.35,0.33,11.5,6.99
7.5,0.27,0.31,17.7,0.051,10.5621860890938,33,173,0.999,3.09,0.64,10.2,4.97
6.9,0.23,0.4,7.5,0.04,9.85788315699251,50,151,0.9927,3.11,0.27,11.4,6
7.2,0.32,0.47,5.1,0.044,9.951080424848,19,65,0.991,3.03,0.41,12.6,4.08
5.9,0.23,0.3,12.9,0.054,11.0141562604187,57,170,0.9972,3.28,0.39,9.4,5.21
6,0.67,0.07,1.2,0.06,9.86178204428714,9,108,0.9931,3.11,0.35,8.7,4.1
6.4,0.25,0.32,5.5,0.049,9.73850646200655,41,176,0.995,3.19,0.68,9.2,6.12
7.1,0.34,0.15,1.2,0.053,10.5996514291591,61,183,0.9936,3.09,0.43,9.2,5.1
6.8,0.28,0.4,22,0.048,8.56839644032014,48,167,1.001,2.93,0.5,8.7,5.02
6.9,0.27,0.4,14,0.05,10.6964586806675,64,227,0.9979,3.18,0.58,9.6,5.85
6.8,0.26,0.56,11.9,0.043,10.4824154057285,64,226,0.997,3.02,0.63,9.3,5.05
6.8,0.29,0.56,11.9,0.043,10.6237737954192,66,230,0.9972,3.02,0.63,9.3,4.98
6.7,0.24,0.41,9.4,0.04,9.87639146944841,49,166,0.9954,3.12,0.61,9.9,6.15
5.9,0.3,0.23,4.2,0.038,10.5829814077189,42,119,0.9924,3.15,0.5,11,4.92
6.8,0.53,0.35,3.8,0.034,10.7741086693081,26,109,0.9906,3.26,0.57,12.7,7.96
6.5,0.28,0.28,8.5,0.047,9.62624430008537,54,210,0.9962,3.09,0.54,8.9,3.91
6.6,0.28,0.28,8.5,0.052,9.1527442327345,55,211,0.9962,3.09,0.55,8.9,5.98
6.8,0.28,0.4,22,0.048,11.5619953887134,48,167,1.001,2.93,0.5,8.7,5.04
6.8,0.28,0.36,8,0.045,9.4919314319298,28,123,0.9928,3.02,0.37,11.4,5.93
6.6,0.15,0.34,5.1,0.055,8.58457580821738,34,125,0.9942,3.36,0.42,9.6,5.08
6.4,0.29,0.44,3.6,0.2,9.75654405695387,75,181,0.9942,3.02,0.41,9.1,4.88
6.4,0.3,0.45,3.5,0.197,10.378297742806,76,180,0.9942,3.02,0.39,9.1,5.9
6.4,0.29,0.44,3.6,0.197,7.32149557822222,75,183,0.9942,3.01,0.38,9.1,5.14
6.8,0.26,0.24,7.8,0.052,10.0060641537156,54,214,0.9961,3.13,0.47,8.9,4.9
7.1,0.32,0.24,13.1,0.05,10.4481431065832,52,204,0.998,3.1,0.49,8.8,5.04
6.8,0.26,0.24,7.8,0.052,9.45640706796048,54,214,0.9961,3.13,0.47,8.9,4.96
7.1,0.32,0.24,13.1,0.05,9.6795616513285,52,204,0.998,3.1,0.49,8.8,5.17
6.9,0.54,0.32,13.2,0.05,10.2554206942607,53,236,0.9973,3.2,0.5,9.6,5.16
5.8,0.28,0.35,2.3,0.053,9.79257012121376,36,114,0.9924,3.28,0.5,10.2,3.77
6.4,0.21,0.5,11.6,0.042,10.747115373443,45,153,0.9972,3.15,0.43,8.8,5.25
7,0.16,0.32,8.3,0.045,8.4600996754926,38,126,0.9958,3.21,0.34,9.2,5.07
10.2,0.44,0.88,6.2,0.049,8.78299537893604,20,124,0.9968,2.99,0.51,9.9,4.05
6.8,0.57,0.29,2.2,0.04,10.9195712302188,15,77,0.9938,3.32,0.74,10.2,5
6.1,0.4,0.31,0.9,0.048,10.076336209891,23,170,0.993,3.22,0.77,9.5,6.05
6.8,0.18,0.38,1.4,0.038,9.28620241800002,35,111,0.9918,3.32,0.59,11.2,7.04
7,0.16,0.32,8.3,0.045,10.0337417976021,38,126,0.9958,3.21,0.34,9.2,4.96
6.7,0.13,0.29,5.3,0.051,10.4748549469761,31,122,0.9944,3.44,0.37,9.7,5.86
7.5,0.27,0.36,7,0.036,11.5488365774616,45,164,0.9939,3.03,0.33,11,4.97
5.8,0.26,0.24,9.2,0.044,12.1775525536302,55,152,0.9961,3.31,0.38,9.4,4.87
5.7,0.28,0.24,17.5,0.044,10.6405688179179,60,167,0.9989,3.31,0.44,9.4,5.06
7.2,0.685,0.21,9.5,0.07,9.45110013210728,33,172,0.9971,3,0.55,9.1,6
6.2,0.25,0.25,1.4,0.03,10.0645018385279,35,105,0.9912,3.3,0.44,11.1,6.94
6.3,0.495,0.22,1.8,0.046,9.32239625953533,31,140,0.9929,3.39,0.54,10.4,5.88
7.1,0.24,0.41,17.8,0.046,8.61578589285598,39,145,0.9998,3.32,0.39,8.7,5.18
7.1,0.25,0.32,10.3,0.041,8.59321482865079,66,272,0.9969,3.17,0.52,9.1,5.84
6.4,0.17,0.32,2.4,0.048,9.13704194682976,41,200,0.9938,3.5,0.5,9.7,6.02
7.1,0.24,0.41,17.8,0.046,7.50120379111932,39,145,0.9998,3.32,0.39,8.7,5.03
6.8,0.64,0.08,9.7,0.062,8.5425102482774,26,142,0.9972,3.37,0.46,8.9,3.9
8.3,0.28,0.4,7.8,0.041,10.9500159486971,38,194,0.9976,3.34,0.51,9.6,5.71
7.2,0.23,0.38,14.3,0.058,8.63254204506749,55,194,0.9979,3.09,0.44,9,6.06
7.2,0.23,0.38,14.3,0.058,8.30349225507373,55,194,0.9979,3.09,0.44,9,5.99
7.2,0.23,0.38,14.3,0.058,10.0060514542183,55,194,0.9979,3.09,0.44,9,5.99
7.2,0.23,0.38,14.3,0.058,9.36712410613955,55,194,0.9979,3.09,0.44,9,6.06
6.8,0.52,0.32,13.2,0.044,10.4796626997235,54,221,0.9972,3.27,0.5,9.6,5.88
7,0.26,0.59,1.4,0.037,10.1324114598762,40,120,0.9918,3.34,0.41,11.1,7.11
6.2,0.25,0.21,15.55,0.039,9.80567682248023,28,159,0.9982,3.48,0.64,9.6,6
7.3,0.32,0.23,13.7,0.05,12.3160519614828,49,197,0.9985,3.2,0.46,8.7,5.07
7.7,0.31,0.26,7.8,0.031,7.9039789972229,23,90,0.9944,3.13,0.5,10.4,5.1
7.1,0.21,0.37,2.4,0.026,9.51012842366145,23,100,0.9903,3.15,0.38,11.4,7.02
6.8,0.24,0.34,2.7,0.047,8.30150261277698,64.5,218.5,0.9934,3.3,0.58,9.7,5.91
6.8,0.21,0.27,2.1,0.03,9.49706084674492,26,139,0.99,3.16,0.61,12.6,6.95
5.8,0.2,0.27,1.4,0.031,9.71147922617608,12,77,0.9905,3.25,0.36,10.9,6.97
5.6,0.19,0.26,1.4,0.03,9.74696259681937,12,76,0.9905,3.25,0.37,10.9,6.98
6.1,0.41,0.14,10.4,0.037,8.58314246560177,18,119,0.996,3.38,0.45,10,5.1
5.9,0.21,0.28,4.6,0.053,7.72895676953439,40,199,0.9964,3.72,0.7,10,4.01
8.5,0.26,0.21,16.2,0.074,9.8064216849098,41,197,0.998,3.02,0.5,9.8,3.04
6.9,0.4,0.56,11.2,0.043,10.571102698026,40,142,0.9975,3.14,0.46,8.7,4.99
5.8,0.24,0.44,3.5,0.029,11.0502880421231,5,109,0.9913,3.53,0.43,11.7,2.98
5.8,0.24,0.39,1.5,0.054,11.6380408534176,37,158,0.9932,3.21,0.52,9.3,6.07
6.3,0.35,0.3,5.7,0.035,10.2254159686175,8,97,0.9927,3.27,0.41,11,6.76
6.3,0.35,0.3,5.7,0.035,10.7740439112764,8,97,0.9927,3.27,0.41,11,7.06
6.4,0.23,0.39,1.8,0.032,10.0046526136549,23,118,0.9912,3.32,0.5,11.8,6.04
5.8,0.36,0.38,0.9,0.037,10.3554355388888,3,75,0.9904,3.28,0.34,11.4,3.96
6.9,0.115,0.35,5.4,0.048,9.23282539072164,36,108,0.9939,3.32,0.42,10.2,6.1
6.9,0.29,0.4,19.45,0.043,9.15866539980562,36,156,0.9996,2.93,0.47,8.9,4.96
6.9,0.28,0.4,8.2,0.036,10.2967195584927,15,95,0.9944,3.17,0.33,10.2,4.97
7.2,0.29,0.4,13.6,0.045,9.98786608348392,66,231,0.9977,3.08,0.59,9.6,6.09
6.2,0.24,0.35,1.2,0.038,10.7072897707045,22,167,0.9912,3.1,0.48,10.6,6.17
6.9,0.29,0.4,19.45,0.043,10.0204367830702,36,156,0.9996,2.93,0.47,8.9,5.03
6.9,0.32,0.26,8.3,0.053,10.5981402653264,32,180,0.9965,3.25,0.51,9.2,5.96
5.3,0.58,0.07,6.9,0.043,9.8863021627054,34,149,0.9944,3.34,0.57,9.7,4.88
5.3,0.585,0.07,7.1,0.044,8.67771222271759,34,145,0.9945,3.34,0.57,9.7,5.97
5.4,0.59,0.07,7,0.045,9.79755254202299,36,147,0.9944,3.34,0.57,9.7,5.91
6.9,0.32,0.26,8.3,0.053,11.3938566042444,32,180,0.9965,3.25,0.51,9.2,5.97
5.2,0.6,0.07,7,0.044,10.7657214524075,33,147,0.9944,3.33,0.58,9.7,5.04
6.6,0.58,0.3,5.1,0.057,11.1166235575747,30,123,0.9949,3.24,0.38,9,5.26
7,0.29,0.54,10.7,0.046,9.5557281356351,59,234,0.9966,3.05,0.61,9.5,5.02
6.6,0.19,0.41,8.9,0.046,9.29579660111157,51,169,0.9954,3.14,0.57,9.8,6.11
7.7,0.26,0.4,1.1,0.042,9.59409386838296,9,60,0.9915,2.89,0.5,10.6,5.07
6.8,0.32,0.34,1.2,0.044,9.49743575912244,14,67,0.9919,3.05,0.47,10.6,3.87
7,0.3,0.49,4.7,0.036,9.97330662761674,17,105,0.9916,3.26,0.68,12.4,7.09
6.7,0.34,0.3,15.6,0.054,10.5847145141446,51,196,0.9982,3.19,0.49,9.3,4.93
7.3,0.32,0.25,7.2,0.056,9.57840916090552,47,180,0.9961,3.08,0.47,8.8,4.9
7.2,0.23,0.39,14.2,0.058,10.8038504797198,49,192,0.9979,2.98,0.48,9,7.09
7.2,0.23,0.39,14.2,0.058,9.76265861591056,49,192,0.9979,2.98,0.48,9,7.04
7.2,0.23,0.39,14.2,0.058,10.3757762376551,49,192,0.9979,2.98,0.48,9,7.1
7.2,0.23,0.39,14.2,0.058,8.90181034706574,49,192,0.9979,2.98,0.48,9,6.96
7.4,0.28,0.42,19.8,0.066,10.7620566193422,53,195,1,2.96,0.44,9.1,5.02
6.2,0.28,0.22,7.3,0.041,9.52038347689235,26,157,0.9957,3.44,0.64,9.8,6.86
6.3,0.33,0.27,1.2,0.046,9.78254755208207,34,175,0.9934,3.37,0.54,9.4,6.01
8.3,0.39,0.7,10.6,0.045,9.2083495015212,33,169,0.9976,3.09,0.57,9.4,5.08
7.2,0.19,0.46,3.8,0.041,10.2845771657289,82,187,0.9932,3.19,0.6,11.2,7.1
7.5,0.17,0.44,11.3,0.046,10.3043298910705,65,146,0.997,3.17,0.45,10,5.99
6.1,0.41,0,1.6,0.063,9.49872858657046,36,87,0.9914,3.27,0.67,10.8,6.09
8.3,0.2,0.35,0.9,0.05,10.2967492824496,12,74,0.992,3.13,0.38,10.5,5.9
6.1,0.41,0,1.6,0.063,10.4656052759494,36,87,0.9914,3.27,0.67,10.8,6.2
6,0.29,0.21,1.3,0.055,10.521593274084,42,168,0.9914,3.32,0.43,11.1,5.96
7.3,0.41,0.24,6.8,0.057,9.84084454388987,41,163,0.9949,3.2,0.41,9.9,6.17
7.3,0.41,0.24,6.8,0.057,11.0553434790755,41,163,0.9949,3.2,0.41,9.9,6.15
7.2,0.43,0.24,6.7,0.058,10.11531595029,40,163,0.995,3.2,0.41,9.9,5.01
7.3,0.4,0.24,6.7,0.058,8.492686767676,41,166,0.995,3.2,0.41,9.9,6.06
6.2,0.33,0.27,4.9,0.036,11.4695033783765,30,134,0.9927,3.2,0.42,10.4,6.9
6.2,0.31,0.26,4.8,0.037,10.8338023720205,36,148,0.9928,3.21,0.41,10.4,6.03
6.1,0.36,0.27,2.1,0.035,11.8714269095224,16,100,0.9917,3.4,0.71,11.5,7.1
5,0.55,0.14,8.3,0.032,9.59833020203376,35,164,0.9918,3.53,0.51,12.5,8.01
7.8,0.25,0.41,3.7,0.042,8.91317700829936,37,149,0.9954,3.36,0.45,10,5.95
5.7,0.36,0.21,6.7,0.038,10.1799680495717,51,166,0.9941,3.29,0.63,10,5.93
5.8,0.34,0.21,6.6,0.04,9.96414227875892,50,167,0.9941,3.29,0.62,10,5
6.8,0.28,0.6,1.1,0.132,10.6200440204651,42,127,0.9934,3.09,0.44,9.1,6.11
6.8,0.25,0.34,4.7,0.031,9.88563962578731,34,134,0.9927,3.21,0.38,10.6,5.95
5.9,0.3,0.47,7.85,0.03,11.7847495074896,19,133,0.9933,3.52,0.43,11.5,6.87
6.1,0.125,0.25,3.3,0.04,9.88011738157186,10,69,0.9934,3.54,0.59,10.1,6.05
6,0.1,0.24,1.1,0.041,9.64932230936476,15,65,0.9927,3.61,0.61,10.3,7.13
6.8,0.25,0.34,4.7,0.031,10.3194186412367,34,134,0.9927,3.21,0.38,10.6,6.08
8.3,0.41,0.51,2,0.046,10.1699153923769,11,207,0.993,3.02,0.55,11.4,5.05
7.5,0.27,0.31,5.8,0.057,10.7861504628371,131,313,0.9946,3.18,0.59,10.5,5.05
7.9,0.26,0.41,15.15,0.04,9.50918665946603,38,216,0.9976,2.96,0.6,10,5.96
6.4,0.34,0.23,6.3,0.039,10.5449963838564,37,143,0.9944,3.19,0.65,10,6.02
6.5,0.28,0.35,15.4,0.042,8.72408874307589,55,195,0.9978,3.23,0.5,9.6,5.91
7.2,0.21,0.41,1.3,0.036,8.4756181942281,33,85,0.992,3.17,0.51,10.4,5.07
6.4,0.32,0.35,4.8,0.03,10.2222250870213,34,101,0.9912,3.36,0.6,12.5,7.97
6.8,0.24,0.34,4.6,0.032,9.19804538894828,37,135,0.9927,3.2,0.39,10.6,4.84
6.3,0.23,0.3,1.8,0.033,8.39322398644508,16,91,0.9906,3.28,0.4,11.8,5.96
6.5,0.28,0.34,9.9,0.038,11.0348495286212,30,133,0.9954,3.11,0.44,9.8,5.14
5.6,0.26,0.26,5.7,0.031,10.7144329793743,12,80,0.9923,3.25,0.38,10.8,4.97
6.3,0.23,0.3,1.8,0.033,9.44657414188641,16,91,0.9906,3.28,0.4,11.8,6.07
6.3,0.23,0.33,1.5,0.036,11.1432791503537,15,105,0.991,3.32,0.42,11.2,6.09
5.9,0.26,0.4,1.3,0.047,10.7603286792054,12,139,0.9945,3.45,0.53,10.4,4.96
6.6,0.18,0.35,1.5,0.049,9.60785557085159,49,141,0.9934,3.43,0.85,10.2,6.95
7.4,0.2,0.43,7.8,0.045,10.5605162030265,27,153,0.9964,3.19,0.55,9,7.07
8,0.24,0.36,1.5,0.047,8.5246310454095,17,129,0.9948,3.2,0.54,10,5.89
6.4,0.26,0.42,9.7,0.044,9.62423801888395,30,140,0.9962,3.18,0.47,9.1,6.02
5.4,0.31,0.47,3,0.053,11.5894021162619,46,144,0.9931,3.29,0.76,10,4.97
5.4,0.29,0.47,3,0.052,8.84248446205402,47,145,0.993,3.29,0.75,10,5.77
5.6,0.34,0.1,1.3,0.031,11.6558140679818,20,68,0.9906,3.36,0.51,11.2,7.09
6.7,0.19,0.41,15.6,0.056,11.5988235086021,75,155,0.9995,3.2,0.44,8.8,5.98
7.8,0.18,0.46,13.6,0.052,8.87223367463497,38,118,0.998,3.15,0.5,10,6.08
7.6,0.17,0.45,11.2,0.054,9.58035258892622,56,137,0.997,3.15,0.47,10,5.19
6.3,0.12,0.36,2.1,0.044,10.50943739357,47,146,0.9914,3.27,0.74,11.4,7.15
7.3,0.33,0.4,6.85,0.038,10.0999214881291,32,138,0.992,3.03,0.3,11.9,7.07
5.5,0.335,0.3,2.5,0.071,10.1683603348301,27,128,0.9924,3.14,0.51,9.6,6.04
7.3,0.33,0.4,6.85,0.038,10.128114063082,32,138,0.992,3.03,0.3,11.9,6.98
5.8,0.4,0.42,4.4,0.047,11.134536979862,38.5,245,0.9937,3.25,0.57,9.6,6.16
7.3,0.22,0.37,14.3,0.063,10.711059797152,48,191,0.9978,2.89,0.38,9,5.88
6.1,0.36,0.33,1.1,0.05,10.0099629747374,24,169,0.9927,3.15,0.78,9.5,5.98
10,0.2,0.39,1.4,0.05,9.23303899787011,19,152,0.994,3,0.42,10.4,5.81
6.9,0.24,0.34,4.7,0.04,10.459729924963,43,161,0.9935,3.2,0.59,10.6,5.98
6.4,0.24,0.32,14.9,0.047,11.5166327868886,54,162,0.9968,3.28,0.5,10.2,5.74
7.1,0.365,0.14,1.2,0.055,8.44444649110037,24,84,0.9941,3.15,0.43,8.9,5.13
7.3,0.22,0.37,14.3,0.063,10.2269589769543,48,191,0.9978,2.89,0.38,9,5.96
6.8,0.16,0.4,2.3,0.037,9.62773617612414,18,102,0.9923,3.49,0.42,11.4,6.98
6,0.26,0.32,3.5,0.028,8.01071026642997,29,113,0.9912,3.4,0.71,12.3,7.06
6,0.18,0.27,1.5,0.089,8.83938011178482,40,143,0.9923,3.49,0.62,10.8,6.07
6.9,0.33,0.21,1,0.053,9.80386579572253,39,148,0.9927,3.12,0.45,9.4,6.06
7.1,0.39,0.35,12.5,0.044,9.97858104613162,26,72,0.9941,3.17,0.29,11.6,4.86
7.7,0.29,0.48,2.3,0.049,12.0960532842513,36,178,0.9931,3.17,0.64,10.6,6.03
6.6,0.905,0.19,0.8,0.048,10.3043489179247,17,204,0.9934,3.34,0.56,10,4.92
5.1,0.33,0.22,1.6,0.027,10.3851699599753,18,89,0.9893,3.51,0.38,12.5,6.88
7.3,0.2,0.44,1.4,0.045,9.36868690980151,21,98,0.9924,3.15,0.46,10,6.99
5.7,0.32,0.5,2.6,0.049,9.12612095766493,17,155,0.9927,3.22,0.64,10,5.98
6.4,0.31,0.28,1.5,0.037,10.6232690247731,12,119,0.9919,3.32,0.51,10.4,7.18
7.3,0.2,0.44,1.4,0.045,8.23759252276586,21,98,0.9924,3.15,0.46,10,7.08
7.2,0.28,0.26,12.5,0.046,10.2416322459289,48,179,0.9975,3.1,0.52,9,6.11
7.5,0.35,0.28,9.6,0.051,10.7601790440403,26,157,0.9969,3.12,0.53,9.2,5.91
7.2,0.27,0.27,2.4,0.048,8.90495077534012,30,149,0.9936,3.1,0.51,9.2,6.02
5.1,0.33,0.22,1.6,0.027,8.82570698199146,18,89,0.9893,3.51,0.38,12.5,6.99
7,0.3,0.38,14.9,0.032,9.28729704398837,60,181,0.9983,3.18,0.61,9.3,6.92
7,0.3,0.38,14.9,0.032,11.6101424927678,60,181,0.9983,3.18,0.61,9.3,7.13
6.5,0.36,0.32,1.1,0.031,10.4492373436046,13,66,0.9916,3.1,0.46,10.6,5.06
6.1,0.55,0.15,9.8,0.031,10.4134773811712,19,125,0.9957,3.36,0.47,10.2,6.11
7.3,0.24,0.43,2,0.021,8.68429344437688,20,69,0.99,3.08,0.56,12.2,6.03
6.8,0.37,0.51,11.8,0.044,8.64072235593381,62,163,0.9976,3.19,0.44,8.8,4.99
6.8,0.27,0.12,1.3,0.04,10.6113939840107,87,168,0.992,3.18,0.41,10,4.91
8.2,0.28,0.42,1.8,0.031,10.0923997363472,30,93,0.9917,3.09,0.39,11.4,5.16
6.3,0.2,0.4,1.5,0.037,9.47247264305772,35,107,0.9917,3.46,0.5,11.4,6
5.9,0.26,0.27,18.2,0.048,9.26690408796879,52,168,0.9993,3.35,0.44,9.4,4.93
6.4,0.19,0.42,2.9,0.032,9.96230954655165,32,83,0.9908,3.3,0.41,11.7,6.09
6.3,0.2,0.4,1.5,0.037,11.5668370865591,35,107,0.9917,3.46,0.5,11.4,6.11
6.8,0.37,0.51,11.8,0.044,9.82017665900996,62,163,0.9976,3.19,0.44,8.8,5.19
7.1,0.27,0.31,18.2,0.046,10.3057764168081,55,252,1,3.07,0.56,8.7,4.96
6.8,0.22,0.31,6.3,0.035,13.1644014018609,33,170,0.9918,3.24,0.66,12.6,5.96
6.8,0.27,0.12,1.3,0.04,10.5164262223488,87,168,0.992,3.18,0.41,10,4.96
6.9,0.49,0.24,1.2,0.049,11.5364146855658,13,125,0.9932,3.17,0.51,9.4,4.97
6.3,0.14,0.39,1.2,0.044,10.966346225917,26,116,0.992,3.26,0.53,10.3,6.14
8.2,0.28,0.42,1.8,0.031,9.74017526709339,30,93,0.9917,3.09,0.39,11.4,4.93
7.2,0.25,0.39,18.95,0.038,10.8168127197867,42,155,0.9999,2.97,0.47,9,5.96
7.3,0.28,0.36,12.7,0.04,10.976613701437,38,140,0.998,3.3,0.79,9.6,6.07
7.2,0.19,0.39,1.2,0.036,9.65961153890555,32,85,0.9918,3.16,0.5,10.5,5.11
7.2,0.19,0.39,1.2,0.036,9.37297156285515,32,85,0.9918,3.16,0.5,10.5,4.92
7.2,0.25,0.39,18.95,0.038,9.00074425274578,42,155,0.9999,2.97,0.47,9,5.95
7.3,0.28,0.36,12.7,0.04,10.2157956318392,38,140,0.998,3.3,0.79,9.6,6.05
6.8,0.26,0.22,7.7,0.047,10.1098353388559,57,210,0.9959,3.1,0.47,9,4.97
7.4,0.21,0.27,1.2,0.041,11.658657698798,27,99,0.9927,3.19,0.33,9.8,5.86
7.4,0.31,0.28,1.6,0.05,10.1522766019012,33,137,0.9929,3.31,0.56,10.5,6.17
7,0.21,0.28,8.7,0.045,10.2577646327293,37,222,0.9954,3.25,0.54,10.4,5.93
7,0.21,0.28,8.6,0.045,10.7000604896065,37,221,0.9954,3.25,0.54,10.4,5.99
7,0.21,0.28,8.6,0.045,9.47652923541269,37,221,0.9954,3.25,0.54,10.4,5.82
6.9,0.23,0.38,8.3,0.047,11.1533188338411,47,162,0.9954,3.34,0.52,10.5,7.06
7,0.21,0.28,8.7,0.045,9.99965066930574,37,222,0.9954,3.25,0.54,10.4,6.16
7,0.21,0.28,8.6,0.045,10.7785492903915,37,221,0.9954,3.25,0.54,10.4,5.84
6.8,0.29,0.5,13.3,0.053,10.4318767521732,48,194,0.9974,3.09,0.45,9.4,4.92
7.8,0.21,0.27,1.2,0.051,11.7221867597151,20,89,0.9936,3.06,0.46,9.1,4.94
7.1,0.31,0.47,13.6,0.056,10.919820681602,54,197,0.9978,3.1,0.49,9.3,4.93
6.4,0.34,0.1,1.1,0.048,9.73525153483823,19,84,0.9927,3.21,0.38,9.8,5.05
7.4,0.155,0.34,2.3,0.045,9.69750054399436,73.5,214,0.9934,3.18,0.61,9.9,6.85
7.2,0.55,0.09,1.5,0.108,11.3056548464954,16,151,0.9938,3.07,0.57,9.2,4
7,0.23,0.36,7.1,0.028,10.2301103884233,31,104,0.9922,3.35,0.47,12.1,8.06
6.9,0.2,0.37,6.2,0.027,10.9435667627943,24,97,0.992,3.38,0.49,12.2,6.98
6.1,0.28,0.32,2.5,0.042,8.69779222017402,23,218.5,0.9935,3.27,0.6,9.8,5.09
6.6,0.16,0.32,1.4,0.035,12.8467046310642,49,186,0.9906,3.35,0.64,12.4,8
7.4,0.155,0.34,2.3,0.045,11.13793233904,73.5,214,0.9934,3.18,0.61,9.9,6.94
6.2,0.35,0.04,1.2,0.06,11.3821589591215,23,108,0.9934,3.26,0.54,9.2,5.06
6.1,0.38,0.2,6.6,0.033,11.3189133804544,25,137,0.9938,3.3,0.69,10.4,6.18
6,0.25,0.28,2.2,0.026,10.9230093570744,54,126,0.9898,3.43,0.65,12.9,8
6.6,0.52,0.44,12.2,0.048,10.9814446160882,54,245,0.9975,3.26,0.54,9.3,6.09
6.9,0.24,0.36,20.8,0.031,10.3033015326493,40,139,0.9975,3.2,0.33,11,6.02
7.1,0.32,0.32,11,0.038,9.07089699453887,16,66,0.9937,3.24,0.4,11.5,2.7
5.8,0.28,0.27,2.6,0.054,11.3499619531024,30,156,0.9914,3.53,0.42,12.4,4.86
6.5,0.41,0.24,14,0.048,10.9761605186158,24,113,0.9982,3.44,0.53,9.8,5.96
6.4,0.28,0.29,1.6,0.052,11.3962362517741,34,127,0.9929,3.48,0.56,10.5,6.77
6.1,0.2,0.25,1.2,0.038,10.3521258316023,34,128,0.9921,3.24,0.44,10.1,4.94
5.9,0.46,0.14,2.7,0.042,10.7074979992769,27,160,0.9931,3.46,0.51,10.6,6.92
6,0.27,0.27,1.6,0.046,10.2031681510505,32,113,0.9924,3.41,0.51,10.5,6.84
6.4,0.41,0.24,14,0.048,11.1157189352937,24,113,0.9982,3.44,0.53,9.8,6.01
6.3,0.23,0.31,1.5,0.022,8.72846216390782,11,82,0.9892,3.3,0.4,12.9,7.05
7.1,0.21,0.27,8.6,0.056,9.76914000566572,26,111,0.9956,2.95,0.52,9.5,4.79
6,0.37,0.32,1,0.053,11.9973984409601,31,218.5,0.9924,3.29,0.72,9.8,5.9
7.1,0.21,0.27,8.6,0.056,8.05176462850438,26,111,0.9956,2.95,0.52,9.5,4.95
6.8,0.32,0.21,2.2,0.044,8.31147335313687,15,68,0.9932,3.17,0.39,9.4,6.06
6.3,0.21,0.58,10,0.081,8.95280301067387,34,126,0.9962,2.95,0.46,8.9,5.03
7,0.14,0.32,9,0.039,9.65041944882843,54,141,0.9956,3.22,0.43,9.4,5.93
6.8,0.32,0.21,2.2,0.044,10.3293631630869,15,68,0.9932,3.17,0.39,9.4,6.06
7.2,0.29,0.53,18.15,0.047,11.5688406000428,59,182,0.9992,3.09,0.52,9.6,5.11
8.6,0.37,0.7,12.15,0.039,10.3235635832448,21,158,0.9983,3,0.73,9.3,5.92
6.5,0.38,0.34,3.4,0.036,9.65609290865444,34,200,0.9937,3.14,0.76,10,4.84
6.6,0.24,0.29,2,0.023,10.2051090848304,19,86,0.99,3.25,0.45,12.5,5.99
7,0.17,0.31,4.8,0.034,9.43441685773266,34,132,0.9944,3.36,0.48,9.6,7.04
5.5,0.16,0.22,4.5,0.03,12.0165320468897,30,102,0.9938,3.24,0.36,9.4,6.14
7,0.24,0.51,11,0.029,10.8556731241818,55,227,0.9965,3.03,0.61,9.5,4.87
7.4,0.28,0.36,1.1,0.028,10.4733847542007,42,105,0.9893,2.99,0.39,12.4,7.04
7,0.22,0.28,1.5,0.037,10.2295662013074,29,115,0.9927,3.11,0.55,10.5,6.02
7.1,0.55,0.13,1.7,0.073,9.88353287937515,21,165,0.994,2.97,0.58,9.2,6.12
6.3,0.22,0.33,1.7,0.041,10.1764104789943,67,164,0.9928,3.32,0.56,10.4,6
6.7,0.47,0.34,8.9,0.043,9.20202357367091,31,172,0.9964,3.22,0.6,9.2,4.96
5.9,0.36,0.41,1.3,0.047,11.538861576883,45,104,0.9917,3.33,0.51,10.6,5.89
6.7,0.47,0.34,8.9,0.043,10.2700181197215,31,172,0.9964,3.22,0.6,9.2,4.96
6.2,0.37,0.3,6.6,0.346,9.92888022643161,79,200,0.9954,3.29,0.58,9.6,5.24
6.2,0.18,0.38,1.5,0.028,9.38310386747329,36,117,0.993,3.47,0.54,9.7,6.24
6,0.16,0.37,1.5,0.025,12.0064613960823,43,117,0.9928,3.46,0.51,9.7,5.98
6.6,0.34,0.28,1.3,0.035,11.312181194008,32,90,0.9916,3.1,0.42,10.7,5.9
7.4,0.29,0.29,1.6,0.045,8.51182437049614,53,180,0.9936,3.34,0.68,10.5,5.8
7.4,0.26,0.31,7.6,0.047,10.4886935526085,52,177,0.9962,3.13,0.45,8.9,6.05
7,0.28,0.36,1,0.035,10.8609304266596,8,70,0.9899,3.09,0.46,12.1,5.89
7.1,0.23,0.39,1.6,0.032,10.4917428646692,12,65,0.9898,3.25,0.4,12.7,7.23
7.8,0.19,0.26,8.9,0.039,9.98958566086582,42,182,0.996,3.18,0.46,9.9,5.91
6.8,0.2,0.38,4.7,0.04,9.38996891770015,27,103,0.994,3.37,0.58,10.7,6.38
5.7,0.44,0.13,7,0.025,10.335824923226,28,173,0.9913,3.33,0.48,12.5,5.89
7.2,0.4,0.62,10.8,0.041,8.62832031215994,70,189,0.9976,3.08,0.49,8.6,4.03
6.8,0.23,0.32,1.6,0.026,10.4519671332324,43,147,0.9904,3.29,0.54,12.5,5.89
5.7,0.335,0.34,1,0.04,9.17241574100065,13,174,0.992,3.27,0.66,10,5.03
7.2,0.4,0.62,10.8,0.041,10.4828731173945,70,189,0.9976,3.08,0.49,8.6,3.91
6.8,0.19,0.58,14.2,0.038,9.26405986956948,51,164,0.9975,3.12,0.48,9.6,5.97
6.4,0.3,0.3,2.25,0.038,9.1691703230323,8,210,0.9937,3.2,0.62,9.9,5.88
7.8,0.18,0.31,12.2,0.053,9.09734516835726,46,140,0.998,3.06,0.53,8.9,6.1
7.8,0.18,0.31,12.2,0.053,11.3683968045065,46,140,0.998,3.06,0.53,8.9,6.16
7.3,0.51,0.26,3.3,0.09,8.55700945032187,7,135,0.9944,3.01,0.52,8.8,4.86
6,0.24,0.27,1.9,0.048,10.6635523693231,40,170,0.9938,3.64,0.54,10,6.98
5.9,0.62,0.28,3.5,0.039,10.5967434611105,55,152,0.9907,3.44,0.44,12,6.12
6,0.24,0.27,1.9,0.048,11.7615465094905,40,170,0.9938,3.64,0.54,10,6.89
6.7,0.27,0.12,1.3,0.041,11.8003552297382,62,138,0.9921,3.21,0.42,10,5.75
7.8,0.34,0.35,1.8,0.042,8.475778845461,8,167,0.9908,3.11,0.41,12.1,5.91
7.3,0.26,0.36,5.2,0.04,9.4643404040921,31,141,0.9931,3.16,0.59,11,5.9
7.8,0.28,0.32,9,0.036,12.0179632506462,34,115,0.9952,3.17,0.39,10.3,6.96
6.1,0.31,0.26,2.2,0.051,9.08740881330483,28,167,0.9926,3.37,0.47,10.4,6.02
6.8,0.18,0.37,1.6,0.055,11.3133275386381,47,154,0.9934,3.08,0.45,9.1,4.96
5.9,0.13,0.28,1.9,0.05,11.2174433641431,20,78,0.9918,3.43,0.64,10.8,5.96
7.2,0.34,0.34,12.6,0.048,11.0577425878182,7,41,0.9942,3.19,0.4,11.7,5.12
7.9,0.19,0.26,2.1,0.039,8.63393502354072,8,143,0.9942,3.05,0.74,9.8,4.93
7.9,0.19,0.26,2.1,0.039,11.3871073162041,8,143,0.9942,3.05,0.74,9.8,5.03
6.9,0.25,0.4,1.3,0.038,10.332806944476,22,101,0.9901,3.03,0.39,11.4,5.91
5.6,0.35,0.37,1,0.038,10.8621190879285,6,72,0.9902,3.37,0.34,11.4,5
5.2,0.36,0.02,1.6,0.031,8.65501491118213,24,104,0.9896,3.44,0.35,12.2,6.07
5.6,0.19,0.47,4.5,0.03,12.0069008275495,19,112,0.9922,3.56,0.45,11.2,6.01
6.4,0.1,0.35,4.9,0.048,10.7825470719563,31,103,0.9947,3.43,0.79,9.7,5.88
6.4,0.18,0.48,4,0.186,9.25768427648621,64,150,0.9945,3.06,0.4,9.3,5.12
7.4,0.25,0.36,13.2,0.067,12.3136021975719,53,178,0.9976,3.01,0.48,9,5.95
7.9,0.345,0.51,15.3,0.047,12.5354773197578,54,171,0.9987,3.09,0.51,9.1,4.92
7.9,0.345,0.51,15.3,0.047,10.2205346736223,54,171,0.9987,3.09,0.51,9.1,5.03
6.1,0.24,0.3,1.5,0.045,8.56632923577045,22,61,0.992,3.31,0.54,10.4,5.06
6.8,0.25,0.24,4.55,0.053,8.92006232408223,41,211,0.9955,3.37,0.67,9.5,5.97
6.7,0.31,0.31,9.9,0.04,10.9198549414687,10,175,0.9953,3.46,0.55,11.4,3.96
7.2,0.46,0.65,10.4,0.05,11.0766846319505,76,192,0.9976,3.16,0.42,8.7,5.04
5.5,0.35,0.35,1.1,0.045,9.7351925875853,14,167,0.992,3.34,0.68,9.9,6.05
6.7,0.24,0.41,8.7,0.036,11.1268041096802,29,148,0.9952,3.22,0.62,9.9,6
6.8,0.28,0.17,13.9,0.047,10.0144029968615,49,162,0.9983,3.21,0.51,9,6.13
6.4,0.16,0.22,1.4,0.04,10.0868839435855,41,149,0.9933,3.49,0.58,10,5.99
6.3,0.26,0.24,7.2,0.039,11.9009908703787,38,172,0.9958,3.49,0.64,9.7,5.93
7.7,0.22,0.42,1.9,0.052,8.70204750227645,10,87,0.9922,3.3,0.49,11.8,6.05
6.5,0.18,0.31,1.7,0.044,8.1958707895245,30,127,0.9928,3.49,0.5,10.2,6.78
7,0.3,0.51,13.6,0.05,11.2943854844526,40,168,0.9976,3.07,0.52,9.6,7.05
9.2,0.25,0.34,1.2,0.026,9.41646866441491,31,93,0.9916,2.93,0.37,11.3,6.98
7.8,0.28,0.34,1.6,0.028,7.99041946012035,32,118,0.9901,3,0.38,12.1,6.89
7,0.3,0.51,13.6,0.05,11.7229046803519,40,168,0.9976,3.07,0.52,9.6,6.96
7.8,0.28,0.34,1.6,0.028,9.79818208603117,32,118,0.9901,3,0.38,12.1,7.15
9.2,0.25,0.34,1.2,0.026,9.03787689182955,31,93,0.9916,2.93,0.37,11.3,6.93
8.4,0.35,0.71,12.2,0.046,11.6091883864128,22,160,0.9982,2.98,0.65,9.4,4.77
6.1,0.41,0.24,1.6,0.049,8.1659541320064,16,137,0.993,3.32,0.5,10.4,6.08
5.9,0.21,0.24,12.1,0.044,9.11811379700021,53,165,0.9969,3.25,0.39,9.5,4.95
7.2,0.34,0.44,4.2,0.047,9.9348224870945,51,144,0.991,3.01,0.76,12.3,5.95
6.7,0.21,0.42,9.1,0.049,10.9370331935084,31,150,0.9953,3.12,0.74,9.9,6.88
7.7,0.34,0.27,8.8,0.063,12.2446496277594,39,184,0.9969,3.09,0.63,9.2,6.07
7.4,0.3,0.22,1.4,0.046,10.5446641459178,16,135,0.9928,3.08,0.77,10.4,6.94
6.8,0.51,0.3,4.2,0.066,8.31948253259168,38,165,0.9945,3.2,0.42,9.1,4.94
7.8,0.22,0.38,10.3,0.059,10.3243707269288,28,99,0.9967,3.12,0.47,10,6.11
6,0.26,0.5,2.2,0.048,9.9884933782707,59,153,0.9928,3.08,0.61,9.8,4.98
6.1,0.26,0.51,2.2,0.05,11.1590828023968,61,154,0.9929,3.08,0.6,9.8,5.94
6.5,0.28,0.27,5.2,0.04,9.46198716581105,44,179,0.9948,3.19,0.69,9.4,6.09
7.4,0.41,0.66,10.8,0.051,9.15360780303899,77,194,0.9976,3.05,0.46,8.7,4.9
6.5,0.28,0.29,2.7,0.038,9.92131719274276,26,107,0.9912,3.32,0.41,11.6,7.08
6.7,0.34,0.54,16.3,0.047,10.0995424398287,44,181,0.9987,3.04,0.56,8.8,5.08
7.2,0.2,0.34,2.7,0.032,11.2591928690008,49,151,0.99,3.16,0.39,12.7,6.95
7.4,0.2,0.33,1.9,0.035,9.80292887857537,39,138,0.991,3.17,0.44,11.7,7.08
8.2,0.22,0.3,1.8,0.047,10.649963974025,47,185,0.9933,3.13,0.5,10.2,6.1
7.1,0.22,0.33,2.8,0.033,12.2310011990002,48,153,0.9899,3.15,0.38,12.7,7.2
6.5,0.28,0.29,2.7,0.038,9.2130742566473,26,107,0.9912,3.32,0.41,11.6,6.8
6,0.38,0.26,6,0.034,10.3141600186919,42,134,0.9912,3.38,0.38,12.3,6.88
7.4,0.41,0.66,10.8,0.051,9.4827477484098,77,194,0.9976,3.05,0.46,8.7,4.86
7.3,0.3,0.22,6.4,0.056,12.2142986133866,44,168,0.9947,3.13,0.35,10.1,6.16
7.4,0.24,0.22,10.7,0.042,9.98202102769563,26,81,0.9954,2.86,0.36,9.7,6.17
7.4,0.24,0.22,10.7,0.042,10.0089952565173,26,81,0.9954,2.86,0.36,9.7,6.09
7.4,0.26,0.3,7.9,0.049,10.0110962220986,38,157,0.9963,3.13,0.48,8.9,5.99
6.1,0.32,0.25,1.7,0.034,10.2255766875358,37,136,0.992,3.47,0.5,10.8,7.05
6.9,0.28,0.27,2.1,0.036,9.86801246418939,42,121,0.9926,3.42,0.49,10.8,7.04
7,0.23,0.33,5.8,0.04,10.3736331177858,25,136,0.995,3.19,0.58,9.5,5.92
7.1,0.31,0.5,14.5,0.059,8.43852647910641,6,148,0.9983,2.94,0.44,9.1,4.97
6.9,0.41,0.33,10.1,0.043,10.0529431203156,28,152,0.9968,3.2,0.52,9.4,5.14
6.4,0.45,0.07,1.1,0.03,10.8631715638102,10,131,0.9905,2.97,0.28,10.8,4.9
6.4,0.475,0.06,1,0.03,10.2997280049199,9,131,0.9904,2.97,0.29,10.8,4.79
6.3,0.27,0.38,0.9,0.051,9.84544876390323,7,140,0.9926,3.45,0.5,10.5,7.08
6.9,0.41,0.33,10.1,0.043,11.7252050439286,28,152,0.9968,3.2,0.52,9.4,4.92
7,0.29,0.37,4.9,0.034,9.09008912970492,26,127,0.9928,3.17,0.44,10.8,5.96
5.9,0.27,0.29,11.4,0.036,8.40867946773329,31,115,0.9949,3.35,0.48,10.5,8.09
6.9,0.19,0.4,1.4,0.036,10.1699749163198,14,55,0.9909,3.08,0.68,11.5,6.92
6.7,0.3,0.35,1.4,0.18,10.2058393521314,36,160,0.9937,3.11,0.54,9.4,5.97
6.4,0.45,0.07,1.1,0.03,12.2619045863806,10,131,0.9905,2.97,0.28,10.8,5.05
6.3,0.26,0.49,1.5,0.052,9.35854934483628,34,134,0.9924,2.99,0.61,9.8,5.99
7.3,0.25,0.29,7.5,0.049,9.81308008357164,38,158,0.9965,3.43,0.38,9.6,4.85
7.3,0.25,0.29,7.5,0.049,10.9301274356938,38,158,0.9965,3.43,0.38,9.6,4.98
6.1,0.28,0.25,17.75,0.044,10.4314031522944,48,161,0.9993,3.34,0.48,9.5,5.2
7.4,0.37,0.35,5.7,0.061,9.60520254056055,12,94,0.9965,3.48,0.69,10.7,6.02
6.5,0.36,0.28,3.2,0.037,11.1055835879359,29,119,0.9908,3.25,0.65,12.4,8.02
7.4,0.24,0.4,4.3,0.032,8.98995407055538,9,95,0.992,3.09,0.39,11.1,6.03
7.5,0.23,0.68,11,0.047,9.55791252171879,37,133,0.9978,2.99,0.38,8.8,4.96
7.5,0.21,0.68,10.9,0.045,9.78219446878018,38,133,0.9978,3,0.36,8.7,4.86
7.5,0.21,0.68,10.9,0.045,9.33160907327383,38,133,0.9978,3,0.36,8.7,5.27
7.5,0.23,0.68,11,0.047,9.3480809739764,37,133,0.9978,2.99,0.38,8.8,4.96
7.8,0.32,0.33,2.4,0.037,11.1022204796365,18,101,0.9912,3.21,0.65,11.7,6.97
7.8,0.26,0.27,1.9,0.051,8.36286426871962,52,195,0.9928,3.23,0.5,10.9,5.82
7.7,0.24,0.27,1.8,0.051,9.60836964445309,52,190,0.9928,3.23,0.5,10.8,5.98
7.4,0.19,0.3,1.4,0.057,10.806742621326,33,135,0.993,3.12,0.5,9.6,5.98
6.5,0.46,0.41,16.8,0.084,11.2410424356756,59,222,0.9993,3.18,0.58,9,4.97
6.5,0.26,0.43,8.9,0.083,9.13624260998715,50,171,0.9965,2.85,0.5,9,4.82
5.3,0.32,0.12,6.6,0.043,8.82652868910184,22,141,0.9937,3.36,0.6,10.4,6.18
6,0.36,0.06,1.4,0.066,11.0671176496725,27,128,0.9934,3.26,0.55,9.3,5.07
6.2,0.24,0.29,13.3,0.039,10.5986962068706,49,130,0.9952,3.33,0.46,11,7.89
7.6,0.56,0.12,10.4,0.096,9.19218163804398,22,177,0.9983,3.32,0.45,9.1,4.07
7,0.32,0.24,6.2,0.048,9.80051042953723,31,228,0.9957,3.23,0.62,9.4,5.98
7,0.32,0.24,6.2,0.048,11.0034233878576,31,228,0.9957,3.23,0.62,9.4,5.97
5.8,0.31,0.33,1.2,0.036,10.7469208464529,23,99,0.9916,3.18,0.6,10.5,6.14
7,0.23,0.42,18.05,0.05,10.1310834200471,35,144,0.9999,3.22,0.42,8.8,4.88
7,0.23,0.42,18.05,0.05,10.8271097471422,35,144,0.9999,3.22,0.42,8.8,4.95
6.9,0.24,0.33,4.8,0.04,10.6108107576263,16,131,0.9936,3.26,0.64,10.7,5.93
6,0.29,0.2,12.6,0.045,11.0660584875642,45,187,0.9972,3.33,0.42,9.5,5
6.1,0.17,0.28,4.5,0.033,9.17708881898826,46,150,0.9933,3.43,0.49,10.9,5.84
5.9,0.14,0.25,4.5,0.027,10.0270470783306,34,140,0.9934,3.49,0.51,10.8,5.93
6.2,0.17,0.28,4.7,0.037,10.8767358188009,39,133,0.9931,3.41,0.46,10.8,7.07
7.4,0.28,0.25,11.9,0.053,10.1731415368245,25,148,0.9976,3.1,0.62,9.2,5.05
5.6,0.35,0.14,5,0.046,8.77895559803078,48,198,0.9937,3.3,0.71,10.3,4.9
5.8,0.335,0.14,5.8,0.046,10.4212194359742,49,197,0.9937,3.3,0.71,10.3,5.06
5.6,0.235,0.29,1.2,0.047,11.0264421745991,33,127,0.991,3.34,0.5,11,6.76
6.1,0.28,0.25,12.9,0.054,8.0894089348906,34,189,0.9979,3.25,0.43,9,3.97
6.3,0.21,0.33,13.9,0.046,10.3539504956477,68,179,0.9971,3.36,0.5,10.4,6.07
6.4,0.24,0.28,11.5,0.05,10.8718673748383,34,163,0.9969,3.31,0.45,9.5,4.93
6.4,0.24,0.29,11.4,0.051,11.0057506935836,32,166,0.9968,3.31,0.45,9.5,5
6.3,0.26,0.25,7.8,0.058,10.4801497642268,44,166,0.9961,3.24,0.41,9,4.84
6.5,0.33,0.72,1.1,0.061,10.8850246229744,7,151,0.993,3.09,0.57,9.5,4.08
6,0.32,0.12,5.9,0.041,10.571085041284,34,190,0.9944,3.16,0.72,10,4.97
7.1,0.26,0.34,14.4,0.067,9.39063182577597,35,189,0.9986,3.07,0.53,9.1,6.97
7.1,0.26,0.34,14.4,0.067,10.3942519628033,35,189,0.9986,3.07,0.53,9.1,7.01
7.1,0.26,0.34,14.4,0.067,9.75534379681286,35,189,0.9986,3.07,0.53,9.1,6.92
7.1,0.26,0.34,14.4,0.067,10.4900813574869,35,189,0.9986,3.07,0.53,9.1,7.18
5.9,0.24,0.26,12.3,0.053,9.91015939424518,34,134,0.9972,3.34,0.45,9.5,5.86
6.5,0.21,0.37,2.5,0.048,9.52046888353189,70,138,0.9917,3.33,0.75,11.4,7.03
7.7,0.27,0.35,5.3,0.03,8.31337995734943,30,117,0.992,3.11,0.42,12.2,5.71
9,0.27,0.35,4.9,0.028,9.50141431612392,27,95,0.9932,3.04,0.4,11.3,6
7.3,0.34,0.21,3.2,0.05,10.6185451646774,14,136,0.9936,3.25,0.44,10.2,5.05
6.6,0.27,0.25,3.1,0.052,10.5685231361512,41,188,0.9915,3.24,0.4,11.3,4.89
6.8,0.25,0.34,14,0.032,11.1931507844456,47,133,0.9952,3.37,0.5,12.2,7.1
7,0.57,0.1,8.3,0.094,11.2221969454724,23,188,0.9972,3.4,0.47,9.2,3.92
7.1,0.28,0.26,1.9,0.049,9.68397387075478,12,86,0.9934,3.15,0.38,9.4,4.9
7.1,0.17,0.38,7.4,0.052,8.66234909422132,49,182,0.9958,3.35,0.52,9.6,5.82
7.8,0.28,0.22,1.4,0.056,9.23904650105686,24,130,0.9944,3.28,0.48,9.5,4.97
6.8,0.22,0.37,1.7,0.036,7.70242270874051,38,195,0.9908,3.35,0.72,12.5,5.87
7.1,0.17,0.38,7.4,0.052,9.5736791001711,49,182,0.9958,3.35,0.52,9.6,6.07
6.1,0.14,0.25,1.3,0.047,11.4067502117825,37,173,0.9925,3.35,0.46,10,6.01
6.4,0.24,0.5,11.6,0.047,8.53309840417419,60,211,0.9966,3.18,0.57,9.3,5.22
7.8,0.42,0.26,9.2,0.058,10.471702178952,34,199,0.9972,3.14,0.55,9.3,5.88
6.6,0.28,0.36,1.7,0.038,10.443627660149,22,101,0.9912,3.29,0.57,11.6,6.12
7.1,0.32,0.34,14.5,0.039,9.40494832571582,46,150,0.995,3.38,0.5,12.5,7.95
6.7,0.31,0.3,2.1,0.038,8.20190669754858,18,130,0.9928,3.36,0.63,10.6,5.85
6.4,0.32,0.5,10.7,0.047,10.2396756583775,57,206,0.9968,3.08,0.6,9.4,5.06
6.1,0.28,0.25,6.9,0.056,10.4741684405492,44,201,0.9955,3.19,0.4,9.1,5.86
5.9,0.29,0.25,12,0.057,10.6887739601074,48,224,0.9981,3.23,0.41,9,5.89
5.8,0.32,0.38,4.75,0.033,8.9383613176986,23,94,0.991,3.42,0.42,11.8,6.93
5.8,0.32,0.38,4.75,0.033,9.46439355339185,23,94,0.991,3.42,0.42,11.8,7.02
5.7,0.32,0.38,4.75,0.033,8.70365984415909,23,94,0.991,3.42,0.42,11.8,6.9
6.7,0.28,0.14,1.4,0.043,8.46112683427105,64,159,0.992,3.17,0.39,10,5.11
6.8,0.34,0.69,1.3,0.058,9.35920617797368,12,171,0.9931,3.06,0.47,9.7,4.88
5.9,0.25,0.25,11.3,0.052,10.6573654321951,30,165,0.997,3.24,0.44,9.5,6.02
6.4,0.27,0.32,4.5,0.24,10.9259396885841,61,174,0.9948,3.12,0.48,9.4,5.01
8.1,0.46,0.31,1.7,0.052,11.5080498678331,50,183,0.9923,3.03,0.42,11.2,4.89
6.2,0.36,0.26,13.2,0.051,12.5820794336215,54,201,0.9976,3.25,0.46,9,4.96
6.8,0.22,0.35,5.5,0.043,10.4102114769019,21,114,0.9938,3.3,0.53,10.7,6.93
6.8,0.67,0.3,13,0.29,10.7838551132039,22,193,0.9984,3.08,0.67,9,4.1
7.2,0.28,0.3,10.7,0.044,8.11881184392138,61,222,0.9972,3.14,0.5,9.1,6.16
6.1,0.36,0.16,6.4,0.037,9.07496068410296,36,198,0.9944,3.17,0.62,9.9,5.99
6,0.36,0.16,6.3,0.036,9.51687991836986,36,191,0.9942,3.17,0.62,9.8,4.8
5.9,0.37,0.14,6.3,0.036,10.5045623169504,34,185,0.9944,3.17,0.63,9.8,4.92
7.6,0.29,0.58,17.5,0.041,9.30974331659974,51,225,0.9997,3.16,0.66,9.5,6.05
6.7,0.19,0.34,1,0.022,10.2777869498954,22,94,0.9912,3.23,0.57,11.1,5.76
7.5,0.31,0.51,14.8,0.039,11.9586333373934,62,204,0.9982,3.06,0.6,9.5,5.06
7.5,0.31,0.51,14.8,0.039,11.0505903044452,62,204,0.9982,3.06,0.6,9.5,5.07
7.4,0.31,0.48,14.2,0.042,10.4870717455693,62,204,0.9983,3.06,0.59,9.4,4.97
8.4,0.4,0.7,13.1,0.042,12.0891332606787,29,197,0.998,3.06,0.64,9.7,4.93
5.9,0.34,0.22,2.4,0.03,11.4338324049064,19,135,0.9894,3.41,0.78,13.9,7.2
6.6,0.38,0.18,1.2,0.042,8.88036404417493,20,84,0.9927,3.22,0.45,10.1,3.99
6.4,0.33,0.28,1.1,0.038,10.3367511936822,30,110,0.9917,3.12,0.42,10.5,6
5.6,0.25,0.26,3.6,0.037,10.1092173005851,18,115,0.9904,3.42,0.5,12.6,5.89
8.6,0.27,0.46,6.1,0.032,10.4007363719506,13,41,0.993,2.89,0.34,10.9,4.87
6.2,0.31,0.21,6.3,0.041,10.1459681002916,50,218,0.9941,3.15,0.6,10,4.85
7.2,0.18,0.45,4.4,0.046,9.61230478897603,57,166,0.9943,3.13,0.62,11.2,5.96
7.7,0.2,0.44,13.9,0.05,10.6956598827649,44,130,0.99855,3.11,0.48,10,6.14
6.2,0.47,0.21,1,0.044,9.53358279750208,13,98,0.99345,3.14,0.46,9.2,5.18
6.1,0.25,0.24,12.1,0.046,10.2067347444741,51,172,0.998,3.35,0.45,9.5,5.16
8.2,0.27,0.43,1.6,0.035,10.4112025962129,31,128,0.9916,3.1,0.5,12.3,6.13
8.2,0.27,0.43,1.6,0.035,8.62662697920968,31,128,0.9916,3.1,0.5,12.3,5.98
6.4,0.31,0.39,7.5,0.04,10.706489246724,57,213,0.99475,3.32,0.43,10,4.88
6,0.39,0.26,2.7,0.038,11.3627953091989,39,187,0.99325,3.41,0.5,10.8,5.97
7.7,0.42,0.31,9.2,0.048,8.65434280277459,22,221,0.9969,3.06,0.61,9.2,5.97
7,0.27,0.41,18.75,0.042,8.19776505451993,34,157,1.0002,2.96,0.5,9.1,5.17
6.2,0.21,0.27,1.7,0.038,10.0115554159335,41,150,0.9933,3.49,0.71,10.5,7.01
7.4,0.29,0.5,1.8,0.042,9.09248818906446,35,127,0.9937,3.45,0.5,10.2,7.11
6,0.3,0.44,1.5,0.046,8.70619111867995,15,182,0.99455,3.5,0.52,10.4,4.92
6.9,0.31,0.34,1.6,0.032,8.83399864880038,23,128,0.9917,3.37,0.47,11.7,6.17
6.6,0.33,0.31,1.3,0.02,10.0396915900926,29,89,0.99035,3.26,0.44,12.4,7.99
7.8,0.3,0.4,1.8,0.028,9.40132890739861,23,122,0.9914,3.14,0.39,10.9,6.9
6.4,0.39,0.21,1.2,0.041,10.6683298371567,35,136,0.99225,3.15,0.46,10.2,5.01
6.4,0.24,0.31,2.8,0.038,9.9893987410967,41,114,0.99155,3.37,0.66,11.7,6.85
6.4,0.16,0.31,5.3,0.043,10.4555059451778,42,157,0.99455,3.35,0.47,10.5,5.05
6,0.33,0.27,0.8,0.185,10.6501891920324,12,188,0.9924,3.12,0.62,9.4,4.96
6.5,0.23,0.33,13.8,0.042,9.83991850006941,25,139,0.99695,3.35,0.56,10.4,5.95
6.2,0.25,0.48,10,0.044,11.6910454716716,78,240,0.99655,3.25,0.47,9.5,6.09
6.6,0.25,0.3,14.4,0.052,9.59634281336832,40,183,0.998,3.02,0.5,9.1,5.9
6.9,0.38,0.25,9.8,0.04,9.41473982489815,28,191,0.9971,3.28,0.61,9.2,5.04
6.4,0.25,0.3,5.5,0.038,9.69629742780865,15,129,0.9948,3.14,0.49,9.6,5.95
6.6,0.25,0.3,14.4,0.052,9.92265060890626,40,183,0.998,3.02,0.5,9.1,6.09
6.9,0.38,0.25,9.8,0.04,10.4733487100485,28,191,0.9971,3.28,0.61,9.2,4.98
7.1,0.21,0.31,3.8,0.021,9.96456403372763,40,142,0.99215,3.17,0.39,10.8,7.12
6.4,0.25,0.3,5.5,0.038,9.3359978350655,15,129,0.9948,3.14,0.49,9.6,6.05
5.8,0.2,0.3,1.5,0.031,10.1351308553952,21,57,0.99115,3.44,0.55,11,5.87
7,0.2,0.37,2,0.03,9.40490565806745,26,136,0.9932,3.28,0.61,10.2,6.13
7.4,0.38,0.27,7.5,0.041,10.3157197045459,24,160,0.99535,3.17,0.43,10,4.9
7.4,0.2,1.66,2.1,0.022,8.91572102832405,34,113,0.99165,3.26,0.55,12.2,5.87
7,0.21,0.34,8.5,0.033,9.91635753933297,31,253,0.9953,3.22,0.56,10.5,6.1
7.2,0.29,0.4,7.6,0.024,9.71159232192946,56,177,0.9928,3.04,0.32,11.5,5.92
6.9,0.18,0.38,8.1,0.049,9.89938320293517,44,176,0.9958,3.3,0.54,9.8,6.18
7.3,0.3,0.42,7.35,0.025,10.5710230654692,51,175,0.9928,3.04,0.32,11.4,6.18
7.2,0.29,0.4,7.6,0.024,10.2776200853366,56,177,0.9928,3.04,0.32,11.5,5.85
6.9,0.2,0.5,10,0.036,9.2439223731384,78,167,0.9964,3.15,0.55,10.2,5.92
6.7,0.2,0.42,14,0.038,11.554863155757,83,160,0.9987,3.16,0.5,9.4,5.87
7,0.21,0.34,8.5,0.033,10.9139811634407,31,253,0.9953,3.22,0.56,10.5,6.07
5.9,0.35,0.47,2.2,0.11,11.0523688642883,14,138,0.9932,3.09,0.5,9.1,4.87
6.8,0.22,0.37,15.2,0.051,7.68797296546936,68,178,0.99935,3.4,0.85,9.3,6.1
6.9,0.18,0.38,8.1,0.049,10.1181824100343,44,176,0.9958,3.3,0.54,9.8,6
7,0.2,0.38,8.1,0.05,9.48121769147616,42,173,0.99585,3.3,0.54,9.8,6.06
6.8,0.24,0.49,19.3,0.057,9.92283891702818,55,247,1.00055,3,0.56,8.7,4.87
5,0.44,0.04,18.6,0.039,9.05035821753627,38,128,0.9985,3.37,0.57,10.2,5.99
6.3,0.3,0.28,5,0.042,9.80014711309894,36,168,0.99505,3.22,0.69,9.5,6.02
7.2,0.27,0.42,1.6,0.05,9.83605401721843,35,135,0.992,2.94,0.46,11,6.17
6.7,0.5,0.63,13.4,0.078,11.0026373106664,81,238,0.9988,3.08,0.44,9.2,5.06
6.7,0.11,0.34,8.8,0.043,10.1158262610668,41,113,0.9962,3.42,0.4,9.3,7.01
6.7,0.11,0.34,8.8,0.043,9.6357264757376,41,113,0.9962,3.42,0.4,9.3,6.89
6.8,0.12,0.31,5.2,0.045,11.4013312877403,29,120,0.9942,3.41,0.46,9.8,6.97
6.6,0.16,0.57,1.1,0.13,8.31354578150334,58,140,0.9927,3.12,0.39,9.3,6.83
6.6,0.21,0.6,1.1,0.135,10.7387910035603,61,144,0.9927,3.12,0.39,9.3,7.09
6.1,0.27,0.3,16.7,0.039,10.0117395325152,49,172,0.99985,3.4,0.45,9.4,5.14
9.1,0.27,0.45,10.6,0.035,10.8036324549546,28,124,0.997,3.2,0.46,10.4,8.99
6.4,0.225,0.48,2.2,0.115,10.3145919563145,29,104,0.9918,3.24,0.58,12.1,5.9
8.3,0.14,0.45,1.5,0.039,10.6487345619432,18,98,0.99215,3.02,0.56,11,6.11
7.2,0.23,0.19,13.7,0.052,9.02974830813939,47,197,0.99865,3.12,0.53,9,5.01
6.9,0.22,0.37,15,0.053,8.27601963376284,59,178,0.9992,3.37,0.82,9.5,6.96
8.1,0.17,0.44,14.1,0.053,10.6780645169722,43,145,1.0006,3.28,0.75,8.8,8.11
6,0.395,0,1.4,0.042,10.5624342807182,7,55,0.99135,3.37,0.38,11.2,3.92
7.8,0.29,0.22,9.5,0.056,9.1999838935222,44,213,0.99715,3.08,0.61,9.3,6.11
6.9,0.22,0.37,15,0.053,9.92290621481531,59,178,0.9992,3.37,0.82,9.5,6.92
8.1,0.17,0.44,14.1,0.053,10.6767953392582,43,145,1.0006,3.28,0.75,8.8,8.04
7.2,0.23,0.19,13.7,0.052,10.5545441771854,47,197,0.99865,3.12,0.53,9,5.09
7.6,0.3,0.27,10.6,0.039,8.31036677127276,31,119,0.99815,3.27,0.3,9.3,5.87
7.7,0.34,0.28,11,0.04,9.31300858343972,31,117,0.99815,3.27,0.29,9.2,5.99
7.7,0.34,0.28,11,0.04,10.7175756731596,31,117,0.99815,3.27,0.29,9.2,5.99
5.9,0.24,0.3,2,0.033,9.76753450846314,28,92,0.99225,3.39,0.69,10.9,7.14
6.4,0.46,0.08,4.9,0.046,8.48976486119692,34,144,0.99445,3.1,0.56,10,5.02
5.9,0.24,0.3,2,0.033,10.6704813803666,28,92,0.99225,3.39,0.69,10.9,7.08
7.4,0.32,0.27,1.4,0.049,9.56680751813637,38,173,0.99335,3.03,0.52,9.3,4.98
7.2,0.31,0.26,7.3,0.05,9.56990994073895,37,157,0.99625,3.09,0.43,9,4.9
5.4,0.18,0.24,4.8,0.041,9.55939765944168,30,113,0.99445,3.42,0.4,9.4,5.74
6,0.18,0.31,1.4,0.036,9.67226400905646,14,75,0.99085,3.34,0.58,11.1,8.12
7.8,0.27,0.58,11.2,0.036,8.84133921394835,44,161,0.9977,3.06,0.41,8.9,5.89
6,0.28,0.49,6.8,0.048,9.53230388337228,61,222,0.9953,3.19,0.47,9.3,4.82
6.8,0.39,0.35,11.6,0.044,9.97924868009353,57,220,0.99775,3.07,0.53,9.3,5.1
6.6,0.21,0.31,11.4,0.039,9.39262156096819,46,165,0.99795,3.41,0.44,9.8,7
7.3,0.32,0.34,6.6,0.032,8.60388920294304,24,112,0.99505,3.22,0.46,9.8,5.94
6.2,0.29,0.26,13.1,0.046,8.67663091273049,55,204,0.99745,3.16,0.41,9.6,6.1
6.2,0.3,0.26,13.4,0.046,10.2277947710789,57,206,0.99775,3.17,0.43,9.5,5.83
6,0.28,0.49,6.8,0.048,11.9445279065288,61,222,0.9953,3.19,0.47,9.3,5.04
6,0.41,0.05,1.5,0.063,7.95850876991205,17,120,0.9932,3.21,0.56,9.2,6.07
6.4,0.35,0.28,1.1,0.055,10.1747741805937,9,160,0.99405,3.42,0.5,9.1,7.07
7.9,0.35,0.24,15.6,0.072,11.5725516677827,44,229,0.99785,3.03,0.59,10.5,5.98
6.2,0.3,0.17,2.8,0.04,9.56860943372837,24,125,0.9939,3.01,0.46,9,5.2
8.4,0.18,0.42,5.1,0.036,8.99192130637321,7,77,0.9939,3.16,0.52,11.7,5.08
6.6,0.56,0.22,8.9,0.034,9.94826246909484,27,133,0.99675,3.2,0.51,9.1,4.83
6.2,0.3,0.17,2.8,0.04,9.25989688961653,24,125,0.9939,3.01,0.46,9,4.83
6.6,0.56,0.22,8.9,0.034,9.10521332938301,27,133,0.99675,3.2,0.51,9.1,5.05
7.3,0.655,0.2,10.2,0.071,9.83397422838289,28,212,0.9971,2.96,0.58,9.2,6.1
6.8,0.18,0.21,5.4,0.053,10.6796294343615,34,104,0.99445,3.3,0.43,9.4,5.03
6.7,0.19,0.23,6.2,0.047,10.0930283117288,36,117,0.9945,3.34,0.43,9.6,6.01
8.4,0.18,0.42,5.1,0.036,12.0211252107631,7,77,0.9939,3.16,0.52,11.7,5.02
7,0.21,0.37,7.2,0.042,10.3583739734087,36,167,0.9958,3.26,0.56,9.8,6.02
6.8,0.25,0.38,8.1,0.046,9.84019670339998,24,155,0.9956,3.33,0.59,10.2,5.87
7.4,0.24,0.36,2,0.031,10.1097898325575,27,139,0.99055,3.28,0.48,12.5,9.23
7.1,0.16,0.36,1.2,0.043,9.96661627953267,21,90,0.9925,3.16,0.42,11,7
7.3,0.205,0.31,1.7,0.06,9.77628753156144,34,110,0.9963,3.72,0.69,10.5,5.95
6.9,0.25,0.34,1.3,0.035,10.301748942492,27,82,0.99045,3.18,0.44,12.2,5.94
7.3,0.205,0.31,1.7,0.06,9.99267733976697,34,110,0.9963,3.72,0.69,10.5,6.02
7.5,0.42,0.34,4.3,0.04,11.3776051638382,34,108,0.99155,3.14,0.45,12.8,8.12
7.3,0.25,0.36,2.1,0.034,9.14142277644406,30,177,0.99085,3.25,0.4,11.9,8.22
7.3,0.25,0.36,2.1,0.034,9.13243766102521,30,177,0.99085,3.25,0.4,11.9,8.03
7.3,0.25,0.36,2.1,0.034,9.19796226754266,30,177,0.99085,3.25,0.4,11.9,7.9
7.5,0.34,0.35,6,0.034,9.84982246879351,12,126,0.9924,3.16,0.39,12,6.9
7.6,0.33,0.35,6.3,0.036,9.0586071795367,12,126,0.9924,3.16,0.39,12,7.2
8.7,0.23,0.32,13.4,0.044,10.22869491105,35,169,0.99975,3.12,0.47,8.8,6.79
8.7,0.23,0.32,13.4,0.044,10.6985560474548,35,169,0.99975,3.12,0.47,8.8,7.31
6.9,0.19,0.35,1.7,0.036,10.4338071812358,33,101,0.99315,3.21,0.54,10.8,6.97
7.3,0.21,0.29,1.6,0.034,11.7012323369045,29,118,0.9917,3.3,0.5,11,7.95
9.2,0.34,0.27,1.2,0.026,10.2463789294292,17,73,0.9921,3.08,0.39,10.8,5.03
6.9,0.19,0.35,1.7,0.036,11.0203211564529,33,101,0.99315,3.21,0.54,10.8,7.05
8.2,0.38,0.49,13.6,0.042,9.13993190075435,58,166,0.99855,3.1,0.54,9.4,5.07
6.9,0.18,0.36,1.3,0.036,11.0522149745084,40,117,0.9934,3.27,0.95,9.5,6.9
7.7,0.34,0.58,11.1,0.039,11.758728864733,41,151,0.9978,3.06,0.49,8.6,4.76
6.9,0.18,0.36,1.3,0.036,9.64943743009447,40,117,0.9934,3.27,0.95,9.5,6.97
8.2,0.38,0.49,13.6,0.042,10.5188787488119,58,166,0.99855,3.1,0.54,9.4,4.92
8.2,0.4,0.48,13.7,0.042,9.70613458906875,59,169,0.9986,3.1,0.52,9.4,4.9
6.7,0.22,0.39,10.2,0.038,10.1084814714463,60,149,0.99725,3.17,0.54,10,6.96
6.6,0.3,0.3,4.8,0.17,7.66614516525743,60,166,0.9946,3.18,0.47,9.4,4.97
8.1,0.27,0.35,1.7,0.03,10.3205724238457,38,103,0.99255,3.22,0.63,10.4,8.08
7.3,0.25,0.42,14.2,0.041,9.736603342259,57,182,0.9996,3.29,0.75,9.1,7.1
4.8,0.34,0,6.5,0.028,10.4305776232891,33,163,0.9939,3.36,0.61,9.9,5.92
6.2,0.28,0.33,1.7,0.029,8.97639086786169,24,111,0.99,3.24,0.5,12.1,5.97
4.8,0.33,0,6.5,0.028,9.56273361850571,34,163,0.9937,3.35,0.61,9.9,5.04
6.1,0.27,0.33,2.2,0.021,10.848771773965,26,117,0.9886,3.12,0.3,12.5,6.14
6.9,0.18,0.36,1.3,0.036,8.0526925200019,40,117,0.9934,3.27,0.95,9.5,6.99
7.3,0.28,0.42,14.4,0.04,10.0067172328512,49,173,0.9994,3.28,0.82,9,7.02
7.3,0.24,0.29,1.2,0.037,9.38903960067089,37,97,0.9926,3.19,0.7,10.1,5.99
6,0.45,0.65,9.7,0.08,10.0536530272984,11,159,0.9956,3.04,0.48,9.4,5.18
7.7,0.34,0.58,11.1,0.039,8.91862383355044,41,151,0.9978,3.06,0.49,8.6,5.03
6.3,0.26,0.21,4,0.03,10.260894698374,24,125,0.9915,3.06,0.34,10.7,5.94
10.3,0.17,0.47,1.4,0.037,10.1736752358993,5,33,0.9939,2.89,0.28,9.6,2.96
7.7,0.15,0.29,1.3,0.029,9.71247641809163,10,64,0.9932,3.35,0.39,10.1,4.95
7.1,0.21,0.32,2.2,0.037,9.14793131866848,28,141,0.993,3.2,0.57,10,7.02
6.9,0.36,0.34,4.2,0.018,10.4856185088533,57,119,0.9898,3.28,0.36,12.7,9.02
6,0.28,0.34,1.6,0.119,9.56359974734952,33,104,0.9921,3.19,0.38,10.2,6.09
6.2,0.16,0.54,1.4,0.126,9.48211066470663,37,110,0.9932,3.23,0.37,8.9,6.03
7.4,0.26,0.43,6,0.022,11.3388591470671,22,125,0.9928,3.13,0.55,11.5,6.02
6.8,0.23,0.29,12.2,0.035,8.84730523788058,38,236,0.9976,3.35,0.52,9.8,6.11
6.1,0.34,0.27,2.6,0.024,11.6082814864231,20,105,0.9906,3.4,0.67,12.2,7.18
7.3,0.26,0.31,1.6,0.04,9.24384940367728,39,173,0.9918,3.19,0.51,11.4,5.9
6.5,0.3,0.32,2,0.044,9.94515511884941,34,90,0.99185,3.37,0.68,11,7.16
6.5,0.3,0.32,2,0.044,9.65341097591386,34,90,0.99185,3.37,0.68,11,7.03
5,0.31,0,6.4,0.046,9.29641497811941,43,166,0.994,3.3,0.63,9.9,6.02
5.8,0.26,0.18,1.2,0.031,10.2298510730413,40,114,0.9908,3.42,0.4,11,6.97
5.9,0.26,0.3,1,0.036,9.44225980808756,38,114,0.9928,3.58,0.48,9.4,5.14
5.8,0.26,0.18,1.2,0.031,10.5570106247588,40,114,0.9908,3.42,0.4,11,7.07
5.6,0.19,0.39,1.1,0.043,9.28287100580234,17,67,0.9918,3.23,0.53,10.3,6
6.8,0.18,0.28,8.7,0.047,9.00450808991498,52,242,0.9952,3.22,0.53,10.5,5.91
7,0.29,0.26,1.6,0.044,8.75639079536833,12,87,0.9923,3.08,0.46,10.5,6.12
6.6,0.26,0.29,1.4,0.039,10.0682349925958,13,67,0.9915,3.05,0.49,10.9,5.79
6.8,0.18,0.28,8.5,0.047,10.0637197332549,52,242,0.9952,3.22,0.53,10.5,5.95
6.6,0.2,0.38,7.9,0.052,11.2125098971867,30,145,0.9947,3.32,0.56,11,6.85
6.1,0.28,0.35,12.8,0.048,10.0149305150863,63,229,0.9975,3.08,0.4,8.9,5.03
5.9,0.31,0.3,7.7,0.047,9.9842885400071,60,206,0.995,3.2,0.39,9.6,5.89
6.9,0.21,0.28,2.4,0.056,8.65923246969226,49,159,0.9944,3.02,0.47,8.8,8.07
8.4,0.19,0.42,1.6,0.047,9.93278328694308,9,101,0.994,3.06,0.65,11.1,3.9
8,0.23,0.37,9.6,0.054,11.034046527814,23,159,0.99795,3.32,0.47,9.8,4.07
7.5,0.24,0.31,13,0.049,9.97364271663874,46,217,0.9985,3.08,0.53,8.8,4.91
6.3,0.33,0.2,5.8,0.04,9.25731021891759,24,144,0.99425,3.15,0.63,9.9,5.01
6.2,0.33,0.19,5.6,0.042,11.6488927120472,22,143,0.99425,3.15,0.63,9.9,4.95
6.3,0.34,0.19,5.8,0.041,11.6801135589622,22,145,0.9943,3.15,0.63,9.9,4.85
5.8,0.29,0.05,0.8,0.038,9.27734764295205,11,30,0.9924,3.36,0.35,9.2,5.02
8,0.32,0.26,1.2,0.05,10.9177149547585,11.5,88,0.9946,3.24,0.37,9.5,4.18
5.6,0.29,0.05,0.8,0.038,10.2060097432006,11,30,0.9924,3.36,0.35,9.2,4.94
7.4,0.13,0.39,4.7,0.042,9.30855608167201,36,137,0.995,3.36,0.56,10.3,6.98
7,0.24,0.34,1.4,0.031,11.0400277141163,27,107,0.99,3.06,0.39,11.9,6
8.6,0.18,0.4,1.1,0.04,9.35227912766952,20,107,0.9923,2.94,0.32,10.2,7.19
7,0.11,0.32,4.6,0.057,9.84263816440908,59,144,0.9956,3.55,0.44,9.4,7.07
7.7,0.32,0.62,10.6,0.036,8.31744623187322,56,153,0.9978,3.13,0.44,8.9,6.23
7.7,0.32,0.62,10.6,0.036,11.0607633428836,56,153,0.9978,3.13,0.44,8.9,6.03
6.5,0.26,0.27,12.9,0.044,9.14994145284387,69,215,0.9967,3.17,0.43,10,5.89
6.3,0.27,0.23,2.9,0.047,9.59837785087315,13,100,0.9936,3.28,0.43,9.8,4.91
5.4,0.595,0.1,2.8,0.042,9.82209673645954,26,80,0.9932,3.36,0.38,9.3,4.9
6.7,0.25,0.33,2.9,0.057,11.312320803178,52,173,0.9934,3.02,0.48,9.5,6.98
6.5,0.25,0.35,12,0.055,10.6329420999752,47,179,0.998,3.58,0.47,10,5.09
6.1,0.36,0.58,15,0.044,11.1868471072369,42,115,0.9978,3.15,0.51,9,5.03
7.7,0.17,0.52,5.9,0.017,9.29886244341461,21,84,0.9929,3.14,0.4,11.9,7.08
6.5,0.26,0.28,12.5,0.046,10.383610173969,80,225,0.99685,3.18,0.41,10,5.98
5.9,0.29,0.33,7.4,0.037,6.66611790261527,58,205,0.99495,3.26,0.41,9.6,4.76
6.2,0.28,0.43,13,0.039,10.677910609547,64,233,0.99745,3.08,0.38,8.9,5.08
6.1,0.27,0.44,6.7,0.041,11.3786407626632,61,230,0.99505,3.12,0.4,8.9,5.22
6.4,0.43,0.32,1.4,0.048,8.74876333023516,10,67,0.992,3.08,0.41,11.4,5.01
6.1,0.36,0.58,15,0.044,9.01765321741578,42,115,0.9978,3.15,0.51,9,4.86
6.2,0.35,0.29,7.3,0.044,10.7334609898572,56,244,0.9956,3.36,0.55,10,5.96
7.7,0.24,0.29,15.3,0.044,8.53056932146417,39,194,0.9982,3.06,0.47,9.6,6.91
6.3,0.27,0.46,11.75,0.037,10.3517470526628,61,212,0.9971,3.25,0.53,9.5,6.07
5.4,0.415,0.19,1.6,0.039,8.59955602098618,27,88,0.99265,3.54,0.41,10,7.09
6.9,0.48,0.36,3.5,0.03,10.6581629285243,31,135,0.9904,3.14,0.38,12.2,7.02
6.5,0.18,0.33,8,0.051,10.3299946886034,16,131,0.9965,3.28,0.44,8.7,6.91
6.7,0.15,0.29,5,0.058,9.66387420440925,28,105,0.9946,3.52,0.44,10.2,7.08
8.2,0.345,1,18.2,0.047,9.11422724571748,55,205,0.99965,2.96,0.43,9.6,5.13
8.5,0.16,0.35,1.6,0.039,10.1942076623286,24,147,0.9935,2.96,0.36,10,5.23
6.8,0.705,0.25,3.2,0.048,7.7643034329537,10,57,0.996,3.36,0.52,9.5,3.95
7.3,0.25,0.39,6.4,0.034,12.2230121277101,8,84,0.9942,3.18,0.46,11.5,5.05
7.6,0.345,0.26,1.9,0.043,10.4174369308051,15,134,0.9936,3.08,0.38,9.5,5.12
7.6,0.22,0.34,9.7,0.035,8.78683932295577,26,143,0.9965,3.08,0.49,9.8,5.99
6.5,0.17,0.33,1.4,0.028,9.94215656953073,14,99,0.9928,3.23,0.55,10.1,6.05
8.2,0.23,0.37,1.3,0.042,11.1210131416514,39,117,0.9928,2.99,0.36,10,5.02
7.6,0.22,0.34,9.7,0.035,8.82786330836872,26,143,0.9965,3.08,0.49,9.8,5.99
7.6,0.345,0.26,1.9,0.043,9.93733892342587,15,134,0.9936,3.08,0.38,9.5,5.02
7.5,0.32,0.26,1.8,0.042,10.8189853336734,13,133,0.9938,3.07,0.38,9.5,5.1
6.6,0.23,0.32,0.9,0.041,10.1724665566648,25,79,0.9926,3.39,0.54,10.2,7.04
6.6,0.2,0.32,1.1,0.039,10.2463625798827,25,78,0.9926,3.39,0.54,10.2,6.95
7.3,0.24,0.34,15.4,0.05,9.97643270839301,38,174,0.9983,3.03,0.42,9,5.78
7.3,0.24,0.34,15.4,0.05,9.30540320880383,38,174,0.9983,3.03,0.42,9,5.92
8,0.42,0.36,5,0.037,11.041466053801,34,101,0.992,3.13,0.57,12.3,7
7.3,0.24,0.34,15.4,0.05,10.9013629572437,38,174,0.9983,3.03,0.42,9,5.75
5.9,0.26,0.21,12.5,0.034,10.7807440207252,36,152,0.9972,3.28,0.43,9.5,5.85
8.3,0.23,0.43,3.2,0.035,7.61748258411903,14,101,0.9928,3.15,0.36,11.5,4.88
6.5,0.34,0.28,1.8,0.041,10.1675595763427,43,188,0.9928,3.13,0.37,9.6,6.15
6.8,0.22,0.35,17.5,0.039,10.4043445025153,38,153,0.9994,3.24,0.42,9,5.78
6.5,0.08,0.33,1.9,0.028,10.5043950079115,23,93,0.991,3.34,0.7,12,7.07
5.5,0.42,0.09,1.6,0.019,9.77431327188366,18,68,0.9906,3.33,0.51,11.4,6.97
5.1,0.42,0.01,1.5,0.017,11.42528430483,25,102,0.9894,3.38,0.36,12.3,7.05
6,0.27,0.19,1.7,0.02,9.89044818456113,24,110,0.9898,3.32,0.47,12.6,7.09
6.5,0.08,0.33,1.9,0.028,11.2102319906477,23,93,0.991,3.34,0.7,12,6.93
7.6,0.3,0.25,4.3,0.054,8.67597186140517,22,111,0.9956,3.12,0.49,9.2,4.9
6.6,0.13,0.3,4.9,0.058,11.8965273765891,47,131,0.9946,3.51,0.45,10.3,6.04
7.7,0.28,0.33,6.7,0.037,11.4385854762629,32,155,0.9951,3.39,0.62,10.7,7.2
6,0.2,0.71,1.6,0.15,9.47461543712964,10,54,0.9927,3.12,0.47,9.8,5.01
6,0.19,0.71,1.5,0.152,10.8883308398241,9,55,0.9927,3.12,0.46,9.8,6.05
7.7,0.28,0.33,6.7,0.037,11.393192670643,32,155,0.9951,3.39,0.62,10.7,7.01
5.7,0.36,0.34,4.2,0.026,9.34280957736557,21,77,0.9907,3.41,0.45,11.9,6.07
6.9,0.19,0.33,1.6,0.043,8.08665488568717,63,149,0.9925,3.44,0.52,10.8,5.05
6,0.41,0.21,1.9,0.05,9.39059175436273,29,122,0.9928,3.42,0.52,10.5,6.01
7.4,0.3,0.3,5.2,0.053,11.0167779826413,45,163,0.9941,3.12,0.45,10.3,6
6.9,0.19,0.33,1.6,0.043,11.0590355272743,63,149,0.9925,3.44,0.52,10.8,5.08
7.7,0.28,0.39,8.9,0.036,10.2615262618027,8,117,0.9935,3.06,0.38,12,7.07
8.6,0.16,0.38,3.4,0.04,8.19665547529411,41,143,0.9932,2.95,0.39,10.2,5.95
8.2,0.26,0.44,1.3,0.046,9.92802632441397,7,69,0.9944,3.14,0.62,10.2,3.93
6.5,0.25,0.27,15.2,0.049,9.21345452804541,75,217,0.9972,3.19,0.39,9.9,5.05
7,0.24,0.18,1.3,0.046,8.77195687136483,9,62,0.994,3.38,0.47,10.1,4.1
8.6,0.18,0.36,1.8,0.04,9.64809788409327,24,187,0.9956,3.25,0.55,9.5,6.01
7.8,0.27,0.34,1.6,0.046,8.69106395887385,27,154,0.9927,3.05,0.45,10.5,5.97
6.1,0.24,0.27,9.8,0.062,9.81395965841357,33,152,0.9966,3.31,0.47,9.5,5.96
8,0.24,0.3,17.45,0.056,10.9548474100938,43,184,0.9997,3.05,0.5,9.2,5.85
7.6,0.21,0.6,2.1,0.046,10.2840709674855,47,165,0.9936,3.05,0.54,10.1,6.93
6.4,0.28,0.43,7.1,0.045,10.3139368011208,60,221,0.9952,3.09,0.45,9.4,5.91
6.9,0.24,0.39,1.3,0.063,11.1350427269341,18,136,0.9928,3.31,0.48,10.4,7.02
5.8,0.36,0.26,3.3,0.038,10.1484056785623,40,153,0.9911,3.34,0.55,11.3,6.01
6.6,0.18,0.28,3.3,0.044,10.90022066646,18,91,0.993,3.42,0.64,10.8,5.83
5.1,0.52,0.06,2.7,0.052,10.7619605885136,30,79,0.9932,3.32,0.43,9.3,4.81
6.6,0.22,0.37,1.2,0.059,11.9989707433787,45,199,0.993,3.37,0.55,10.3,6.88
8.3,0.15,0.39,1.3,0.055,10.2528661629861,32,146,0.993,3.08,0.39,10.5,6.1
7.6,0.16,0.44,1.4,0.043,9.96586875906467,25,109,0.9932,3.11,0.75,10.3,5.95
7.7,0.16,0.41,1.7,0.048,9.47049372488661,60,173,0.9932,3.24,0.66,11.2,6.98
8.3,0.16,0.48,1.7,0.057,8.94878070936606,31,98,0.9943,3.15,0.41,10.3,5.84
6.2,0.25,0.47,11.6,0.048,11.5371137867361,62,210,0.9968,3.19,0.5,9.5,4.85
6.1,0.16,0.27,12.6,0.064,9.35517890877649,63,162,0.9994,3.66,0.43,8.9,5.04
7.6,0.39,0.22,2.8,0.036,9.66904698902335,19,113,0.9926,3.03,0.29,10.2,4.98
6.8,0.37,0.47,11.2,0.071,9.34806324039284,44,136,0.9968,2.98,0.88,9.2,4.94
7.6,0.16,0.44,1.4,0.043,9.67375028469921,25,109,0.9932,3.11,0.75,10.3,5.87
7.1,0.18,0.42,1.4,0.045,8.24094924241829,47,157,0.9916,2.95,0.31,10.5,5.89
8.3,0.14,0.26,1.5,0.049,10.5892102826238,56,189,0.9946,3.21,0.62,9.5,6.2
8.6,0.2,0.42,1.5,0.041,9.38999792123483,35,125,0.9925,3.11,0.49,11.4,6.97
8.6,0.2,0.42,1.5,0.041,8.91874566165546,35,125,0.9925,3.11,0.49,11.4,7.08
6.8,0.19,0.32,7.05,0.019,8.42591247116445,54,188,0.9935,3.25,0.37,11.1,8.08
6.8,0.34,0.74,2.8,0.088,9.39137645114551,23,185,0.9928,3.51,0.7,12,6.03
6.6,0.14,0.44,1.6,0.042,9.75691943585159,47,140,0.993,3.32,0.51,10.2,5.9
8,0.55,0.17,8.2,0.04,10.3504379089478,13,60,0.9956,3.09,0.3,9.5,4.08
7,0.24,0.35,1.5,0.052,9.61681024004036,51,128,0.9941,3.41,0.59,10.4,6.87
6.2,0.34,0.29,7.6,0.047,10.7578597109358,45,232,0.9955,3.35,0.62,10,5.96
7.1,0.3,0.36,6.8,0.055,10.9628725191722,44.5,234,0.9972,3.49,0.64,10.2,5.98
7.9,0.64,0.46,10.6,0.244,9.82014773213398,33,227,0.9983,2.87,0.74,9.1,3.09
7.5,0.17,0.37,1.5,0.06,10.4343140253898,18,75,0.9936,3.54,0.88,10.7,4.98
7.1,0.15,0.34,5.3,0.034,10.3724654329996,33,104,0.9953,3.37,0.52,9.3,7.17
7.5,0.17,0.34,1.4,0.035,10.9433662037687,13,102,0.9918,3.05,0.74,11,5
7.7,0.275,0.3,1,0.039,10.358516360465,19,75,0.992,3.01,0.56,10.7,5.03
7.3,0.49,0.32,5.2,0.043,9.73285412855786,18,104,0.9952,3.24,0.45,10.7,3.9
7.5,0.33,0.48,19.45,0.048,11.7468764034819,55,243,1.001,2.95,0.4,8.8,4.91
7.2,0.21,0.37,1.6,0.049,7.80893922327677,23,94,0.9924,3.16,0.48,10.9,7.19
7.3,0.15,0.4,2,0.05,10.9256685016214,24,92,0.9932,3.14,0.45,10.5,5.09
6.5,0.19,0.1,1.3,0.046,8.7262277103742,23,107,0.9937,3.29,0.45,10,5.07
7,0.31,0.52,1.7,0.029,7.50302377831235,5,61,0.9918,3.07,0.43,10.4,5.01
8.3,0.4,0.38,1.1,0.038,10.3300620316068,15,75,0.9934,3.03,0.43,9.2,5.05
6.1,0.37,0.36,4.7,0.035,9.08653395124736,36,116,0.991,3.31,0.62,12.6,6.02
7.3,0.24,0.34,7.5,0.048,8.94519196570928,29,152,0.9962,3.1,0.54,9,5
6.9,0.21,0.81,1.1,0.137,9.77416956647755,52,123,0.9932,3.03,0.39,9.2,6.02
7.6,0.29,0.42,1.3,0.035,9.20981420267025,18,86,0.9908,2.99,0.39,11.3,4.9
9.4,0.29,0.55,2.2,0.05,8.78773573852294,17,119,0.9962,3.12,0.69,10.3,4.24
7,0.31,0.52,1.7,0.029,10.5288923987711,5,61,0.9918,3.07,0.43,10.4,5.08
8.6,0.26,0.41,2.2,0.049,8.90043747206059,29,111,0.9941,2.96,0.44,10,4.97
7.5,0.21,0.34,1.2,0.06,10.1035178993521,26,111,0.9931,3.51,0.47,10.7,6.12
7.5,0.21,0.34,1.2,0.06,9.8282896340257,26,111,0.9931,3.51,0.47,10.7,6.17
8,0.26,0.36,2,0.054,8.19695285555948,30,121,0.992,3.09,0.72,11.6,6.77
7,0.21,0.28,7.5,0.07,9.19004112424612,45,185,0.9966,3.34,0.55,9.4,5.14
6.7,0.26,0.26,4,0.079,8.06025158653549,35.5,216,0.9956,3.31,0.68,9.5,5.11
6.7,0.26,0.26,4.1,0.073,10.1882398408946,36,202,0.9956,3.3,0.67,9.5,4.92
8.1,0.26,0.37,1.9,0.072,8.56325197198946,48,159,0.9949,3.37,0.7,10.9,5.86
6.4,0.3,0.51,5.5,0.048,9.66744960609107,62,172,0.9942,3.08,0.45,9.1,5.97
6.9,0.2,0.36,1.5,0.031,10.7907864615512,38,147,0.9931,3.35,0.56,11,6.02
8,0.37,0.32,1.6,0.04,8.8968670878192,32,166,0.992,3,0.55,11.3,7.09
8.3,0.22,0.38,14.8,0.054,9.07518963169552,32,126,1.0002,3.22,0.5,9.7,4.92
7.7,0.34,0.3,8,0.048,9.34157981842082,25,192,0.9951,2.97,0.47,10.9,5.03
6.2,0.55,0.45,12,0.049,10.7792514718716,27,186,0.9974,3.17,0.5,9.3,6.17
6.4,0.4,0.19,3.2,0.033,9.78230333311717,28,124,0.9904,3.22,0.54,12.7,6.9
7.5,0.28,0.33,7.7,0.048,10.9102904800634,42,180,0.9974,3.37,0.59,10.1,5.84
7.8,0.26,0.44,1.3,0.037,10.0321585941463,43,132,0.9944,3.18,0.65,10,4.82
6.5,0.26,0.34,16.3,0.051,11.8456103540269,56,197,1.0004,3.49,0.42,9.8,5.06
6.3,0.34,0.29,6.2,0.046,11.7276756508892,29,227,0.9952,3.29,0.53,10.1,5.99
6.8,0.15,0.33,4.7,0.059,9.92311608960108,31,118,0.9956,3.43,0.39,9,7.08
6.3,0.27,0.25,5.8,0.038,9.89016647916142,52,155,0.995,3.28,0.38,9.4,5.99
6.3,0.27,0.25,5.8,0.038,10.3287204325755,52,155,0.995,3.28,0.38,9.4,6.04
7.4,0.2,0.37,16.95,0.048,8.47272056650077,43,190,0.9995,3.03,0.42,9.2,6.02
6.3,0.23,0.21,5.1,0.035,10.7391573491221,29,142,0.9942,3.36,0.33,10.1,7
7.3,0.31,0.69,10.2,0.041,10.0579596540514,58,160,0.9977,3.06,0.45,8.6,4.94
5.2,0.24,0.45,3.8,0.027,9.89980751466237,21,128,0.992,3.55,0.49,11.2,8.13
7.4,0.2,0.37,16.95,0.048,8.69654290973356,43,190,0.9995,3.03,0.42,9.2,6.07
8.3,0.21,0.58,17.1,0.049,11.1540353676531,62,213,1.0006,3.01,0.51,9.3,6.18
7.2,0.21,0.35,14.5,0.048,10.5619413342746,35,178,0.9982,3.05,0.47,8.9,6.07
7.1,0.21,0.4,1.2,0.069,9.33333576522536,24,156,0.9928,3.42,0.43,10.6,5.97
8.4,0.17,0.31,6.7,0.038,11.2540933332764,29,132,0.9945,3.1,0.32,10.6,7
7.4,0.24,0.31,8.4,0.045,9.08057536644853,52,183,0.9963,3.09,0.32,8.8,4.99
5.3,0.24,0.33,1.3,0.033,12.6494110986219,25,97,0.9906,3.59,0.38,11,7.79
6.5,0.28,0.26,8.8,0.04,8.81265874565789,44,139,0.9956,3.32,0.37,10.2,6.17
6.3,0.23,0.21,5.1,0.035,11.4206442547538,29,142,0.9942,3.36,0.33,10.1,7.11
5.8,0.29,0.21,2.6,0.025,10.6867588712968,12,120,0.9894,3.39,0.79,14,7.04
6.3,0.27,0.25,5.8,0.038,8.43267456062067,52,155,0.995,3.28,0.38,9.4,6.02
6.3,0.17,0.42,2.8,0.028,8.90911901405877,45,107,0.9908,3.27,0.43,11.8,5.89
6.3,0.16,0.4,1.6,0.033,9.05170976618854,59,148,0.9914,3.44,0.53,11.4,5.15
7.9,0.29,0.39,6.7,0.036,10.5561145856411,6,117,0.9938,3.12,0.42,10.7,4.98
7.3,0.31,0.69,10.2,0.041,9.9846183081633,58,160,0.9977,3.06,0.45,8.6,5.02
5.5,0.32,0.45,4.9,0.028,10.1713549179484,25,191,0.9922,3.51,0.49,11.5,7.04
5.2,0.24,0.45,3.8,0.027,10.8311239389182,21,128,0.992,3.55,0.49,11.2,7.9
7.2,0.37,0.15,2,0.029,10.132448066963,27,87,0.9903,3.3,0.59,12.6,6.89
6.1,0.29,0.27,1.7,0.024,10.9391261446534,13,76,0.9893,3.21,0.51,12.6,7
9.2,0.22,0.4,2.4,0.054,10.4801912238696,18,151,0.9952,3.04,0.46,9.3,4.06
7.2,0.37,0.15,2,0.029,10.5804077703178,27,87,0.9903,3.3,0.59,12.6,7.01
8,0.18,0.37,1.3,0.04,11.4933138767773,15,96,0.9912,3.06,0.61,12.1,6.07
7.4,0.18,0.4,1.6,0.047,9.23729455305334,22,102,0.9937,3.28,0.44,10.7,5.05
6.5,0.52,0.17,1.4,0.047,8.97045239910747,5,26,0.9932,3.26,0.32,10,3.86
7,0.15,0.38,2.2,0.047,8.89608750289166,33,96,0.9928,3.13,0.39,10.4,8.07
8.1,0.45,0.34,8.3,0.037,9.79690248585886,33,216,0.9976,3.31,0.64,9.7,4.95
6.4,0.5,0.16,12.9,0.042,9.84253401106851,26,138,0.9974,3.28,0.33,9,4.84
6.7,0.105,0.32,12.4,0.051,9.01594504797284,34,106,0.998,3.54,0.45,9.2,5.99
6.6,0.25,0.39,1.45,0.04,10.2829078361775,40,89,0.9911,3.35,0.4,11.4,6.93
9.8,0.36,0.45,1.6,0.042,10.0198259374036,11,124,0.9944,2.93,0.46,10.8,4.94
9.6,0.23,0.4,1.5,0.044,10.4710553078155,19,135,0.9937,2.96,0.49,10.9,5.12
6.3,0.55,0.45,13,0.047,9.85670270771098,33,182,0.9974,3.2,0.46,9.2,5.87
6.4,0.125,0.29,5.85,0.042,8.84368142400411,24,99,0.992,3.23,0.32,12,6.75
5.7,0.1,0.27,1.3,0.047,10.0525375482664,21,100,0.9928,3.27,0.46,9.5,4.93
7.9,0.25,0.29,5.3,0.031,9.98002345605762,33,117,0.9918,3.06,0.32,11.8,6.95
6.9,0.23,0.34,4,0.047,9.54380481312476,24,128,0.9944,3.2,0.52,9.7,5.9
7.4,0.41,0.34,4.7,0.042,9.3390518172353,19,127,0.9953,3.25,0.42,10.4,5.02
6.7,0.25,0.34,12.85,0.048,10.3830528655441,30,161,0.9986,3.44,0.47,9.5,6.12
6,0.26,0.42,5.2,0.027,12.900169765552,70,178,0.9914,3.4,0.4,12.3,7.88
9.2,0.28,0.46,3.2,0.058,9.76790320135134,39,133,0.996,3.14,0.58,9.5,5.14
9,0.31,0.49,6.9,0.034,9.54443178001265,26,91,0.9937,2.99,0.34,11.5,4.93
8.5,0.16,0.33,1,0.076,9.29291985188969,17,57,0.9921,3.14,0.46,10.6,6.07
9.2,0.28,0.46,3.2,0.058,8.00431089181665,39,133,0.996,3.14,0.58,9.5,4.87
7.2,0.24,0.3,1.6,0.048,9.80585073402778,27,131,0.9933,3.25,0.45,10.5,5.12
7.2,0.25,0.32,1.5,0.047,10.2405696634551,27,132,0.9933,3.26,0.44,10.5,5.08
6.8,0.32,0.18,7.5,0.041,9.61766509675943,71,223,0.9959,3.14,0.41,8.9,4.95
9.1,0.27,0.32,1.1,0.031,8.15940534189669,15,151,0.9936,3.03,0.41,10.6,4.91
8.9,0.34,0.32,1.3,0.041,10.0600437036194,12,188,0.9953,3.17,0.49,9.5,4.96
7,0.17,0.37,5.7,0.025,9.75675773216973,29,111,0.9938,3.2,0.49,10.8,6.08
6.7,0.25,0.23,7.2,0.038,9.4124872091937,61,220,0.9952,3.14,0.35,9.5,4.94
6.9,0.32,0.17,7.6,0.042,10.9459647190007,69,219,0.9959,3.13,0.4,8.9,4.81
6.8,0.32,0.18,7.5,0.041,10.929933861898,71,223,0.9959,3.14,0.41,8.9,4.99
6.1,0.6,0,1.3,0.042,11.925636671343,24,79,0.9937,3.31,0.38,9.4,4.08
5.3,0.395,0.07,1.3,0.035,11.893666374025,26,102,0.992,3.5,0.35,10.6,5.88
7.9,0.16,0.3,4.8,0.037,10.3210257663363,37,171,0.9967,3.47,0.44,9,3.98
7.6,0.33,0.36,2.1,0.034,11.2706962905201,26,172,0.9944,3.42,0.48,10.5,3.88
7.8,0.3,0.29,16.85,0.054,9.51213597155767,23,135,0.9998,3.16,0.38,9,6.01
7.8,0.3,0.29,16.85,0.054,9.71639743600535,23,135,0.9998,3.16,0.38,9,6.09
6.6,0.25,0.41,7.4,0.043,10.644250800878,29,151,0.9946,3.15,0.6,10.2,7.01
5.7,0.26,0.27,4.1,0.201,9.4506538058263,73.5,189.5,0.9942,3.27,0.38,9.4,5.98
6,0.24,0.32,6.3,0.03,9.75926031769034,34,129,0.9946,3.52,0.41,10.4,4.87
6.1,0.45,0.27,0.8,0.039,9.9446779058304,13,82,0.9927,3.23,0.32,9.5,5.08
7.4,0.23,0.43,1.4,0.044,8.63181353057379,22,113,0.9938,3.22,0.62,10.6,5.96
7.5,0.14,0.34,1.3,0.055,11.0182253124834,50,153,0.9945,3.29,0.8,9.6,5.96
7.7,0.25,0.43,4.5,0.062,8.70295047846686,20,115,0.9966,3.38,0.5,9.9,5.96
8.2,0.61,0.45,5.4,0.03,10.7576221705025,15,118,0.9954,3.14,0.34,9.6,4.95
7.4,0.22,0.33,2,0.045,8.8735654318417,31,101,0.9931,3.42,0.55,11.4,5.15
7.2,0.26,0.26,12.7,0.036,10.196871739707,49,214,0.9986,3.41,0.5,10,6.1
6.4,0.25,0.41,8.6,0.042,10.375406691715,57,173,0.9965,3,0.44,9.1,5.12
6.3,0.32,0.35,11.1,0.039,11.3342312878517,29,198,0.9984,3.36,0.5,9.4,6.97
9.8,0.44,0.4,2.8,0.036,9.55270404324853,35,167,0.9956,2.97,0.39,9.2,4.9
7.2,0.2,0.25,4.5,0.044,9.61816041452925,31,109,0.9949,3.23,0.36,9.4,4.99
8.2,0.61,0.45,5.4,0.03,10.981404513082,15,118,0.9954,3.14,0.34,9.6,5.22
7.5,0.42,0.45,9.1,0.029,9.32165102540575,20,125,0.996,3.12,0.36,10.1,6
7.4,0.22,0.33,2,0.045,8.53245614948647,31,101,0.9931,3.42,0.55,11.4,4.97
6.4,0.26,0.3,2.2,0.025,10.5838207858087,33,134,0.992,3.21,0.47,10.6,5.94
6.5,0.41,0.64,11.8,0.065,9.44319486058144,65,225,0.9978,3.12,0.51,8.9,5.21
7.5,0.32,0.37,1.2,0.048,9.85952740733915,22,184,0.9938,3.09,0.43,9.3,5.04
6.6,0.21,0.38,2.2,0.026,9.6466041002538,40,104,0.9914,3.25,0.4,11.1,7.97
7.1,0.21,0.3,1.4,0.037,9.06191943447261,45,143,0.9932,3.13,0.33,9.9,6.21
7.6,0.26,0.47,1.6,0.068,10.5842483565084,5,55,0.9944,3.1,0.45,9.6,4.92
6.9,0.25,0.26,5.2,0.024,9.05970080847734,36,135,0.9948,3.16,0.72,10.7,6.96
6.2,0.37,0.22,8.3,0.025,11.0460971866458,36,216,0.9964,3.33,0.6,9.6,5.82
6.9,0.25,0.26,5.2,0.024,10.9820889886762,36,135,0.9948,3.16,0.72,10.7,7
7.1,0.26,0.32,14.45,0.074,8.10174318644219,29,107,0.998,2.96,0.42,9.2,5.84
7.4,0.25,0.37,6.9,0.02,10.4534753469297,14,93,0.9939,3,0.48,10.7,6.94
6.8,0.18,0.37,1.5,0.027,9.65730795890927,37,93,0.992,3.3,0.45,10.8,5.84
7,0.17,0.37,1.5,0.028,10.5237904069774,26,75,0.9922,3.3,0.46,10.8,7.19
6.4,0.3,0.38,7.8,0.046,10.063507486982,35,192,0.9955,3.1,0.37,9,4.81
5,0.33,0.16,1.5,0.049,9.52394515944938,10,97,0.9917,3.48,0.44,10.7,5.79
5,0.33,0.16,1.5,0.049,9.49488562555947,10,97,0.9917,3.48,0.44,10.7,6.07
8.9,0.33,0.32,1.5,0.047,9.99486904344026,11,200,0.9954,3.19,0.46,9.4,5.09
7,0.26,0.46,15.55,0.037,9.08158374855073,61,171,0.9986,2.94,0.35,8.8,5.98
6.4,0.3,0.38,7.8,0.046,10.743085182268,35,192,0.9955,3.1,0.37,9,4.98
6.3,0.21,0.4,1.7,0.031,8.50877668048904,48,134,0.9917,3.42,0.49,11.5,6.07
8,0.23,0.46,1.5,0.03,9.80325965609099,30,125,0.9907,3.23,0.47,12.5,6.14
9.2,0.28,0.41,1,0.042,10.09401667622,14,59,0.9922,2.96,0.25,10.5,5.84
7.3,0.27,0.39,6.7,0.064,8.64805302758564,28,188,0.9958,3.29,0.3,9.7,5.13
7.6,0.32,0.36,1.6,0.04,9.90155486184039,32,155,0.993,3.23,0.52,11.3,6.02
5,0.33,0.16,1.5,0.049,10.8607284296984,10,97,0.9917,3.48,0.44,10.7,5.97
8,0.28,0.42,7.1,0.045,8.99226367978543,41,169,0.9959,3.17,0.43,10.6,5.09
8.2,0.37,0.36,1,0.034,10.0981328354486,17,93,0.9906,3.04,0.32,11.7,8.13
8,0.61,0.38,12.1,0.301,8.43462741500949,24,220,0.9993,2.94,0.48,9.2,4.97
7.2,0.26,0.44,7.1,0.027,8.6652615545747,25,126,0.993,3.02,0.34,11.1,8.08
8.2,0.37,0.36,1,0.034,9.73633022149208,17,93,0.9906,3.04,0.32,11.7,8.03
5.9,0.4,0.32,6,0.034,12.8395691256346,50,127,0.992,3.51,0.58,12.5,7.18
7.6,0.28,0.39,1.2,0.038,10.2942855973239,21,115,0.994,3.16,0.67,10,6.02
8,0.28,0.42,7.1,0.045,10.1379464180022,41,169,0.9959,3.17,0.43,10.6,4.99
7.2,0.23,0.39,2.3,0.033,10.9935607278254,29,102,0.9908,3.26,0.54,12.3,7.05
6.8,0.32,0.37,3.4,0.023,9.66209987816658,19,87,0.9902,3.14,0.53,12.7,6.04
7.2,0.23,0.39,2.3,0.033,8.3066615053442,29,102,0.9908,3.26,0.54,12.3,6.93
6.9,0.18,0.38,6.5,0.039,9.83908543944799,20,110,0.9943,3.1,0.42,10.5,4.99
8.3,0.33,0.42,1.15,0.033,9.07387910461483,18,96,0.9911,3.2,0.32,12.4,2.99
7.3,0.29,0.3,13,0.043,10.0226549875565,46,238,0.9986,3.06,0.41,8.7,5.97
7.9,0.41,0.37,4.5,0.03,9.60747578324154,40,114,0.992,3.17,0.54,12.4,7.07
7.9,0.44,0.37,5.85,0.033,10.821466787021,27,93,0.992,3.16,0.54,12.6,7.04
7.7,0.39,0.3,5.2,0.037,10.5773635818582,29,131,0.9943,3.38,0.44,11,5.95
7.7,0.26,0.31,1.3,0.043,9.18133101359932,47,155,0.9937,3.42,0.5,10.1,5.89
7.8,0.32,0.31,1.7,0.036,10.3793034469208,46,195,0.993,3.03,0.48,10.5,5.08
6.8,0.32,0.37,3.4,0.023,9.29414553539593,19,87,0.9902,3.14,0.53,12.7,6.01
7.3,0.24,0.39,3.6,0.024,8.79642429999145,35,116,0.9928,3.17,0.51,10.9,5.05
7.1,0.44,0.37,2.7,0.041,9.89848376545425,35,128,0.9896,3.07,0.43,13.5,6.97
10.3,0.25,0.48,2.2,0.042,9.85399863826652,28,164,0.998,3.19,0.59,9.7,4.83
7.4,0.18,0.42,2.1,0.036,9.27104852524112,33,187,0.9938,3.4,0.41,10.6,7.24
8.1,0.43,0.42,6.6,0.033,10.2905483455731,36,141,0.9918,2.98,0.39,13.3,6.85
8,0.66,0.72,17.55,0.042,11.2420081814702,62,233,0.9999,2.92,0.68,9.4,3.96
8,0.2,0.4,5.2,0.055,8.84476858279393,41,167,0.9953,3.18,0.4,10.6,7.14
7.2,0.21,0.34,1.1,0.046,9.82414918261172,25,80,0.992,3.25,0.4,11.3,5.98
7.2,0.18,0.31,1.1,0.045,11.2881087521603,20,73,0.9925,3.32,0.4,10.8,6.97
8.4,0.57,0.44,10.7,0.051,9.26861345283479,46,195,0.9981,3.15,0.51,10.4,4.87
5.7,0.245,0.33,1.1,0.049,10.155418085809,28,150,0.9927,3.13,0.42,9.3,5.1
5.6,0.245,0.32,1.1,0.047,9.82256075066962,24,152,0.9927,3.12,0.42,9.3,6.23
7,0.16,0.73,1,0.138,10.3678935300912,58,150,0.9936,3.08,0.3,9.2,4.91
6.4,0.22,0.34,1.8,0.057,10.6035555221451,29,104,0.9959,3.81,0.57,10.3,5.95
7.3,0.18,0.65,1.4,0.046,8.70681049039857,28,157,0.9946,3.33,0.62,9.4,6.06
6.9,0.29,0.16,6.8,0.034,9.04382568447634,65,212,0.9955,3.08,0.39,9,6.03
6.2,0.21,0.38,6.8,0.036,9.89002285747845,64,245,0.9951,3.06,0.36,9.3,5.87
6.4,0.23,0.3,7.1,0.037,8.59939892070078,63,236,0.9952,3.06,0.34,9.2,5.96
7.3,0.19,0.68,1.5,0.05,13.2598063927137,31,156,0.9946,3.32,0.64,9.4,5.91
7.3,0.18,0.65,1.4,0.046,10.2925958126037,28,157,0.9946,3.33,0.62,9.4,5.91
9.6,0.29,0.46,1.45,0.039,10.6472396095478,77.5,223,0.9944,2.92,0.46,9.5,5.93
7.2,0.14,0.35,1.2,0.036,9.92787903489228,15,73,0.9938,3.46,0.39,9.9,4.96
6.9,0.31,0.34,7.4,0.059,10.2371673132044,36,174,0.9963,3.46,0.62,11.1,7
7.5,0.28,0.34,4.2,0.028,11.8105693782261,36,116,0.991,2.99,0.41,12.3,8.06
8,0.22,0.42,14.6,0.044,9.65327682848584,45,163,1.0003,3.21,0.69,8.6,6.95
7.6,0.31,0.29,10.5,0.04,9.43793101182789,21,145,0.9966,3.04,0.35,9.4,4.91
8.4,0.35,0.56,13.8,0.048,8.65640784437513,55,190,0.9993,3.07,0.58,9.4,6.16
8,0.22,0.42,14.6,0.044,8.93395185649797,45,163,1.0003,3.21,0.69,8.6,7.1
8.1,0.5,0.47,1.1,0.037,9.30564671123595,23,126,0.9938,3.21,0.42,10.9,5.07
7,0.39,0.31,5.3,0.169,9.75214925163591,32,162,0.9965,3.2,0.48,9.4,5.17
8.1,0.5,0.47,1.1,0.037,9.82176799126093,23,126,0.9938,3.21,0.42,10.9,4.9
8.4,0.35,0.56,13.8,0.048,10.0311841122306,55,190,0.9993,3.07,0.58,9.4,6.2
6.2,0.22,0.27,1.5,0.064,10.5013801163696,20,132,0.9938,3.22,0.46,9.2,6.12
7.6,0.31,0.29,10.5,0.04,10.2732211817725,21,145,0.9966,3.04,0.35,9.4,5.06
7,0.24,0.36,4.9,0.083,10.9365666246195,10,133,0.9942,3.33,0.37,10.8,6.01
6.6,0.27,0.3,1.9,0.025,10.458743064112,14,153,0.9928,3.29,0.62,10.5,5.99
7.8,0.16,0.41,1.7,0.026,9.19972089647571,29,140,0.991,3.02,0.78,12.5,5.84
7.7,0.27,0.34,1.8,0.028,8.85922895443977,26,168,0.9911,2.99,0.48,12.1,7.07
7.4,0.31,0.74,10.7,0.039,9.91809970908229,51,147,0.9977,3.02,0.43,8.7,5.21
7.7,0.27,0.34,1.8,0.028,9.84756816379513,26,168,0.9911,2.99,0.48,12.1,7.02
7.8,0.16,0.41,1.7,0.026,9.69602304453534,29,140,0.991,3.02,0.78,12.5,5.99
6.6,0.16,0.29,1.8,0.05,9.82529373538682,40,147,0.9912,3.06,0.44,11.4,7.02
8.3,0.21,0.4,1.6,0.032,9.888104026526,35,110,0.9907,3.02,0.6,12.9,7.11
7.2,0.32,0.33,1.4,0.029,10.1974910331663,29,109,0.9902,3.15,0.51,12.8,7.15
6.6,0.16,0.3,1.6,0.034,8.91120650308652,15,78,0.992,3.38,0.44,11.2,6.04
8.4,0.16,0.33,1.5,0.033,9.16911658486758,16,98,0.994,3.14,0.42,9.7,6.11
6.9,0.39,0.22,4.3,0.03,9.08070510655027,10,102,0.993,3,0.87,11.6,4.12
6.9,0.41,0.22,4.2,0.031,10.3454951427355,10,102,0.993,3,0.86,11.6,4.36
7.5,0.23,0.32,9.2,0.038,9.94047616351114,54,191,0.9966,3.04,0.56,9.7,5.99
7.5,0.38,0.33,5,0.045,10.8816725427901,30,131,0.9942,3.32,0.44,10.9,5.93
7.3,0.34,0.39,5.2,0.04,10.3991049162571,45,163,0.9925,3.3,0.47,12.4,5.96
7.8,0.23,0.28,4.75,0.042,9.58456673547036,45,166,0.9928,2.96,0.4,11.5,5.06
9,0.245,0.38,5.9,0.045,9.98134285776109,52,159,0.995,2.93,0.35,10.2,6.03
7.4,0.19,0.42,6.4,0.067,10.1711326008808,39,212,0.9958,3.3,0.33,9.6,5.9
8.2,0.2,0.36,8.1,0.035,11.3894989236599,60,163,0.9952,3.05,0.3,10.3,5.88
8,0.59,0.71,17.35,0.038,9.70577192928783,61,228,1,2.95,0.75,9.3,5.16
6.8,0.24,0.4,1.8,0.047,10.5529439940469,34,105,0.99,3.13,0.49,12.8,7.91
9.7,0.14,0.59,1.5,0.049,10.1325342630732,23,142,0.9958,2.98,0.62,9.5,4.89
9.4,0.17,0.55,1.6,0.049,10.2334723057748,14,94,0.9949,3.02,0.61,10.3,6.06
5.2,0.365,0.08,13.5,0.041,8.11342561081845,37,142,0.997,3.46,0.39,9.9,5.95
9.6,0.25,0.54,1.3,0.04,10.2747658097779,16,160,0.9938,2.94,0.43,10.5,5.02
9.2,0.32,0.42,1.3,0.046,10.3681882206379,14,186,0.9949,3.08,0.48,9.6,5.02
6.4,0.31,0.4,6.2,0.04,8.87129264692762,46,169,0.9953,3.15,0.46,9.3,6
8.1,0.2,0.36,9.7,0.044,12.2717813808445,63,162,0.997,3.1,0.46,10,5.97
7.9,0.255,0.26,2,0.026,9.9251914948671,40,190,0.9932,3.04,0.39,11.2,5.98
7,0.15,0.34,1.4,0.039,10.0880850525863,21,177,0.9927,3.32,0.62,10.8,5.12
6.4,0.15,0.31,1.1,0.044,10.720611566316,25,96,0.9932,3.54,0.51,10.3,5.87
6.4,0.25,0.53,6.6,0.038,9.84544643264472,59,234,0.9955,3.03,0.42,8.8,5.11
7.6,0.19,0.42,1.5,0.044,11.089614861079,6,114,0.9914,3.04,0.74,12.8,5.96
7.3,0.43,0.37,4.6,0.028,9.32996109548042,17,114,0.991,3.23,0.43,13.2,6.07
6.2,0.2,0.26,1.7,0.093,9.01679759630659,40,161,0.9924,3.44,0.66,11,4.87
6.9,0.16,0.35,1.3,0.043,10.3639525411553,21,182,0.9927,3.25,0.62,10.8,6.03
7.7,0.32,0.48,2.3,0.04,9.95609699461398,28,114,0.9911,3.2,0.52,12.8,6.94
6.8,0.26,0.33,1.5,0.047,10.1587576656549,44,167,0.9928,3.12,0.44,10.5,5.92
5.2,0.37,0.33,1.2,0.028,7.64690854333188,13,81,0.9902,3.37,0.38,11.7,5.82
8.4,0.19,0.43,2.1,0.052,8.68067827885668,20,104,0.994,2.85,0.46,9.5,4.91
8.3,0.21,0.41,2.2,0.05,10.1231512892583,24,108,0.994,2.85,0.45,9.5,4.94
7.9,0.16,0.64,17,0.05,9.02377319856024,69,210,1.0004,3.15,0.51,9.3,6.98
7.8,0.21,0.39,1.8,0.034,10.6356765529805,62,180,0.991,3.09,0.75,12.6,7.94
9,0.24,0.5,1.2,0.048,10.3258206708321,26,107,0.9918,3.21,0.34,12.4,5.96
5.7,0.21,0.24,2.3,0.047,9.13388231231052,60,189,0.995,3.65,0.72,10.1,6.03
7.8,0.29,0.36,7,0.042,8.02260901456624,38,161,0.9941,3.26,0.37,11.2,7.88
6.7,0.18,0.3,6.4,0.048,8.12740908018871,40,251,0.9956,3.29,0.52,10,5.08
6.7,0.18,0.3,6.4,0.048,10.5546737359078,40,251,0.9956,3.29,0.52,10,5
7.2,0.16,0.32,0.8,0.04,6.54068128214649,50,121,0.9922,3.27,0.33,10,5.8
7.6,0.54,0.23,2,0.029,10.2860300008535,13,151,0.9931,3.04,0.33,10.4,4.97
8.4,0.58,0.27,12.15,0.033,11.2342400738433,37,116,0.9959,2.99,0.39,10.8,5.94
6.6,0.25,0.31,12.4,0.059,10.8007647400851,52,181,0.9984,3.51,0.47,9.8,6.08
7.3,0.23,0.37,1.9,0.041,11.9307199350694,51,165,0.9908,3.26,0.4,12.2,8.14
7.3,0.39,0.37,1.1,0.043,9.17556547668332,36,113,0.991,3.39,0.48,12.7,8.12
8.2,0.35,0.4,6.3,0.039,10.4283406801344,35,162,0.9936,3.15,0.34,11.9,6.92
7.8,0.29,0.36,7,0.042,10.8005236450669,38,161,0.9941,3.26,0.37,11.2,7.99
9.2,0.35,0.39,0.9,0.042,8.24272078488256,15,61,0.9924,2.96,0.28,10.4,3.89
6.5,0.37,0.33,3.9,0.027,9.30686267600304,40,130,0.9906,3.28,0.39,12.7,7.08
5.7,0.21,0.24,2.3,0.047,10.7659068686472,60,189,0.995,3.65,0.72,10.1,6.01
6.7,0.18,0.3,6.4,0.048,11.8792788537542,40,251,0.9956,3.29,0.52,10,5.06
7.8,0.13,0.3,1.8,0.04,8.86955033826567,43,179,0.9955,3.43,0.41,9,4.88
7.3,0.22,0.41,15.4,0.05,10.826404223098,55,191,1,3.32,0.59,8.9,5.88
6.3,0.29,0.4,6.5,0.039,10.0417212715846,43,167,0.9953,3.15,0.44,9.3,5.92
6.8,0.35,0.32,2.4,0.048,10.0409725949836,35,103,0.9911,3.28,0.46,12,8.02
6.5,0.19,0.32,1.4,0.04,9.1429687804734,31,132,0.9922,3.36,0.54,10.8,6.92
6,0.13,0.28,5.7,0.038,9.11908241981247,56,189.5,0.9948,3.59,0.43,10.6,6.87
6.4,0.25,0.33,1.4,0.04,9.37392317838525,42,115,0.9906,3.19,0.48,11.3,6.86
6.9,0.32,0.16,1.4,0.051,10.7162817467294,15,96,0.994,3.22,0.38,9.5,3.91
7.6,0.19,0.41,1.1,0.04,8.92684238127122,38,143,0.9907,2.92,0.42,11.4,5.17
6.7,0.13,0.28,1.2,0.046,10.4003247952523,35,140,0.9927,3.33,0.33,10.1,6.93
7,0.14,0.41,0.9,0.037,11.5751489202916,22,95,0.9914,3.25,0.43,10.9,5.89
7.6,0.27,0.24,3.8,0.058,9.97685146126232,19,115,0.9958,3.15,0.45,8.9,4.86
7.3,0.22,0.41,15.4,0.05,10.5671825672703,55,191,1,3.32,0.59,8.9,5.98
7.4,0.64,0.47,14.15,0.168,9.13431530241182,42,185,0.9984,2.9,0.49,9.3,4.96
7.6,0.28,0.39,1.9,0.052,10.044676078658,23,116,0.9941,3.25,0.4,10.4,6.03
8.3,0.26,0.41,9.2,0.042,11.3427023245894,41,162,0.9944,3.1,0.38,12,6.97
10.7,0.22,0.56,8.2,0.044,9.2037152853885,37,181,0.998,2.87,0.68,9.5,6.09
6.9,0.23,0.34,2.7,0.032,9.80698959568837,24,121,0.9902,3.14,0.38,12.4,7.11
6.2,0.3,0.32,1.7,0.032,10.0400877612404,30,130,0.9911,3.28,0.41,11.2,7.02
6.9,0.27,0.41,1.7,0.047,9.49808378606788,6,134,0.9929,3.15,0.69,11.4,6.11
6.9,0.28,0.41,1.7,0.05,9.78698981105298,10,136,0.993,3.16,0.71,11.4,5.99
6.9,0.28,0.3,1.6,0.047,7.5008382899929,46,132,0.9918,3.35,0.38,11.1,7.09
6.9,0.46,0.2,0.9,0.054,12.253773276793,5,126,0.992,3.1,0.42,10.4,5.98
6.9,0.38,0.32,8.5,0.044,10.7417846043109,36,152,0.9932,3.38,0.35,12,6.93
5.7,0.43,0.3,5.7,0.039,12.1873035796238,24,98,0.992,3.54,0.61,12.3,6.88
7.1,0.36,0.56,1.3,0.046,10.1279420840189,25,102,0.9923,3.24,0.33,10.5,5.93
6.8,0.23,0.4,1.6,0.047,9.11621985762706,5,133,0.993,3.23,0.7,11.4,6.06
6.2,0.33,0.29,1.3,0.042,9.77237328729125,26,138,0.9956,3.77,0.64,9.5,4.99
6.6,0.42,0.33,2.8,0.034,11.2656972136677,15,85,0.99,3.28,0.51,13.4,5.91
7.3,0.18,0.29,1.2,0.044,10.7382931178349,12,143,0.9918,3.2,0.48,11.3,7.15
8.1,0.19,0.4,0.9,0.037,8.33027022038494,73,180,0.9926,3.06,0.34,10,5.98
5.9,0.19,0.26,7.4,0.034,10.9345239001249,33,123,0.995,3.49,0.42,10.1,5.88
6.2,0.16,0.47,1.4,0.029,10.2903132114171,23,81,0.99,3.26,0.42,12.2,5.96
6.6,0.42,0.33,2.8,0.034,10.1936245418072,15,85,0.99,3.28,0.51,13.4,6.01
5.7,0.135,0.3,4.6,0.042,11.0735156863737,19,101,0.9946,3.31,0.42,9.3,6.08
5.6,0.49,0.13,4.5,0.039,9.64343665119286,17,116,0.9907,3.42,0.9,13.7,6.99
6.9,0.19,0.33,1.6,0.039,10.3953163937197,27,98,0.9898,3.09,0.46,12.3,7.01
7.3,0.18,0.29,1.2,0.044,8.04270256762077,12,143,0.9918,3.2,0.48,11.3,6.9
7.3,0.25,0.36,13.1,0.05,9.76092405228284,35,200,0.9986,3.04,0.46,8.9,7.08
7.3,0.25,0.36,13.1,0.05,10.2145867286851,35,200,0.9986,3.04,0.46,8.9,7.01
7,0.2,0.34,5.7,0.035,11.217628698635,32,83,0.9928,3.19,0.46,11.5,6.07
7.3,0.25,0.36,13.1,0.05,11.5076380899536,35,200,0.9986,3.04,0.46,8.9,7.15
6.3,0.67,0.48,12.6,0.052,9.33877121266593,57,222,0.9979,3.17,0.52,9.3,6.02
7.4,0.4,0.29,5.4,0.044,9.98419948348602,31,122,0.994,3.3,0.5,11.1,7.97
6.3,0.39,0.24,6.9,0.069,10.5838695931972,9,117,0.9942,3.15,0.35,10.2,3.91
8.2,0.22,0.36,6.8,0.034,8.10551474535718,12,90,0.9944,3.01,0.38,10.5,8.04
7.1,0.19,0.28,3.6,0.033,11.1128068064702,16,78,0.993,2.91,0.78,11.4,5.85
7.3,0.25,0.36,13.1,0.05,9.5368572878697,35,200,0.9986,3.04,0.46,8.9,6.83
7.9,0.2,0.34,1.2,0.04,9.18278970066009,29,118,0.9932,3.14,0.41,10.6,5.93
7.1,0.26,0.32,5.9,0.037,11.1474069248272,39,97,0.9934,3.31,0.4,11.6,6.11
7,0.2,0.34,5.7,0.035,10.5216928502925,32,83,0.9928,3.19,0.46,11.5,6.01
6.9,0.3,0.33,4.1,0.035,9.65272926395219,26,155,0.9925,3.25,0.79,12.3,7.95
8.1,0.29,0.49,7.1,0.042,11.640188419857,22,124,0.9944,3.14,0.41,10.8,6.07
5.8,0.17,0.3,1.4,0.037,11.1631380719987,55,130,0.9909,3.29,0.38,11.3,5.96
5.9,0.415,0.02,0.8,0.038,10.3851328339623,22,63,0.9932,3.36,0.36,9.3,4.99
6.6,0.23,0.26,1.3,0.045,10.5158697623225,16,128,0.9934,3.36,0.6,10,6.01
6.9,0.35,0.74,1,0.044,9.26345903210177,18,132,0.992,3.13,0.55,10.2,5.13
7.6,0.14,0.74,1.6,0.04,10.4801232446488,27,103,0.9916,3.07,0.4,10.8,7.13
9.2,0.28,0.49,11.8,0.042,9.64320628829072,29,137,0.998,3.1,0.34,10.1,4.1
6.2,0.18,0.49,4.5,0.047,10.4295975746244,17,90,0.9919,3.27,0.37,11.6,6.03
5.3,0.165,0.24,1.1,0.051,10.5004677844093,25,105,0.9925,3.32,0.47,9.1,5.19
9.8,0.25,0.74,10,0.056,8.74065282365361,36,225,0.9977,3.06,0.43,10,4.2
8.1,0.29,0.49,7.1,0.042,10.7655208705684,22,124,0.9944,3.14,0.41,10.8,6.13
6.8,0.22,0.49,0.9,0.052,11.5152079735694,26,128,0.991,3.25,0.35,11.4,5.98
7.2,0.22,0.49,1,0.045,10.8393405021078,34,140,0.99,3.05,0.34,12.7,5.9
7.4,0.25,0.49,1.1,0.042,11.3118250090773,35,156,0.9917,3.13,0.55,11.3,5.02
8.2,0.18,0.49,1.1,0.033,11.8205318943371,28,81,0.9923,3,0.68,10.4,6.94
6.1,0.22,0.49,1.5,0.051,10.3637050482966,18,87,0.9928,3.3,0.46,9.6,5.03
7,0.39,0.24,1,0.048,11.1078585128757,8,119,0.9923,3,0.31,10.1,3.94
6.1,0.22,0.49,1.5,0.051,9.51404160235203,18,87,0.9928,3.3,0.46,9.6,5.09
6.5,0.36,0.49,2.9,0.03,10.5814799659192,16,94,0.9902,3.1,0.49,12.1,7.22
7.4,0.25,0.49,1.1,0.042,10.3751976066119,35,156,0.9917,3.13,0.55,11.3,5.07
8.2,0.18,0.49,1.1,0.033,8.44656583189453,28,81,0.9923,3,0.68,10.4,6.99
6.3,0.23,0.49,7.1,0.05,9.59087330493544,67,210,0.9951,3.23,0.34,9.5,5.14
6.1,0.25,0.49,7.6,0.052,9.9431335928953,67,226,0.9956,3.16,0.47,8.9,5.16
7.2,0.26,0.74,13.6,0.05,12.165868848582,56,162,0.998,3.03,0.44,8.8,5.02
7.2,0.31,0.24,1.4,0.057,10.1788138142103,17,117,0.9928,3.16,0.35,10.5,4.67
8,0.25,0.49,1.2,0.061,10.6050858470775,27,117,0.9938,3.08,0.34,9.4,4.97
7,0.18,0.49,5.3,0.04,10.9430584671196,34,125,0.9914,3.24,0.4,12.2,6.05
7.8,0.43,0.49,13,0.033,8.60539183477397,37,158,0.9955,3.14,0.35,11.3,5.87
8.3,0.2,0.74,4.45,0.044,10.6698076071517,33,130,0.9924,3.25,0.42,12.2,5.87
6.3,0.27,0.49,1.2,0.063,8.5935641181144,35,92,0.9911,3.38,0.42,12.2,6.09
7.4,0.16,0.49,1.2,0.055,8.248865080758,18,150,0.9917,3.23,0.47,11.2,5.72
7.4,0.16,0.49,1.2,0.055,10.7942461429356,18,150,0.9917,3.23,0.47,11.2,6.02
6.9,0.19,0.49,6.6,0.036,10.1949009187194,49,172,0.9932,3.2,0.27,11.5,5.97
7.8,0.43,0.49,13,0.033,9.2793068359289,37,158,0.9955,3.14,0.35,11.3,5.93
7.2,0.4,0.49,1.1,0.048,9.6875115076168,11,138,0.9929,3.01,0.42,9.3,5.01
7.8,0.43,0.49,13,0.033,8.88536548604251,37,158,0.9955,3.14,0.35,11.3,6.01
7.6,0.52,0.49,14,0.034,10.8817801786238,37,156,0.9958,3.14,0.38,11.8,7.02
8.3,0.21,0.49,19.8,0.054,11.9326299577066,50,231,1.0012,2.99,0.54,9.2,5.01
6.9,0.34,0.74,11.2,0.069,7.36215667778739,44,150,0.9968,3,0.81,9.2,4.95
6.3,0.27,0.49,1.2,0.063,8.67156361866731,35,92,0.9911,3.38,0.42,12.2,6.03
8.3,0.2,0.74,4.45,0.044,8.40332383565061,33,130,0.9924,3.25,0.42,12.2,6.14
7.1,0.22,0.74,2.7,0.044,9.65365632485008,42,144,0.991,3.31,0.41,12.2,6.07
7.9,0.11,0.49,4.5,0.048,9.56294758847229,27,133,0.9946,3.24,0.42,10.6,6.15
8.5,0.17,0.74,3.6,0.05,9.49423801672036,29,128,0.9928,3.28,0.4,12.4,5.97
6.4,0.145,0.49,5.4,0.048,9.76470112771429,54,164,0.9946,3.56,0.44,10.8,6.06
7.4,0.16,0.49,1.2,0.055,9.08644418321612,18,150,0.9917,3.23,0.47,11.2,6.05
8.3,0.19,0.49,1.2,0.051,10.607186387665,11,137,0.9918,3.06,0.46,11,5.93
8,0.44,0.49,9.1,0.031,11.5308506193721,46,151,0.9926,3.16,0.27,12.7,7.92
7,0.2,0.74,0.8,0.044,8.48582467957047,19,163,0.9931,3.46,0.53,10.2,5.19
7.1,0.25,0.49,3,0.03,10.2334429653267,30,96,0.9903,3.13,0.39,12.3,7.1
6.5,0.24,0.24,1.6,0.046,10.5687629661315,15,60,0.9928,3.19,0.39,9.8,4.97
7.2,0.4,0.49,1.1,0.048,9.29813924724327,11,138,0.9929,3.01,0.42,9.3,4.89
7.6,0.52,0.49,14,0.034,9.63196905732507,37,156,0.9958,3.14,0.38,11.8,6.85
7.8,0.43,0.49,13,0.033,11.1407801711037,37,158,0.9955,3.14,0.35,11.3,5.88
7.8,0.21,0.49,1.35,0.052,9.46572853233719,6,48,0.9911,3.15,0.28,11.4,4.8
7,0.2,0.49,5.9,0.038,9.71239176173073,39,128,0.9938,3.21,0.48,10.8,5.91
6.9,0.25,0.24,3.6,0.057,10.5693945810047,13,85,0.9942,2.99,0.48,9.5,4.1
7.1,0.85,0.49,8.7,0.028,8.97725348535167,40,184,0.9962,3.22,0.36,10.7,5.17
7.6,0.51,0.24,1.2,0.04,9.83979096520069,10,104,0.992,3.05,0.29,10.8,5.98
7.9,0.22,0.24,4.6,0.044,10.9316822552605,39,159,0.9927,2.99,0.28,11.5,5.91
7.2,0.08,0.49,1.3,0.05,9.04815641499759,18,148,0.9945,3.46,0.44,10.2,5.94
6.7,0.16,0.49,2.4,0.046,9.08998361216506,57,187,0.9952,3.62,0.81,10.4,6.01
6.9,0.25,0.24,3.6,0.057,8.63957739044283,13,85,0.9942,2.99,0.48,9.5,4.01
7.5,0.32,0.24,4.6,0.053,9.38038869736873,8,134,0.9958,3.14,0.5,9.1,3.08
7.4,0.28,0.49,1.5,0.034,8.75416490115747,20,126,0.9918,2.98,0.39,10.6,6.05
6.2,0.15,0.49,0.9,0.033,11.9993349892515,17,51,0.9932,3.3,0.7,9.4,6.08
6.7,0.25,0.74,19.4,0.054,10.2338795033364,44,169,1.0004,3.51,0.45,9.8,6.01
7.9,0.16,0.74,17.85,0.037,11.5024443413745,52,187,0.9998,2.99,0.41,9.3,5.04
5.6,0.185,0.49,1.1,0.03,9.34220397951338,28,117,0.9918,3.55,0.45,10.3,6.04
7.5,0.2,0.49,1.3,0.031,11.6514223614029,8,97,0.9918,3.06,0.62,11.1,4.96
8,0.3,0.49,9.4,0.046,8.86309983786286,47,188,0.9964,3.14,0.48,10,4.96
8,0.34,0.49,9,0.033,8.88718658481791,39,180,0.9936,3.13,0.38,12.3,8.11
7.7,0.35,0.49,8.65,0.033,8.28067642958028,42,186,0.9931,3.14,0.38,12.4,8.13
7.6,0.29,0.49,9.6,0.03,11.2873866716415,45,197,0.9938,3.13,0.38,12.3,7.01
6.7,0.62,0.24,1.1,0.039,8.65887322192147,6,62,0.9934,3.41,0.32,10.4,4.96
7.7,0.27,0.49,1.8,0.041,11.4723529006353,23,86,0.9914,3.16,0.42,12.5,5.88
6.7,0.51,0.24,2.1,0.043,8.97028116930785,14,155,0.9904,3.22,0.6,13,5.91
7.4,0.19,0.49,9.3,0.03,9.00619461009071,26,132,0.994,2.99,0.32,11,7.09
8.3,0.2,0.49,1.7,0.04,10.0764040064807,34,169,0.9938,3.05,0.37,10.1,4.91
6.6,0.3,0.24,1.2,0.034,9.10009466253509,17,121,0.9933,3.13,0.36,9.2,5.09
7,0.17,0.74,12.8,0.045,10.3161151934402,24,126,0.9942,3.26,0.38,12.2,8.05
8.1,0.2,0.49,8.1,0.051,11.8042202503258,51,205,0.9954,3.1,0.52,11,6.09
7.8,0.26,0.74,7.5,0.044,11.2996260730735,59,160,0.996,3.22,0.64,10,6.13
6.8,0.21,0.49,14.5,0.06,8.25578780215955,50,170,0.9991,3.55,0.44,9.8,5.99
7.9,0.2,0.49,1.6,0.053,11.0910423988343,15,144,0.993,3.16,0.47,10.5,5.06
8,0.18,0.49,1.8,0.061,9.67599013009951,10,145,0.9942,3.23,0.48,10,4.82
8.8,0.23,0.74,3.2,0.042,8.80678642792826,15,126,0.9934,3.02,0.51,11.2,5.97
7.3,0.22,0.49,9.4,0.034,10.4406345773962,29,134,0.9939,2.99,0.32,11,6.88
7.3,0.155,0.49,1.3,0.039,10.1089627286114,34,136,0.9926,3.14,0.77,10.5,5.98
8.2,0.22,0.49,9.6,0.037,10.8029201754805,53,154,0.9951,3.02,0.33,10.6,5.98
8.2,0.24,0.49,9.3,0.038,9.48848394681186,52,163,0.9952,3.02,0.33,10.6,6.1
8.4,0.23,0.49,7.8,0.035,12.1768280176573,22,95,0.9935,3.04,0.34,12,5.98
8.3,0.2,0.49,1.7,0.04,8.02994609551782,34,169,0.9938,3.05,0.37,10.1,5.19
8.3,0.2,0.49,1.7,0.038,10.9743142360121,38,167,0.9939,3.05,0.37,10.1,5.81
8,0.25,0.49,9,0.044,10.0788476240212,31,185,0.998,3.34,0.49,10,5.89
6.6,0.21,0.49,18.15,0.042,9.63084810048509,41,158,0.9997,3.28,0.39,8.7,5.92
7.2,0.27,0.74,12.5,0.037,9.15483273164629,47,156,0.9981,3.04,0.44,8.7,4.96
14.2,0.27,0.49,1.1,0.037,8.66334358040748,33,156,0.992,3.15,0.54,11.1,6.01
7.4,0.27,0.49,1.1,0.037,10.6371815371948,33,156,0.992,3.15,0.54,11.1,5.95
6.6,0.21,0.49,18.15,0.042,9.79377049992883,41,158,0.9997,3.28,0.39,8.7,6.19
7.2,0.27,0.74,12.5,0.037,11.841294514905,47,156,0.9981,3.04,0.44,8.7,5.01
8.1,0.3,0.49,8.1,0.037,11.5887340812053,26,174,0.9943,3.1,0.3,11.2,7.11
7.3,0.26,0.49,5,0.028,10.8702997650237,32,107,0.9936,3.24,0.54,10.8,6.11
8.5,0.15,0.49,1.5,0.031,9.48195179844667,17,122,0.9932,3.03,0.4,10.3,5.95
8.9,0.13,0.49,1,0.028,9.07831317013841,6,24,0.9926,2.91,0.32,9.9,4.98
8.1,0.28,0.49,1,0.04,10.7452290640963,32,148,0.9936,3.13,0.41,10,6.17
7.3,0.26,0.49,5,0.028,10.9712584569146,32,107,0.9936,3.24,0.54,10.8,6.1
7.1,0.18,0.74,15.6,0.044,10.1147899606273,44,176,0.9996,3.38,0.67,9,6.06
7.2,0.16,0.49,1.3,0.037,10.4940129797345,27,104,0.9924,3.23,0.57,10.6,5.97
7.3,0.14,0.49,1.1,0.038,9.91273389938454,28,99,0.9928,3.2,0.72,10.6,5.86
8.9,0.13,0.49,1,0.028,11.2738798116088,6,24,0.9926,2.91,0.32,9.9,4.79
7.9,0.12,0.49,5.2,0.049,10.2401273350017,33,152,0.9952,3.18,0.47,10.6,6
6.7,0.29,0.49,4.7,0.034,9.22338971634981,35,156,0.9945,3.13,0.45,9.9,6.03
6.7,0.3,0.49,4.8,0.034,10.5683830799262,36,158,0.9945,3.12,0.45,9.9,5.95
7.1,0.36,0.24,1.8,0.025,10.3309656808716,32,102,0.9903,3.34,0.59,12.8,6.06
8.5,0.15,0.49,1.5,0.031,9.83227977365808,17,122,0.9932,3.03,0.4,10.3,6.05
7.9,0.18,0.49,5.2,0.051,9.15106710681204,36,157,0.9953,3.18,0.48,10.6,5.97
7.3,0.21,0.49,1.8,0.038,10.2837330593831,44,152,0.9912,3.32,0.44,12.6,7.13
6.9,0.3,0.49,7.6,0.057,10.475452062644,25,156,0.9962,3.43,0.63,11,7.03
7.9,0.42,0.49,8.2,0.056,9.56622900640851,32,164,0.9965,3.29,0.6,11.2,7.08
6.9,0.24,0.49,1.3,0.032,11.4606312282366,35,148,0.9932,3.45,0.57,10.7,7.05
7.6,0.23,0.49,10,0.036,8.50412545277073,45,182,0.9967,3.08,0.58,9.6,6.17
7.9,0.18,0.49,5.2,0.051,10.2896633057107,36,157,0.9953,3.18,0.48,10.6,6.01
8.8,0.35,0.49,1,0.036,10.0172273805885,14,56,0.992,2.96,0.33,10.5,3.95
7.8,0.3,0.74,1.8,0.033,9.00617300423736,33,156,0.991,3.29,0.52,12.8,6.02
9.1,0.28,0.49,2,0.059,11.3426238780662,10,112,0.9958,3.15,0.46,10.1,4.97
7.1,0.34,0.49,1.5,0.027,10.7934632283737,26,126,0.99,3.3,0.33,12.2,6.98
7.8,0.3,0.74,1.8,0.033,12.1078867571262,33,156,0.991,3.29,0.52,12.8,6.07
9.1,0.28,0.49,2,0.059,9.87610297764185,10,112,0.9958,3.15,0.46,10.1,4.92
8.5,0.19,0.49,3.5,0.044,9.23379158197568,29,117,0.9938,3.14,0.51,10.1,5.81
7.6,0.18,0.49,18.05,0.046,10.3480916372085,36,158,0.9996,3.06,0.41,9.2,5.2
7.4,0.3,0.49,8.2,0.055,7.18693959826772,49,188,0.9974,3.52,0.58,9.7,6.11
6.7,0.3,0.74,5,0.038,11.3528678962191,35,157,0.9945,3.21,0.46,9.9,4.97
6.6,0.3,0.74,4.6,0.041,8.965656832249,36,159,0.9946,3.21,0.45,9.9,5.01
7.4,0.3,0.49,8.2,0.055,7.86452334891476,49,188,0.9974,3.52,0.58,9.7,5.78
8.5,0.17,0.49,8.8,0.048,9.59305619755715,23,108,0.9947,2.88,0.34,10.5,3.91
6.8,0.17,0.74,2.4,0.053,10.8773327006546,61,182,0.9953,3.63,0.76,10.5,5.95
6.2,0.27,0.49,1.4,0.05,9.50789542350464,20,74,0.9931,3.32,0.44,9.8,6.13
7.1,0.64,0.49,1.8,0.05,9.94014203415841,17,128,0.9946,3.31,0.58,10.6,4.05
6.4,0.18,0.74,11.9,0.046,11.4885102232571,54,168,0.9978,3.58,0.68,10.1,4.97
7.6,0.31,0.49,13.4,0.062,9.21006802798112,50,191,0.9989,3.22,0.53,9,4.04
9.8,0.31,0.49,15.4,0.046,8.73956149259954,13,119,1.0004,3.18,0.45,9.5,4.87
8.4,0.24,0.49,7.4,0.039,10.8305017241971,46,108,0.9934,3.03,0.33,11.9,6.81
6.4,0.18,0.74,11.9,0.046,11.3631100567104,54,168,0.9978,3.58,0.68,10.1,4.9
6.4,0.25,0.74,7.8,0.045,8.97408923998001,52,209,0.9956,3.21,0.42,9.2,6.07
7.3,0.3,0.74,13.5,0.039,8.51315203902348,46,165,0.9982,3.02,0.4,8.7,5.12
9.3,0.31,0.49,1.3,0.042,9.42448332453663,34,147,0.9948,3.11,0.46,9.8,4.83
6.4,0.25,0.74,7.8,0.045,10.3173735495116,52,209,0.9956,3.21,0.42,9.2,6.06
7.3,0.3,0.74,13.5,0.039,10.3851523221346,46,165,0.9982,3.02,0.4,8.7,5.03
7,0.27,0.74,1.5,0.036,9.29881898057863,27,122,0.9926,3.35,0.48,11.2,6
6.4,0.12,0.49,6.4,0.042,11.5841786344135,49,161,0.9945,3.34,0.44,10.4,5.91
6.8,0.21,0.74,1.2,0.047,10.171005810516,25,111,0.9916,3.13,0.41,10.7,6.02
8.6,0.16,0.49,7.3,0.043,10.0512908587853,9,63,0.9953,3.13,0.59,10.5,6.12
7,0.29,0.49,3.8,0.047,8.47012832114605,37,136,0.9938,2.95,0.4,9.4,5.85
6.4,0.27,0.49,7.3,0.046,9.79851701059239,53,206,0.9956,3.24,0.43,9.2,5.89
6.6,0.55,0.01,2.7,0.034,8.03394447018959,56,122,0.9906,3.15,0.3,11.9,5.16
6.4,0.27,0.49,7.3,0.046,9.61424976860867,53,206,0.9956,3.24,0.43,9.2,5.88
6.3,0.24,0.74,1.4,0.172,9.94664140167357,24,108,0.9932,3.27,0.39,9.9,5.74
6.7,0.33,0.49,1.6,0.167,10.5318842847989,20,94,0.9914,3.11,0.5,11.4,6
7,0.29,0.49,3.8,0.047,11.1901131484333,37,136,0.9938,2.95,0.4,9.4,6.03
8.2,0.34,0.49,8,0.046,9.77750422055376,55,223,0.996,3.08,0.52,10.7,6
5.6,0.39,0.24,4.7,0.034,8.26227547848305,27,77,0.9906,3.28,0.36,12.7,4.91
5.6,0.41,0.24,1.9,0.034,11.0991468076766,10,53,0.98815,3.32,0.5,13.5,7.03
6.7,0.41,0.01,2.8,0.048,10.3213673297098,39,137,0.9942,3.24,0.35,9.5,4.98
7.5,0.32,0.49,1.7,0.031,9.56139066122612,44,109,0.9906,3.07,0.46,12.5,6.03
6.9,0.27,0.49,23.5,0.057,10.5437145267958,59,235,1.0024,2.98,0.47,8.6,5.03
8.1,0.2,0.49,11.8,0.048,8.76597235386602,46,212,0.9968,3.09,0.46,10,7.04
7.5,0.32,0.49,1.7,0.031,10.3311067888698,44,109,0.9906,3.07,0.46,12.5,6.08
8.2,0.26,0.49,5.2,0.04,9.18465365946804,19,100,0.9941,3.12,0.34,10.1,5.77
7.8,0.26,0.49,3.2,0.027,10.687452505236,28,87,0.9919,3.03,0.32,11.3,7.05
8,0.14,0.49,1.5,0.035,10.7413025503683,42,120,0.9928,3.26,0.4,10.6,6.87
8,0.29,0.49,11.7,0.035,9.29611708917523,40,131,0.9958,3.14,0.34,10.8,5.04
6.9,0.34,0.49,7.3,0.045,8.47305123506508,61,206,0.9957,3.09,0.4,9,5.96
6.2,0.2,0.49,1.6,0.065,11.2589732605736,17,143,0.9937,3.22,0.52,9.2,5.92
6.4,0.37,0.49,13.3,0.045,9.79011561506035,53,243,0.9982,3.14,0.48,8.5,5.99
6.2,0.22,0.49,6,0.029,10.1938444190637,31,128,0.9928,3.41,0.36,11.3,8.16
7.8,0.26,0.49,3.2,0.027,10.624141750802,28,87,0.9919,3.03,0.32,11.3,7.01
8.9,0.32,0.49,1.6,0.05,9.14208173827848,17,131,0.9956,3.13,0.34,9.4,5.01
9,0.17,0.49,1,0.039,9.80334396657134,46,131,0.993,3.09,0.51,10.5,6.99
9,0.22,0.49,10.4,0.048,9.36501321601441,52,195,0.9987,3.31,0.44,10.2,6.12
8.9,0.32,0.49,1.6,0.05,10.2462832043345,17,131,0.9956,3.13,0.34,9.4,4.97
7.8,0.15,0.24,7.7,0.047,9.87260960149526,21,98,0.9951,2.94,0.31,9.6,6
6.9,0.25,0.24,1.8,0.053,11.4973433260608,6,121,0.993,3.23,0.7,11.4,4.98
8.2,0.2,0.49,3.5,0.057,10.1722748064661,14,108,0.9928,3.19,0.35,11.5,5.82
7.1,0.28,0.49,6.5,0.041,9.83579814955419,28,111,0.9926,3.41,0.58,12.2,8.2
7.4,0.19,0.49,6.7,0.037,8.79559088357143,15,110,0.9938,3.2,0.38,11,6.89
7.5,0.14,0.74,1.6,0.035,10.0854689083041,21,126,0.9933,3.26,0.45,10.2,6.05
7.8,0.49,0.49,7,0.043,10.4664855904955,29,149,0.9952,3.21,0.33,10,5.1
8.1,0.12,0.49,1.2,0.042,10.3485611591901,43,160,0.9934,3.13,0.48,9.7,5.98
7.9,0.22,0.49,3.8,0.042,10.9879092436086,26,105,0.993,3.1,0.39,10.5,4.89
7.8,0.49,0.49,7,0.043,9.67935499095396,29,149,0.9952,3.21,0.33,10,5.1
6.4,0.22,0.49,7.5,0.054,9.29742074900425,42,151,0.9948,3.27,0.52,10.1,6.03
7.3,0.19,0.49,15.55,0.058,8.93482193320953,50,134,0.9998,3.42,0.36,9.1,7.01
8.1,0.3,0.49,12.3,0.049,11.1525206107678,50,144,0.9971,3.09,0.57,10.2,7.07
7.3,0.19,0.49,15.55,0.058,10.5123581860942,50,134,0.9998,3.42,0.36,9.1,7.1
6.4,0.22,0.49,7.5,0.054,10.5403966294155,42,151,0.9948,3.27,0.52,10.1,6.05
7.8,0.21,0.49,1.2,0.036,8.96185047341554,20,99,0.99,3.05,0.28,12.1,6.9
7.1,0.3,0.49,1.6,0.045,10.1529129195096,31,100,0.9942,3.4,0.59,10.2,5.22
6.9,0.26,0.49,1.6,0.058,10.0216245174323,39,166,0.9965,3.65,0.52,9.4,4.05
7.6,0.31,0.49,3.95,0.044,7.69734590870183,27,131,0.9912,3.08,0.67,12.8,7
6.4,0.42,0.74,12.8,0.076,10.9568014318185,48,209,0.9978,3.12,0.58,9,5.95
8.2,0.29,0.49,1,0.044,9.37859040682317,29,118,0.9928,3.24,0.36,10.9,3.98
7.9,0.33,0.28,31.6,0.053,11.3777118248031,35,176,1.0103,3.15,0.38,8.8,5.89
6.6,0.46,0.49,7.4,0.052,10.6105088312035,19,184,0.9956,3.11,0.38,9,5.01
7.8,0.28,0.49,1.3,0.046,7.99537041436464,27,142,0.9936,3.09,0.59,10.2,5.06
5.8,0.15,0.49,1.1,0.048,10.3404520745682,21,98,0.9929,3.19,0.48,9.2,4.95
7.8,0.4,0.49,7.8,0.06,11.7733066824655,34,162,0.9966,3.26,0.58,11.3,5.92
6.6,0.31,0.49,7.7,0.05,9.60865572078544,52,220,0.9964,3.12,0.45,8.8,4.84
6.6,0.325,0.49,7.7,0.049,9.08924495814454,53,217,0.996,3.16,0.4,9.3,5.06
6.6,0.27,0.49,7.8,0.049,9.5009444968375,62,217,0.9959,3.17,0.45,9.4,6.03
6.7,0.26,0.49,8.3,0.047,10.8210610286877,54,191,0.9954,3.23,0.4,10.3,5.98
7.9,0.33,0.28,31.6,0.053,9.80964985577522,35,176,1.0103,3.15,0.38,8.8,6.03
8.1,0.28,0.46,15.4,0.059,9.14508828147497,32,177,1.0004,3.27,0.58,9,3.86
6.5,0.13,0.37,1,0.036,11.24652103418,48,114,0.9911,3.41,0.51,11.5,7.85
7.8,0.445,0.56,1,0.04,9.75646688882651,8,84,0.9938,3.25,0.43,10.8,4.86
8.8,0.39,0.34,5.9,0.055,9.34265166632527,33,128,0.9927,2.95,0.51,11.8,5.96
7.9,0.18,0.33,1.2,0.033,10.0904727685528,20,72,0.9922,3.12,0.38,10.5,7.08
7.1,0.31,0.38,1.2,0.036,9.40951903015493,10,124,0.9924,3.14,0.44,9.9,6.07
7.8,0.24,0.18,6.7,0.046,10.5422142108802,33,160,0.9963,3.2,0.56,9.8,5.94
7,0.35,0.3,6.5,0.028,9.97674313756494,27,87,0.9936,3.4,0.42,11.4,7.14
6.6,0.27,0.31,5.3,0.137,10.5271312887122,35,163,0.9951,3.2,0.38,9.3,4.95
6.8,0.22,0.29,8.9,0.046,9.72931511121309,82,188,0.9955,3.3,0.44,10.3,5.93
6.2,0.27,0.32,8.8,0.047,10.6045518487945,65,224,0.9961,3.17,0.47,8.9,5.02
7,0.35,0.3,6.5,0.028,10.5241006333354,27,87,0.9936,3.4,0.42,11.4,6.82
6.2,0.3,0.2,6.6,0.045,9.92374751149486,42,170,0.9944,3.36,0.45,10.4,6.12
6.4,0.35,0.2,5.7,0.034,9.55800269801628,18,117,0.9944,3.33,0.43,10.1,5.1
6.3,0.31,0.3,10,0.046,10.8846911258383,49,212,0.9962,3.74,0.55,11.9,6.12
7.2,0.25,0.28,14.4,0.055,11.437135690782,55,205,0.9986,3.12,0.38,9,7.1
7.4,0.26,0.37,9.4,0.047,8.26897497535307,42,147,0.9982,3.46,0.72,10,4.79
7.3,0.26,0.33,17.85,0.049,8.69301503756672,41.5,195,1,3.06,0.44,9.1,6.95
6.7,0.25,0.26,1.55,0.041,9.7302490726997,118.5,216,0.9949,3.55,0.63,9.4,3.1
9,0.43,0.3,1.5,0.05,8.4148365802291,7,175,0.9951,3.11,0.45,9.7,3.88
7.2,0.25,0.28,14.4,0.055,9.95220450958653,55,205,0.9986,3.12,0.38,9,6.9
7,0.24,0.3,4.2,0.04,10.6300614499001,41,213,0.9927,3.28,0.49,11.8,5.94
6.7,0.265,0.22,8.6,0.048,9.99573609797928,54,198,0.9955,3.25,0.41,10.2,5.21
7.7,0.12,0.32,1.4,0.06,10.5972783517313,47,150,0.9952,3.37,0.42,9.2,5.98
7.2,0.21,0.33,3,0.036,10.8649000571262,35,132,0.9928,3.25,0.4,11,5.94
8.5,0.32,0.36,14.9,0.041,11.0762793715423,47,190,0.9982,3.08,0.31,10,5.79
6.9,0.18,0.3,2,0.038,10.7752567682178,39,190,0.9914,3.32,0.37,12.2,5.81
7,0.24,0.3,4.2,0.04,10.6960924842642,41,213,0.9927,3.28,0.49,11.8,6.12
6.3,0.26,0.29,2.2,0.043,10.3492273388363,35,175,0.9918,3.38,0.43,11.6,5.91
6.7,0.26,0.3,1.8,0.043,7.99581706676497,25,121,0.9944,3.44,0.61,10.2,6.16
7.9,0.29,0.36,11.1,0.033,10.9012332912709,43,208,0.9969,3.14,0.46,10.3,4.97
6.5,0.27,0.19,4.2,0.046,10.2347948109629,6,114,0.9955,3.25,0.35,8.6,3.77
6.7,0.31,0.42,6.4,0.057,9.63899917921924,25,148,0.9955,3.16,0.45,9.6,4.89
6.6,0.25,0.31,1.5,0.035,12.0887120358837,32,127,0.9921,3.41,0.47,11.3,5.95
6.4,0.24,0.22,1.5,0.038,10.5618460257168,38,157,0.9934,3.41,0.55,9.9,6.01
6.8,0.26,0.29,16.95,0.056,8.92170647249817,48,179,0.9998,3.45,0.4,9.6,4.99
7,0.61,0.26,1.7,0.051,9.43727932491033,25,161,0.9946,3.36,0.6,10.6,3.85
6.8,0.22,0.3,13.6,0.055,11.435376415046,50,180,0.9984,3.44,0.39,9.8,4.85
8.1,0.31,0.24,1.6,0.032,10.7986366277914,10,67,0.9924,3.08,0.47,10.5,5.14
7.9,0.18,0.37,3,0.061,11.3015467371756,25,178,0.995,3.22,0.51,10,6.08
6.6,0.34,0.27,6.2,0.059,9.30514913037272,23,136,0.9957,3.3,0.49,10.1,6.17
6.8,0.3,0.24,6.6,0.123,9.07052735224476,35,116,0.9953,3.07,0.48,9.4,4.92
6.5,0.18,0.34,1.6,0.04,11.581274464286,43,148,0.9912,3.32,0.59,11.5,7.93
7,0.21,0.31,6,0.046,8.02920376153951,29,108,0.9939,3.26,0.5,10.8,5.8
6.8,0.27,0.32,1.5,0.044,7.86226538171657,19,142,0.9921,3.1,0.43,9.9,6.19
5.8,0.23,0.27,1.8,0.043,9.27735618551021,24,69,0.9933,3.38,0.31,9.4,5.96
7.6,0.2,0.39,2.6,0.044,10.5970435843895,30,180,0.9941,3.46,0.44,10.8,6.86
8.2,0.15,0.48,2.7,0.052,10.2672725160661,24,190,0.995,3.5,0.45,10.9,7.07
7.5,0.4,1,19.5,0.041,10.5294688623501,33,148,0.9977,3.24,0.38,12,6.16
6.5,0.18,0.34,1.6,0.04,9.28459468701067,43,148,0.9912,3.32,0.59,11.5,8.02
7,0.13,0.3,5,0.056,11.4915986135138,31,122,0.9945,3.47,0.42,10.5,5.96
6.9,0.17,0.22,4.6,0.064,11.7671214183528,55,152,0.9952,3.29,0.37,9.3,5.83
7,0.3,0.32,6.4,0.034,11.203207091751,28,97,0.9924,3.23,0.44,11.8,6.15
7.6,0.445,0.44,14.5,0.045,9.82241319842262,68,212,0.9986,3.48,0.36,10,6.07
6.8,0.3,0.24,6.6,0.123,10.6409764395025,35,116,0.9953,3.07,0.48,9.4,5
7.5,0.22,0.33,6.7,0.036,10.5502339345438,45,138,0.9939,3.2,0.68,11.4,6.12
9.2,0.23,0.3,1.1,0.031,10.1475360176389,40,99,0.9929,2.94,0.3,10.4,6.13
8.1,0.3,0.31,1.1,0.041,10.8204176603752,49,123,0.9914,2.99,0.45,11.1,6.1
6.9,0.16,0.3,9.6,0.057,9.36113035080647,50,185,0.9978,3.39,0.38,9.6,6.07
8,0.32,0.36,4.6,0.042,10.1084160076331,56,178,0.9928,3.29,0.47,12,5.95
6.1,0.22,0.23,3.1,0.052,8.94705421603686,15,104,0.9948,3.14,0.42,8.7,5.32
6.9,0.16,0.3,9.6,0.057,9.3999457370669,50,185,0.9978,3.39,0.38,9.6,5.75
7.5,0.15,0.38,1.8,0.054,10.5368769276238,19,101,0.9946,3.24,0.44,10,5
8.4,0.29,0.29,1.05,0.032,10.3990289004132,4,55,0.9908,2.91,0.32,11.4,4.11
7.7,0.38,0.4,2,0.038,9.49135421650585,28,152,0.9906,3.18,0.32,12.9,6.1
6.3,0.25,0.23,14.9,0.039,10.1219597564739,47,142,0.99705,3.14,0.35,9.7,6.01
8.3,0.3,0.36,10,0.042,9.55339554169188,33,169,0.9982,3.23,0.51,9.3,6.08
6.1,0.34,0.31,12,0.053,10.2901650744312,46,238,0.9977,3.16,0.48,8.6,5
7.5,0.22,0.29,4.8,0.05,10.6750667045066,33,87,0.994,3.14,0.42,9.9,4.91
8.3,0.3,0.36,10,0.042,10.3258743146668,33,169,0.9982,3.23,0.51,9.3,6.12
8,0.27,0.24,1.2,0.044,10.1458397870215,20,102,0.9929,3.28,0.42,10.9,4.96
6.1,0.17,0.27,1.5,0.056,9.931623363232,45,135,0.9924,3.2,0.43,10.2,5.97
7.4,0.18,0.3,10.4,0.045,10.2554039255764,44,174,0.9966,3.11,0.57,9.7,6.03
6.7,0.16,0.28,2.5,0.046,8.56165668856856,40,153,0.9921,3.38,0.51,11.4,7
6.1,0.255,0.44,12.3,0.045,9.93455054442237,53,197,0.9967,3.24,0.54,9.5,5.8
7.4,0.23,0.25,1.4,0.049,10.1062290862712,43,141,0.9934,3.42,0.54,10.2,6.96
6.7,0.27,0.25,8,0.053,9.80303418296948,54,202,0.9961,3.22,0.43,9.3,4.87
6.9,0.29,0.23,8.6,0.056,9.6647286044549,56,215,0.9967,3.17,0.44,8.8,4.93
9.6,0.21,0.28,1.2,0.038,9.06534703002448,12,53,0.9926,2.8,0.46,10.6,4.76
6.6,0.62,0.2,8.7,0.046,8.90641585678696,81,224,0.99605,3.17,0.44,9.3,5.1
6.4,0.28,0.19,5.4,0.042,8.37241538146075,67,181,0.99435,3.31,0.35,10.2,6
8,0.3,0.28,5.7,0.044,11.4170647229031,31,124,0.9948,3.16,0.51,10.2,6.08
6.4,0.17,0.27,1.5,0.037,7.31566349402172,20,98,0.9916,3.46,0.42,11,6.94
7.3,0.21,0.3,10.9,0.037,12.5162353731823,18,112,0.997,3.4,0.5,9.6,6.02
6.7,0.27,0.25,8,0.053,8.88657750711373,54,202,0.9961,3.22,0.43,9.3,5.1
6.6,0.32,0.26,7.7,0.054,9.42946684275945,56,209,0.9961,3.17,0.45,8.8,5.08
7.4,0.32,0.22,1.7,0.051,9.60816119316653,50,179,0.9955,3.28,0.69,8.9,5.07
6.6,0.37,0.07,1.4,0.048,9.04702239951125,58,144,0.9922,3.17,0.38,10,4.84
7.7,0.43,0.28,4.5,0.046,10.7274047425539,33,102,0.9918,3.16,0.56,12.2,7.03
7.8,0.39,0.26,9.9,0.059,7.59932373627236,33,181,0.9955,3.04,0.42,10.9,5.75
6.5,0.18,0.26,1.4,0.041,9.39743102802374,40,141,0.9941,3.34,0.72,9.5,5.97
7.8,0.4,0.26,9.5,0.059,9.18489893884933,32,178,0.9955,3.04,0.43,10.9,5.94
7.8,0.39,0.26,9.9,0.059,11.2686409568444,33,181,0.9955,3.04,0.42,10.9,6.09
7.7,0.49,1,19.6,0.03,7.84969356573711,28,135,0.9973,3.24,0.4,12,5.94
6.5,0.18,0.26,1.4,0.041,9.37045367792186,40,141,0.9941,3.34,0.72,9.5,6.02
6.4,0.15,0.36,1.8,0.034,8.53962714129852,43,150,0.9922,3.42,0.69,11,7.9
6.4,0.15,0.36,1.8,0.034,9.85384257633115,43,150,0.9922,3.42,0.69,11,7.93
8.4,0.17,0.31,5.4,0.052,10.4195636375192,47,150,0.9953,3.24,0.38,9.8,4.88
6.1,0.32,0.37,1.8,0.051,10.7563218823767,13,200,0.9945,3.49,0.44,10.5,3.85
8.5,0.21,0.26,9.25,0.034,10.2438600290693,73,142,0.9945,3.05,0.37,11.4,5.95
8.7,0.45,0.4,1.5,0.067,9.8982431944932,17,100,0.9957,3.27,0.57,10.1,6
6.7,0.24,0.29,6.8,0.038,8.45657031166989,54,127,0.9932,3.33,0.46,11.6,6.84
8.5,0.21,0.26,9.25,0.034,9.82039669638462,73,142,0.9945,3.05,0.37,11.4,6.05
7.4,0.33,0.26,2.6,0.04,8.91406130729763,29,115,0.9913,3.07,0.52,11.8,6.93
8.2,0.36,0.29,7.6,0.035,8.65528504881071,37,122,0.9939,3.16,0.34,12,5.01
7.8,0.2,0.24,1.6,0.026,10.2021293944343,26,189,0.991,3.08,0.74,12.1,6.96
9.4,0.16,0.3,1.4,0.042,9.23191510230372,26,176,0.9954,3.15,0.46,9.1,4.81
6.4,0.33,0.24,1.6,0.054,9.13678495297783,25,117,0.9943,3.36,0.5,9.3,4.84
7.8,0.22,0.36,1.4,0.056,10.1796087317439,21,153,0.993,3.2,0.53,10.4,5.75
7.4,0.35,0.31,17.95,0.062,8.7625579543802,42,187,1.0002,3.27,0.64,9.1,5.14
6.6,0.37,0.24,2,0.064,10.8874325336388,23,120,0.9946,3.32,0.54,9.4,4.96
6.7,0.37,0.41,6.3,0.061,8.79585763706071,22,149,0.9953,3.16,0.47,9.6,6.19
7.1,0.37,0.32,1.4,0.037,8.58548776151355,27,126,0.9918,3.19,0.62,12,4.85
6.9,0.25,0.27,9.05,0.039,9.01176937880482,37,128,0.9936,3.27,0.34,11.3,8.15
6.8,0.23,0.29,15.4,0.073,11.1491699399276,56,173,0.9984,3.06,0.41,8.7,6.11
6.4,0.26,0.21,7.1,0.04,9.79079630209124,35,162,0.9956,3.39,0.58,9.9,5.92
7.6,0.3,0.22,10.2,0.049,10.0483132818186,57,191,0.9966,3.08,0.4,9.3,6.07
9.4,0.16,0.23,1.6,0.042,12.070132848587,14,67,0.9942,3.07,0.32,9.5,5.06
6.8,0.23,0.29,15.4,0.073,10.5422808681485,56,173,0.9984,3.06,0.41,8.7,5.99
7.6,0.3,0.22,10.2,0.049,10.1949735140222,57,191,0.9966,3.08,0.4,9.3,5.97
7.5,0.33,0.39,12.4,0.065,10.8859140608543,29,119,0.9974,3.16,0.39,9.4,5.2
7.6,0.38,0.2,3.4,0.046,11.7872185341881,9,116,0.9944,3.15,0.41,9.4,4.88
7.5,0.33,0.39,12.4,0.065,10.8866172846629,29,119,0.9974,3.16,0.39,9.4,4.95
6.6,0.36,0.21,1.5,0.049,8.57187810514461,39,184,0.9928,3.18,0.41,9.9,5.99
7.6,0.38,0.2,3.4,0.046,11.0029484597144,9,116,0.9944,3.15,0.41,9.4,4.99
5.6,0.46,0.24,4.8,0.042,10.0275458544857,24,72,0.9908,3.29,0.37,12.6,5.99
8.2,0.42,0.29,4.1,0.03,9.02400311260042,31,100,0.9911,3,0.32,12.8,7
6.8,0.3,0.35,2.8,0.038,9.74013997846447,10,164,0.9912,3.09,0.53,12,6.14
7.2,0.5,0,0.8,0.034,11.2272833377534,46,114,0.9932,3.19,0.34,9.2,4.02
6,0.26,0.29,1,0.032,9.37554369686863,27,96,0.9896,3.38,0.44,12.3,5.99
6.8,0.33,0.28,1.2,0.032,9.40646303894829,38,131,0.9889,3.19,0.41,13,5.96
6.8,0.3,0.35,2.8,0.038,10.4406244755256,10,164,0.9912,3.09,0.53,12,6.02
7.4,0.29,0.31,1.7,0.035,10.3737202994056,23,110,0.9926,3.07,0.38,10.9,5.1
8.2,0.42,0.29,4.1,0.03,10.380365628247,31,100,0.9911,3,0.32,12.8,7.08
7.3,0.19,0.24,6.3,0.054,10.3238139682984,34,231,0.9964,3.36,0.54,10,6.1
6.5,0.32,0.12,11.5,0.033,9.31870744073908,35,165,0.9974,3.22,0.32,9,5.17
7.1,0.32,0.4,1.5,0.034,12.0963540349493,13,84,0.9944,3.42,0.6,10.4,5.04
6.5,0.32,0.12,11.5,0.033,10.3148361951035,35,165,0.9974,3.22,0.32,9,5.02
7.3,0.19,0.24,6.3,0.054,9.02386065460309,34,231,0.9964,3.36,0.54,10,6.16
7.3,0.17,0.23,6.3,0.051,10.9466714007337,35,240,0.9963,3.36,0.54,10,5.99
7.7,0.44,0.24,11.2,0.031,10.0603554507771,41,167,0.9948,3.12,0.43,11.3,6.9
7.7,0.44,0.24,11.2,0.031,10.251838310503,41,167,0.9948,3.12,0.43,11.3,6.91
7.4,0.49,0.24,15.1,0.03,9.89121847205407,34,153,0.9953,3.13,0.51,12,6.93
7.7,0.44,0.24,11.2,0.031,9.71176653788579,41,167,0.9948,3.12,0.43,11.3,6.86
7.4,0.49,0.24,15.1,0.03,9.17084374173059,34,153,0.9953,3.13,0.51,12,7.14
6.4,0.21,0.3,5.6,0.044,10.5399747637542,43,160,0.9949,3.6,0.41,10.6,5.94
8,0.55,0.42,12.6,0.211,9.95476377087096,37,213,0.9988,2.99,0.56,9.3,5.11
7,0.19,0.23,5.7,0.123,10.5927290254142,27,104,0.9954,3.04,0.54,9.4,6.24
7.2,0.24,0.29,2.2,0.037,8.68721846081381,37,102,0.992,3.27,0.64,11,6.96
6.5,0.34,0.36,11,0.052,9.15572699524283,53,247,0.9984,3.44,0.55,9.3,6.04
7,0.19,0.23,5.7,0.123,9.63273263553892,27,104,0.9954,3.04,0.54,9.4,5.94
6.9,0.18,0.33,1,0.054,11.2512464043057,24,164,0.9926,3.42,0.51,10.5,5.29
7.2,0.24,0.29,2.2,0.037,9.7372972343644,37,102,0.992,3.27,0.64,11,6.89
8.2,0.18,0.31,11.8,0.039,9.90544350752655,96,249,0.9976,3.07,0.52,9.5,6.12
6.1,0.34,0.46,4.7,0.029,11.3476742748108,21,94,0.991,3.29,0.62,12.3,6.09
7.4,0.44,0.2,11.5,0.049,10.2085933562987,44,157,0.998,3.27,0.44,9,5.1
7.6,0.26,0.58,7.9,0.041,9.69098298640993,62,180,0.9966,3.07,0.38,9,5.06
7.4,0.44,0.2,11.5,0.049,9.39357821463324,44,157,0.998,3.27,0.44,9,5.06
8.7,0.49,0.57,17.8,0.052,7.2701123281918,34,243,1.0007,2.98,0.82,9,4.91
7,0.24,0.25,1.7,0.042,10.3058156365368,48,189,0.992,3.25,0.42,11.4,6.05
7.1,0.25,0.25,1.6,0.046,10.7919200391034,50,181,0.9925,3.2,0.42,11,6.96
6.4,0.18,0.31,1.6,0.049,11.6159563893564,36,127,0.9934,3.6,0.67,10.4,7.07
6.8,0.24,0.35,6.4,0.048,9.97360629687104,44,172,0.9944,3.29,0.55,10.5,6.78
8,0.22,0.28,14,0.053,10.4547547448826,83,197,0.9981,3.14,0.45,9.8,5.87
8.9,0.34,0.34,1.6,0.056,8.62755254331574,13,176,0.9946,3.14,0.47,9.7,4.94
8.9,0.33,0.34,1.4,0.056,9.57061493525342,14,171,0.9946,3.13,0.47,9.7,4.94
8,0.22,0.28,14,0.053,10.3269564463825,83,197,0.9981,3.14,0.45,9.8,6.06
7.8,0.2,0.28,10.2,0.054,9.69025216529988,78,186,0.997,3.14,0.46,10,5.97
7.3,0.13,0.31,2.3,0.054,9.26339546706983,22,104,0.9924,3.24,0.92,11.5,7.12
6.6,0.28,0.3,7.8,0.049,10.1152435015736,57,202,0.9958,3.24,0.39,9.5,4.79
7.6,0.36,0.44,8.3,0.255,9.09129390036609,28,142,0.9958,3.12,0.43,10.2,6.09
7.6,0.27,0.25,13.9,0.05,9.40955737280689,45,199,0.9984,3.34,0.5,9.8,6.11
6.9,0.37,0.28,13.8,0.031,9.15981708302359,34,137,0.9948,3.1,0.37,11.6,5.98
7.4,0.21,0.27,7.3,0.031,8.88670848168221,41,144,0.9932,3.15,0.38,11.8,6.96
6.3,0.19,0.21,1.8,0.049,8.48211989996989,35,163,0.9924,3.31,0.5,10.3,5.96
7,0.21,0.22,5.1,0.048,11.5847938147454,38,168,0.9945,3.34,0.49,10.4,5.96
5.8,0.33,0.2,16.05,0.047,11.4473549951283,26,166,0.9976,3.09,0.46,8.9,4.86
5.8,0.33,0.2,16.05,0.047,11.7700373717982,26,166,0.9976,3.09,0.46,8.9,4.98
7.9,0.29,0.31,7.35,0.034,8.87855126290318,37,154,0.9938,3.06,0.31,10.8,5.02
6.6,0.31,0.38,16.05,0.058,9.01760996089538,16,165,0.9997,3.38,0.6,9.2,4.94
8,0.19,0.3,2,0.053,9.66488374157457,48,140,0.994,3.18,0.49,9.6,5.89
8,0.2,0.36,1.2,0.032,7.50934157891048,21,78,0.9921,3.08,0.37,10.4,5.84
7.7,0.3,0.42,14.3,0.045,8.52837625065865,45,213,0.9991,3.18,0.63,9.2,4.94
7.2,0.2,0.61,16.2,0.043,9.88639176882114,14,103,0.9987,3.06,0.36,9.2,5.94
7.7,0.3,0.42,14.3,0.045,11.1041464602542,45,213,0.9991,3.18,0.63,9.2,5.28
7.7,0.3,0.42,14.3,0.045,9.61943900083098,45,213,0.9991,3.18,0.63,9.2,4.8
6.4,0.22,0.32,7.9,0.029,8.53140148137157,34,124,0.9948,3.4,0.39,10.2,5.01
7.2,0.2,0.61,16.2,0.043,9.47150262001993,14,103,0.9987,3.06,0.36,9.2,6.07
7,0.53,0.02,1,0.036,10.7540103359836,39,107,0.993,3.2,0.32,9,4.95
7.3,0.24,0.41,13.6,0.05,10.2999812210158,41,178,0.9988,3.37,0.43,9.7,5.12
7.2,0.24,0.4,17.85,0.049,10.4284779680093,50,185,1,3.34,0.42,9.6,5.08
7.6,0.15,0.4,1.3,0.036,11.1907579573477,24,112,0.9932,3.14,0.76,10,5.01
7.7,0.3,0.42,14.3,0.045,12.6701995546013,45,213,0.9991,3.18,0.63,9.2,4.88
6.8,0.24,0.31,18.3,0.046,11.0041080975631,40,142,1,3.3,0.41,8.7,4.97
6.8,0.24,0.31,18.3,0.046,10.1165145866065,40,142,1,3.3,0.41,8.7,4.91
6.8,0.35,0.44,6.5,0.056,8.9968501210558,31,161,0.9952,3.14,0.44,9.5,5.02
7.9,0.26,0.33,10.3,0.039,9.87947130631609,73,212,0.9969,2.93,0.49,9.5,6.06
7.5,0.29,0.67,8.1,0.037,10.7034004208487,53,166,0.9966,2.9,0.41,8.9,5.99
7.5,0.29,0.67,8.1,0.037,11.995194579647,53,166,0.9966,2.9,0.41,8.9,6.08
7.2,0.31,0.41,8.6,0.053,11.2685016936746,15,89,0.9976,3.29,0.64,9.9,5.75
6.7,0.44,0.31,1.9,0.03,10.5766151083442,41,104,0.99,3.29,0.62,12.6,7.07
10,0.23,0.27,14.1,0.033,11.9707594643477,45,166,0.9988,2.72,0.43,9.7,5.94
8.8,0.23,0.35,10.7,0.04,8.89363038375797,26,183,0.9984,2.93,0.49,9.1,6.11
7.8,0.34,0.27,1.2,0.04,8.92577972230642,25,106,0.9932,3.01,0.55,10.4,5.01
7.9,0.26,0.33,10.3,0.039,10.2827882180055,73,212,0.9969,2.93,0.49,9.5,6.01
7.5,0.29,0.67,8.1,0.037,10.7989539153723,53,166,0.9966,2.9,0.41,8.9,5.74
6,0.28,0.35,1.9,0.037,11.775408904181,16,120,0.9933,3.16,0.69,10.6,4.88
7.9,0.37,0.3,2.7,0.029,9.91405163315062,64,158,0.9916,3.12,0.59,12,7.07
7.6,0.13,0.34,9.3,0.062,10.7454511967707,40,126,0.9966,3.21,0.39,9.6,4.99
6.6,0.25,0.36,8.1,0.045,11.2946171047613,54,180,0.9958,3.08,0.42,9.2,5.03
7.1,0.18,0.26,1.3,0.041,9.64301019388194,20,71,0.9926,3.04,0.74,9.9,5.96
7.9,0.3,0.27,8.5,0.036,10.4360531216975,20,112,0.9939,2.96,0.46,11.7,5.91
8.3,0.23,0.3,2.1,0.049,9.18837250937911,21,153,0.9953,3.09,0.5,9.6,5.85
6.8,0.43,0.3,3.5,0.033,10.4934400465563,27,135,0.9906,3,0.37,12,6.03
7.2,0.36,0.36,5.7,0.038,12.1045913148799,26,98,0.9914,2.93,0.59,12.5,6.81
6.6,0.25,0.36,8.1,0.045,10.2663089491246,54,180,0.9958,3.08,0.42,9.2,4.91
7.1,0.18,0.26,1.3,0.041,9.17586927598429,20,71,0.9926,3.04,0.74,9.9,5.99
6.6,0.35,0.29,14.4,0.044,11.6805286257744,54,177,0.9991,3.17,0.58,8.9,5.9
7.3,0.22,0.5,13.7,0.049,9.77384321824507,56,189,0.9994,3.24,0.66,9,5.98
8.1,0.26,0.33,11.1,0.052,8.79423611381504,52.5,158,0.9976,3.03,0.49,10.2,7.09
7.6,0.13,0.34,9.3,0.062,9.90821782655517,40,126,0.9966,3.21,0.39,9.6,5
7,0.12,0.19,4.9,0.055,10.8773724260692,27,127,0.9953,3.29,0.41,9.4,5.01
8.2,0.37,0.27,1.7,0.028,8.76198197201968,10,59,0.9923,2.97,0.48,10.4,5.16
6.3,0.2,0.58,1.4,0.204,8.79939554127921,15,97,0.9931,3.16,0.43,10,6.03
6.3,0.22,0.57,1.4,0.208,11.5340819286598,14,96,0.9932,3.16,0.43,10,5.8
7.1,0.25,0.28,1.6,0.052,9.72703932708819,46,169,0.9926,3.05,0.41,10.5,5
7,0.27,0.32,6.8,0.047,10.7945253107688,47,193,0.9938,3.23,0.39,11.4,5.92
8.8,0.34,0.33,9.7,0.036,8.22232559003452,46,172,0.9966,3.08,0.4,10.2,4.88
9.2,0.27,0.34,10.5,0.043,10.5115800728715,49,228,0.9974,3.04,0.41,10.4,6.1
7.1,0.49,0.22,2,0.047,10.3178811669239,146.5,307.5,0.9924,3.24,0.37,11,3
7.2,0.47,0.65,8.3,0.083,10.1217531241846,27,182,0.9964,3,0.35,9.2,4.91
8.8,0.34,0.33,9.7,0.036,8.99900576279759,46,172,0.9966,3.08,0.4,10.2,5.02
9.2,0.27,0.34,10.5,0.043,8.77699909800016,49,228,0.9974,3.04,0.41,10.4,6.09
7.3,0.13,0.27,4.6,0.08,9.12020876626511,34,172,0.9938,3.23,0.39,11.1,7.25
7.2,0.16,0.35,1.2,0.031,11.2921116429036,27,84,0.9928,3.33,0.34,9.9,5.09
6.8,0.31,0.32,7.6,0.052,9.52892515578862,35,143,0.9959,3.14,0.38,9,5.11
8.3,0.36,0.57,15,0.052,8.99078952183011,35,256,1.0001,2.93,0.64,8.6,4.95
6.3,0.25,0.44,11.6,0.041,11.4965181531382,48,195,0.9968,3.18,0.52,9.5,5.04
6,0.45,0.42,1.1,0.051,7.64915651287697,61,197,0.9932,3.02,0.4,9,4.88
6.4,0.22,0.32,12,0.066,10.0494283626167,57,158,0.9992,3.6,0.43,9,5.85
5.7,0.45,0.42,1.1,0.051,9.63549914519903,61,197,0.9932,3.02,0.4,9,5
7.2,0.19,0.31,1.4,0.046,11.2040436266436,37,135,0.9939,3.34,0.57,10.2,7.05
6.7,0.31,0.44,6.7,0.054,10.5844155807447,29,160,0.9952,3.04,0.44,9.6,5.01
8,0.25,0.13,17.2,0.036,10.8866873679744,49,219,0.9996,2.96,0.46,9.7,4.94
9.9,1.005,0.46,1.4,0.046,9.8151714983189,34,185,0.9966,3.02,0.49,10.2,3.98
8.1,0.31,0.36,8.2,0.028,9.2533071482252,29,142,0.9925,3.01,0.34,13,6.84
8.1,0.24,0.38,4.3,0.044,8.50692332395554,49,172,0.996,3.37,0.74,10.8,5.98
8,0.25,0.13,17.2,0.036,10.2353809827055,49,219,0.9996,2.96,0.46,9.7,4.82
6.4,0.29,0.28,11.1,0.063,11.2015879065738,66,169,0.9973,2.89,0.57,9,5
7.2,0.15,0.33,1.1,0.027,9.12572733532484,16,63,0.9937,3.37,0.4,9.9,5.18
7,0.12,0.32,7.2,0.058,10.4596275130127,22,89,0.9966,3.29,0.38,9.2,6.07
7.4,0.32,0.55,16.6,0.056,10.5450481291609,53,238,1.0017,2.96,0.58,8.7,6.15
8.5,0.17,0.31,1,0.024,9.97912977091557,13,91,0.993,2.79,0.37,10.1,5.14
8.5,0.17,0.31,1,0.024,9.46519497160795,13,91,0.993,2.79,0.37,10.1,4.97
9.5,0.21,0.47,1.3,0.039,11.6799268214791,21,123,0.9959,2.9,0.64,9.5,5.04
7.4,0.32,0.55,16.6,0.056,9.62517165591331,53,238,1.0017,2.96,0.58,8.7,6.09
6.8,0.31,0.42,6.9,0.046,11.2969153328011,50,173,0.9958,3.19,0.46,9,4.93
8,0.23,0.35,9.2,0.044,11.389479240305,53,186,0.997,3.09,0.56,9.5,7.11
7.6,0.2,0.31,1.4,0.047,8.60057898248217,41,142,0.9934,3.43,0.53,10.1,5.95
6.3,0.41,0.3,3.2,0.03,10.8404061142066,49,164,0.9927,3.53,0.79,11.7,7.14
6.3,0.41,0.3,3.2,0.03,11.351093452306,49,164,0.9927,3.53,0.79,11.7,6.94
7.6,0.2,0.26,4.5,0.086,11.0593776624017,37,133,0.9963,3.15,0.42,9.2,5.05
7.5,0.26,0.26,18.35,0.084,11.0314528137825,33,139,1.0011,3.17,0.39,8.8,4.99
7.5,0.26,0.26,18.35,0.084,8.2827244600794,33,139,1.0011,3.17,0.39,8.8,4.94
6.8,0.27,0.35,7.8,0.048,10.3499617632524,76,197,0.9959,3.24,0.43,9.5,5.91
6.8,0.28,0.37,7,0.057,8.57036744145498,35,208,0.9973,3.57,0.55,10.2,5.24
7.9,0.33,0.26,1.2,0.044,9.86980307433878,23,103,0.9932,3.19,0.54,10.5,6.06
7.5,0.38,0.5,12.8,0.042,11.0318734713661,57,184,0.9984,3.09,0.46,9,5.98
7.6,0.2,0.3,14.2,0.056,12.385904382207,53,212.5,0.999,3.14,0.46,8.9,7.9
7.6,0.2,0.3,14.2,0.056,10.7975769337653,53,212.5,0.999,3.14,0.46,8.9,7.86
7.6,0.2,0.3,14.2,0.056,9.10045177219904,53,212.5,0.999,3.14,0.46,8.9,7.85
7.6,0.2,0.3,14.2,0.056,11.2704008097209,53,212.5,0.999,3.14,0.46,8.9,7.85
8.1,0.19,0.58,16.65,0.049,10.8409511008351,48,181,1.0006,3.2,0.62,9.1,6.07
7.6,0.16,0.41,1.9,0.047,11.8991675693486,27,151,0.9937,3.2,0.53,10.1,5.98
8.1,0.22,0.28,7.7,0.043,8.33273850224809,57,176,0.9954,3.12,0.55,10,5.2
8,0.22,0.32,10.4,0.043,9.61763522656451,63,201,0.997,3.11,0.53,9.5,6.06
7.1,0.33,0.3,3.3,0.034,7.90300619433684,30,102,0.9912,3.08,0.31,12.3,7.16
6.4,0.43,0.27,1.1,0.054,9.62991955741682,5,110,0.9939,3.24,0.52,9.1,4.05
7.6,0.2,0.3,14.2,0.056,9.81509268084708,53,212.5,0.999,3.14,0.46,8.9,8.08
7,0.12,0.28,6.3,0.057,10.8622453343546,17,103,0.9957,3.5,0.44,9.6,5.05
7.4,0.3,0.22,5.25,0.053,8.76627655195006,33,180,0.9926,3.13,0.45,11.6,5.96
7,0.28,0.33,14.6,0.043,11.5113461710437,47,168,0.9994,3.34,0.67,8.8,6.09
8.4,0.2,0.38,11.8,0.055,10.2501455271478,51,170,1.0004,3.34,0.82,8.9,6
8.4,0.2,0.38,11.8,0.055,10.1061629474614,51,170,1.0004,3.34,0.82,8.9,5.92
8.4,0.2,0.38,11.8,0.055,10.131719808022,51,170,1.0004,3.34,0.82,8.9,6.1
7.3,0.18,0.31,17.3,0.055,9.41322385528825,32,197,1.0002,3.13,0.46,9,5.97
6.8,0.31,0.09,1.4,0.04,9.9510189045879,56,145,0.9922,3.19,0.46,10,4.91
6.7,0.31,0.08,1.3,0.038,10.1550822805426,58,147,0.9922,3.18,0.46,10,4.81
7.6,0.17,0.35,1.6,0.047,8.9713526358333,43,154,0.9934,3.36,0.69,11.1,6.16
7.4,0.3,0.22,5.25,0.053,11.2272553430664,33,180,0.9926,3.13,0.45,11.6,6.05
7.4,0.26,0.31,2.4,0.043,9.59378984406871,58,178,0.9941,3.42,0.68,10.6,5.99
7,0.28,0.33,14.6,0.043,11.7199478994718,47,168,0.9994,3.34,0.67,8.8,6.07
5.6,0.18,0.31,1.5,0.038,10.1735426160382,16,84,0.9924,3.34,0.58,10.1,5.87
8,0.4,0.33,7.7,0.034,9.54951988237991,27,98,0.9935,3.18,0.41,12.2,6.98
7,0.25,0.56,2,0.035,9.19317450646978,20,95,0.9918,3.23,0.53,11,5.97
6.6,0.32,0.22,16.7,0.046,10.2419421198749,38,133,0.9979,3.22,0.67,10.4,5.97
9,0.55,0.3,8.1,0.026,10.1083496270026,14,71,0.993,2.94,0.36,11.8,5.08
6.9,0.19,0.39,8,0.028,10.2559468237935,22,84,0.994,3.11,0.66,10.8,6.13
9,0.55,0.3,8.1,0.026,10.0316422532774,14,71,0.993,2.94,0.36,11.8,4.91
7,0.2,0.34,2.1,0.049,9.8233543541754,12,136,0.9922,3.25,0.46,11.6,7.01
6.6,0.32,0.22,16.7,0.046,10.7985728750959,38,133,0.9979,3.22,0.67,10.4,6.14
7.7,0.26,0.34,6.4,0.05,9.90734842552629,36,163,0.9937,3.19,0.7,11.5,5.83
6.3,0.21,0.28,1.5,0.051,10.6344567008986,46,142,0.9928,3.23,0.42,10.1,5.92
7.6,0.34,0.39,7.6,0.04,8.34131969621568,45,215,0.9965,3.11,0.53,9.2,5.93
6.3,0.21,0.28,1.5,0.051,8.7906030035215,46,142,0.9928,3.23,0.42,10.1,6.04
8,0.43,0.4,12.4,0.168,9.06966419443899,29,190,0.9991,3.07,0.64,9.2,5.24
7.5,0.3,0.71,1.3,0.16,11.3929917569751,44,149,0.9948,3.08,0.42,8.9,4.95
6.4,0.26,0.4,1.7,0.179,9.47562200829346,5,60,0.9925,3.09,0.54,10.1,4.96
6.9,0.32,0.15,8.1,0.046,9.05702786462592,51,180,0.9958,3.13,0.45,8.9,4.83
8.9,0.21,0.34,7.1,0.037,11.6038911281171,33,150,0.9962,3.1,0.45,9.7,5.9
7.6,0.34,0.39,7.6,0.04,9.63573414305122,45,215,0.9965,3.11,0.53,9.2,6.08
9.5,0.42,0.41,2.3,0.034,11.5210582694833,22,145,0.9951,3.06,0.52,11,5.93
7.6,0.29,0.26,6.5,0.042,10.2034551869671,32,160,0.9944,3.14,0.47,10.7,4.95
6.5,0.25,0.2,1.4,0.024,11.3476320015662,29,101,0.9916,3.24,0.54,10.8,5.96
7.2,0.23,0.33,12.7,0.049,9.12914104507084,50,183,0.9987,3.41,0.4,9.8,4.99
7.9,0.35,0.36,1.6,0.038,10.0239430322045,11,124,0.9928,3.25,0.48,11,5.16
8.8,0.2,0.28,1.1,0.018,8.5348023387377,18,72,0.9926,2.97,0.35,10.4,5.12
5.7,0.27,0.32,1.2,0.046,10.6682955523029,20,155,0.9934,3.8,0.41,10.2,6.2
7.6,0.29,0.26,6.5,0.042,8.42314198101023,32,160,0.9944,3.14,0.47,10.7,4.81
8.7,0.24,0.35,0.6,0.042,10.4814433690051,11,71,0.9926,3.08,0.38,10.6,5.1
6.7,0.3,0.45,10.6,0.032,9.11652295522686,56,212,0.997,3.22,0.59,9.5,5.97
5.6,0.13,0.27,4.8,0.028,10.2880769289605,22,104,0.9948,3.34,0.45,9.2,5.94
7.4,0.18,0.34,2.7,0.03,7.86347116104632,30,107,0.992,2.97,0.53,11,5.81
5.7,0.385,0.04,12.6,0.034,10.9012024271156,22,115,0.9964,3.28,0.63,9.9,5.88
8.7,0.24,0.35,0.6,0.042,10.8604992966944,11,71,0.9926,3.08,0.38,10.6,5.19
8.3,0.33,0.43,9.2,0.046,9.31583642981795,22,126,0.9982,3.38,0.47,9.3,4.97
6.8,0.34,0.44,6.6,0.052,10.8525240938842,28,156,0.9955,3.14,0.41,9.6,5.18
6.8,0.33,0.44,7,0.05,10.1202805811921,29,155,0.9955,3.14,0.42,9.5,5.09
6.3,0.28,0.24,8.45,0.031,10.7442097208003,32,172,0.9958,3.39,0.57,9.7,7.07
11.8,0.23,0.38,11.1,0.034,9.4597096748346,15,123,0.9997,2.93,0.55,9.7,3.16
6.8,0.21,0.27,18.15,0.042,10.0464362816675,41,146,1.0001,3.3,0.36,8.7,4.84
6.8,0.21,0.27,18.15,0.042,8.902614850247,41,146,1.0001,3.3,0.36,8.7,4.94
8.6,0.485,0.29,4.1,0.026,9.28245235660302,19,101,0.9918,3.01,0.38,12.4,4.97
6.8,0.21,0.27,18.15,0.042,9.85862687811142,41,146,1.0001,3.3,0.36,8.7,4.79
6.7,0.31,0.31,4.9,0.031,9.37240394708219,20,151,0.9926,3.36,0.82,12,6.86
7.3,0.29,0.37,8.3,0.044,11.2831645726341,45,227,0.9966,3.12,0.47,9,5.06
5.7,0.46,0.46,1.4,0.04,9.87737824469951,31,169,0.9932,3.13,0.47,8.8,5.02
6.8,0.28,0.44,11.5,0.04,10.6581012992276,58,223,0.9969,3.22,0.56,9.5,5.13
6.9,0.17,0.25,1.6,0.047,10.4379115995813,34,132,0.9914,3.16,0.48,11.4,4.96
7.6,0.18,0.36,2.4,0.049,11.1399007735962,38,123,0.996,3.6,0.46,10.3,4.96
6.6,0.22,0.28,4.9,0.042,10.7718002826624,51,180,0.9952,3.3,0.75,9.5,5.9
7.8,0.27,0.28,1.8,0.05,9.09328507250285,21,127,0.9934,3.15,0.44,9.9,5.02
7.6,0.29,0.29,4.4,0.051,9.91092779291575,26,146,0.9939,3.16,0.39,10.2,5.05
5.7,0.32,0.18,1.4,0.029,10.6542161291895,26,104,0.9906,3.44,0.37,11,5.98
7.1,0.33,0.25,1.6,0.03,11.9410264848602,25,126,0.9901,3.22,0.34,12.1,7.08
7.3,0.34,0.3,1.3,0.057,10.3517546037511,25,173,0.9948,3.26,0.51,9.1,6.12
6.5,0.19,0.26,5.2,0.04,9.96932675790999,31,140,0.995,3.26,0.68,9.5,5.96
6.6,0.27,0.29,5.3,0.045,8.64483549190206,57,189,0.9953,3.31,0.79,9.8,5
6.6,0.22,0.28,4.9,0.042,10.6306225547575,51,180,0.9952,3.3,0.75,9.5,5.93
6.8,0.36,0.32,1.6,0.039,10.4302857658247,10,124,0.9948,3.3,0.67,9.6,4.99
7,0.22,0.39,2.1,0.055,9.44755896928685,39,198,0.9951,3.52,0.54,10.2,6.09
5.9,0.17,0.3,1.4,0.042,9.4712570227853,25,119,0.9931,3.68,0.72,10.5,6.04
6.8,0.36,0.32,1.6,0.039,11.0941256254799,10,124,0.9948,3.3,0.67,9.6,4.98
7.5,0.42,0.14,10.7,0.046,10.0719023661882,18,95,0.9959,3.22,0.33,10.7,4.73
7.5,0.33,0.32,11.1,0.036,9.07675404904837,25,119,0.9962,3.15,0.34,10.5,6.06
9.4,0.3,0.32,10.7,0.029,9.83038676154313,14,111,0.9958,2.85,0.42,10.6,4.9
7.9,0.17,0.32,1.6,0.053,8.36774205560219,47,150,0.9948,3.29,0.76,9.6,6.05
7.9,0.17,0.32,1.6,0.053,11.0114436440865,47,150,0.9948,3.29,0.76,9.6,5.9
8.2,0.17,0.32,1.5,0.05,10.6924974347229,17,101,0.994,3.14,0.58,9.5,4.99
8.3,0.17,0.31,1.5,0.049,10.7632079316472,48,153,0.9942,3.12,0.58,9.4,5.94
8.7,0.15,0.3,1.6,0.046,8.06856725128518,29,130,0.9942,3.22,0.38,9.8,5.98
7.9,0.17,0.32,1.6,0.053,9.65670175863943,47,150,0.9948,3.29,0.76,9.6,5.93
7.2,0.24,0.19,7.7,0.045,8.70082993831592,53,176,0.9958,3.17,0.38,9.5,5.02
5.3,0.76,0.03,2.7,0.043,8.81511958063125,27,93,0.9932,3.34,0.38,9.2,4.88
6.6,0.22,0.53,15.1,0.052,10.7184632741683,22,136,0.9986,2.94,0.35,9.4,4.97
8.4,0.28,0.4,8.9,0.048,10.7561633828364,33,146,0.9988,3.4,0.46,9.3,4.94
6.8,0.32,0.34,6,0.05,10.5237391696553,5,129,0.9953,3.19,0.4,9.1,5.17
6.7,0.24,0.33,12.3,0.046,9.47659827964911,31,145,0.9983,3.36,0.4,9.5,4.81
7.4,0.18,0.36,13.1,0.056,9.61404833482174,72,163,1,3.42,0.35,9.1,6
6.7,0.24,0.33,12.3,0.046,11.0669317958443,31,145,0.9983,3.36,0.4,9.5,4.87
6.8,0.28,0.35,2.3,0.042,10.0188576445356,16,85,0.9906,3.19,0.56,12.4,6
6.2,0.34,0.3,11.1,0.047,10.7503937098944,28,237,0.9981,3.18,0.49,8.7,5.22
6,0.27,0.15,1.5,0.056,9.6043688363673,35,128,0.9936,3.12,0.45,8.8,5.14
6,0.16,0.3,6.7,0.043,9.67382706827965,43,153,0.9951,3.63,0.46,10.6,5.02
6.8,0.32,0.34,6,0.05,10.4113246442574,5,129,0.9953,3.19,0.4,9.1,4.93
8.5,0.24,0.47,15.2,0.057,9.70591269857148,40,234,1.0005,3.02,0.66,9,5.2
8.1,0.24,0.33,10.2,0.048,10.6831475724704,46,141,0.9972,3.16,0.48,10.3,5.98
7.4,0.18,0.36,13.1,0.056,8.79291231282869,72,163,1,3.42,0.35,9.1,5.91
7.7,0.23,0.31,10.7,0.038,10.9110385261913,59,186,0.9969,3.12,0.55,9.5,5.86
6.5,0.22,0.25,17.1,0.05,9.62161138852083,44,138,1.0001,3.3,0.37,8.8,4.94
6.5,0.22,0.25,17.1,0.05,11.3106740445329,44,138,1.0001,3.3,0.37,8.8,5.17
6.5,0.22,0.25,17.1,0.05,8.78238019879887,44,138,1.0001,3.3,0.37,8.8,5.11
5.7,0.33,0.15,1.9,0.05,8.43169180313681,20,93,0.9934,3.38,0.62,9.9,5.06
7.7,0.23,0.31,10.7,0.038,8.94509176075868,59,186,0.9969,3.12,0.55,9.5,5.84
6.5,0.22,0.25,17.1,0.05,10.0812695152111,44,138,1.0001,3.3,0.37,8.8,4.97
6.8,0.2,0.27,1.2,0.034,10.6403112439171,19,68,0.9902,3.14,0.37,11.7,4.11
7.7,0.26,0.32,1.2,0.04,9.98429434811216,26,117,0.993,3.21,0.56,10.8,4.97
6.8,0.25,0.27,10.7,0.076,10.0117474392414,47,154,0.9967,3.05,0.38,9,4.93
7.7,0.39,0.28,4.9,0.035,10.59908803859,36,109,0.9918,3.19,0.58,12.2,6.96
6.9,0.26,0.33,12.6,0.051,11.2102980386852,59,173,0.998,3.39,0.38,9.9,5.24
6.8,0.25,0.27,10.7,0.076,8.86930229825344,47,154,0.9967,3.05,0.38,9,5.06
7.7,0.39,0.28,4.9,0.035,11.6730724140202,36,109,0.9918,3.19,0.58,12.2,7.12
6,0.28,0.22,12.15,0.048,9.42067308928448,42,163,0.9957,3.2,0.46,10.1,5
6.5,0.43,0.28,12,0.056,10.7538001206534,23,174,0.9986,3.31,0.55,9.3,4.95
9.1,0.33,0.38,1.7,0.062,10.4239868746154,50.5,344,0.9958,3.1,0.7,9.5,5.07
5.9,0.5,0.05,2.6,0.054,9.90555606969646,36,146,0.9948,3.43,0.5,9.2,5.85
6.8,0.28,0.39,1.4,0.036,10.6816623832387,15,115,0.9918,3.27,0.72,11.7,5.15
7,0.35,0.24,1.9,0.04,10.8317161224864,21,144,0.9923,3.35,0.38,11,4.98
7.1,0.22,0.32,16.9,0.056,10.8730838066217,49,158,0.9998,3.37,0.38,9.6,5.7
7.1,0.22,0.32,16.9,0.056,8.99078155433158,49,158,0.9998,3.37,0.38,9.6,5.91
8.3,0.24,0.27,2.1,0.03,10.7941370307193,22,162,0.9914,2.99,0.68,11.9,5.96
6.8,0.26,0.32,7,0.041,8.22771881117699,38,118,0.9939,3.25,0.52,10.8,6.2
7.2,0.16,0.26,7.1,0.054,11.8101339404333,41,224,0.9966,3.38,0.55,10.1,4.99
7.2,0.16,0.26,7.1,0.054,10.6607706988809,41,224,0.9966,3.38,0.55,10.1,4.97
5.5,0.24,0.32,8.7,0.06,8.46251856372786,19,102,0.994,3.27,0.31,10.4,4.91
7.7,0.28,0.35,15.3,0.056,9.2094108358669,31,117,0.9998,3.27,0.5,9.6,4.93
7.7,0.28,0.35,15.3,0.056,9.24691091445145,31,117,0.9998,3.27,0.5,9.6,4.81
7.5,0.26,0.52,13.2,0.047,10.9742632481506,64,179,0.9982,3.1,0.46,9,5.27
6.5,0.14,0.32,2.7,0.037,10.2154642809607,18,89,0.9924,3.4,0.74,11.5,7.03
8.2,0.21,0.32,10.65,0.053,10.7662849618285,53,145,0.9972,3.17,0.48,10.2,6.06
7.2,0.2,0.31,10,0.054,11.3849427267509,49,165,0.997,3.4,0.42,9.9,5.88
7.2,0.115,0.3,6.8,0.056,11.6520442509717,26,105,0.9954,3.44,0.4,9.6,6.13
6.4,0.29,0.2,15.6,0.04,10.1442233921469,20,142,0.9962,3.1,0.54,10.6,5.05
7.1,0.33,0.64,13.2,0.056,9.20978499307225,12,105,0.9972,3.05,0.39,9.2,4.91
6.8,0.24,0.34,5.1,0.038,10.5170828921634,31,99,0.9921,3.24,0.46,11.8,5.99
7,0.24,0.34,3,0.035,11.8638860167853,36,102,0.9905,3.18,0.43,12.2,5.96
7.7,0.28,0.35,15.3,0.056,10.1284112634702,31,117,0.9998,3.27,0.5,9.6,5.13
7,0.22,0.33,2.1,0.052,11.3007875773936,15,76,0.993,3.2,0.41,10.6,5.98
7.5,0.18,0.39,1.9,0.054,7.65576335945561,23,91,0.9941,3.27,0.45,10.3,6.11
9.8,0.93,0.45,8.6,0.052,10.4888703674198,34,187,0.9994,3.12,0.59,10.2,4.07
7.8,0.29,0.33,8.75,0.035,10.2843873198473,33,181,0.9962,3.11,0.46,10.7,4.97
7.9,0.28,0.32,3.6,0.038,7.54790515140981,9,76,0.992,3.05,0.31,11.7,4
6.3,0.24,0.37,1.8,0.031,10.4516783414075,6,61,0.9897,3.3,0.34,12.2,3.86
6.8,0.37,0.28,4,0.03,10.284874580529,29,79,0.99,3.23,0.46,12.4,6.96
9.9,0.49,0.23,2.4,0.087,10.8432765099282,19,115,0.9948,2.77,0.44,9.4,5.98
8.5,0.25,0.27,4.7,0.031,8.83972751984077,31,92,0.9922,3.01,0.33,12,6.25
8.4,0.22,0.28,18.8,0.028,8.57040106824585,55,130,0.998,2.96,0.35,11.6,5.01
7,0.35,0.31,1.8,0.069,11.4301392729057,15,162,0.9944,3.18,0.47,9.4,4.85
7,0.35,0.31,1.8,0.069,11.606209978526,15,162,0.9944,3.18,0.47,9.4,5.09
7.4,0.19,0.3,12.8,0.053,8.76757183007784,48.5,229,0.9986,3.14,0.49,9.1,6.97
7.4,0.19,0.3,12.8,0.053,9.98558529003813,48.5,229,0.9986,3.14,0.49,9.1,7.14
7.4,0.19,0.3,12.8,0.053,8.58998372502069,48.5,229,0.9986,3.14,0.49,9.1,7.16
7.4,0.19,0.3,12.8,0.053,9.96602903641165,48.5,229,0.9986,3.14,0.49,9.1,7
6.9,0.32,0.13,7.8,0.042,10.878459144655,11,117,0.996,3.23,0.37,9.2,4.95
7.6,0.32,0.58,16.75,0.05,10.1608768609914,43,163,0.9999,3.15,0.54,9.2,5.2
7.4,0.19,0.3,12.8,0.053,9.83949191032567,48.5,212,0.9986,3.14,0.49,9.1,7.04
6.9,0.32,0.13,7.8,0.042,9.67262224472098,11,117,0.996,3.23,0.37,9.2,4.9
6,0.34,0.24,5.4,0.06,8.92251691343109,23,126,0.9951,3.25,0.44,9,7.12
7.6,0.32,0.58,16.75,0.05,10.2692654700555,43,163,0.9999,3.15,0.54,9.2,5.04
8,0.36,0.43,10.1,0.053,9.70901741625447,29,146,0.9982,3.4,0.46,9.5,5.96
7.4,0.29,0.25,3.8,0.044,8.87739192078197,30,114,0.992,3.11,0.4,11,6.09
6.6,0.32,0.27,10.9,0.041,8.80899965288791,37,146,0.9963,3.24,0.47,10,4.89
6.3,0.3,0.24,6.6,0.04,9.97334230268889,38,141,0.995,3.22,0.47,9.5,4.92
6.4,0.33,0.24,9.8,0.041,9.62309553570173,29,109,0.9956,3.29,0.47,10.1,6.04
7.5,0.18,0.31,11.7,0.051,12.6843207726346,24,94,0.997,3.19,0.44,9.5,7.08
6.5,0.39,0.81,1.2,0.217,9.35389844225057,14,74,0.9936,3.08,0.53,9.5,4.83
6.8,0.25,0.18,1.4,0.056,10.2418574730953,13,137,0.9935,3.11,0.42,9.5,5.02
6.4,0.18,0.32,9.6,0.052,9.27684827088161,24,90,0.9963,3.35,0.49,9.4,5.88
7.1,0.18,0.32,12.2,0.048,10.2510579258759,36,125,0.9967,2.92,0.54,9.4,5.94
9.2,0.23,0.35,10.7,0.037,10.0993964365724,34,145,0.9981,3.09,0.32,9.7,5.1
7.9,0.28,0.41,4.9,0.058,9.56992521949363,31,153,0.9966,3.27,0.51,9.7,5.98
7.1,0.18,0.32,12.2,0.048,11.5023062014058,36,125,0.9967,2.92,0.54,9.4,5.91
6.4,0.18,0.32,9.6,0.052,10.9772079751043,24,90,0.9963,3.35,0.49,9.4,6.03
7,0.22,0.26,1.1,0.037,8.12024154468789,20,71,0.9902,3.1,0.38,11.7,6.09
7.1,0.26,0.19,8.2,0.051,10.7897414327074,53,187,0.996,3.16,0.52,9.7,5.01
6.4,0.24,0.23,7.3,0.069,9.72494580352805,31,157,0.9962,3.25,0.53,9.1,5.09
6,0.28,0.27,2.3,0.051,10.4910664981609,23,147,0.994,3.23,0.67,10.3,6.08
7.1,0.26,0.19,8.2,0.051,10.6282126937328,53,187,0.996,3.16,0.52,9.7,4.93
7.6,0.27,0.33,2,0.059,10.4398547594065,19,175,0.9944,3.22,0.56,9.9,4.94
7.7,0.39,0.34,10,0.056,11.5736233415829,35,178,0.9974,3.26,0.6,10.2,5.13
8.9,0.24,0.33,15.75,0.035,9.78694379483546,16,132,0.996,3,0.37,12.1,5.98
6.6,0.23,0.24,3.9,0.045,10.0570677722885,36,138,0.9922,3.15,0.64,11.3,6.94
7.1,0.26,0.3,2,0.031,10.0332177242509,13,128,0.9917,3.19,0.49,11.4,4.8
7,0.32,0.35,1.5,0.039,11.3180601700946,24,125,0.9918,3.17,0.64,12.2,5.94
7.4,0.24,0.26,1.6,0.058,11.5541021625571,53,150,0.9936,3.18,0.5,9.9,6.92
6.9,0.21,0.33,1.4,0.056,8.55667363492661,35,136,0.9938,3.63,0.78,10.3,5.94
7,0.32,0.35,1.5,0.039,8.59272001554433,24,125,0.9918,3.17,0.64,12.2,6.01
7.1,0.26,0.3,2,0.031,9.04973033794543,13,128,0.9917,3.19,0.49,11.4,5.13
8.5,0.28,0.34,13.8,0.041,8.15285668944116,32,161,0.9981,3.13,0.4,9.9,5.84
7.8,0.3,0.37,1.3,0.051,11.6512584076875,16,96,0.9941,3.32,0.62,10,4.85
8.1,0.25,0.38,3.8,0.051,10.1047902842543,18,129,0.9928,3.21,0.38,11.5,5.89
7.7,0.28,0.29,6.9,0.041,10.9952833802933,29,163,0.9952,3.44,0.6,10.5,6
7,0.22,0.32,1.6,0.045,11.4654300453448,40,120,0.9914,2.98,0.44,10.5,6.14
8.5,0.28,0.34,13.8,0.041,10.4354494554358,32,161,0.9981,3.13,0.4,9.9,5.96
8,0.45,0.28,10.8,0.051,9.71227505587983,25,157,0.9957,3.06,0.47,11.4,6.92
6.9,0.23,0.33,12.8,0.056,10.3895461748951,44,169,0.998,3.42,0.42,9.8,6.13
8,0.45,0.28,10.8,0.051,11.4385273467907,25,157,0.9957,3.06,0.47,11.4,7.03
7.6,0.23,0.26,15.3,0.067,10.4373686536113,32,166,0.9986,3.03,0.44,9.2,3.96
7.7,0.27,0.61,12,0.046,11.2365024800658,64,179,0.9982,3.07,0.46,8.9,5.12
6.9,0.25,0.35,9.2,0.034,10.4925965980953,42,150,0.9947,3.21,0.36,11.5,6.02
7.1,0.2,0.36,11.6,0.042,9.85602193430407,45,124,0.997,2.92,0.59,9.5,7.08
6.9,0.25,0.35,9.2,0.034,10.5774212065005,42,150,0.9947,3.21,0.36,11.5,5.95
8.4,0.2,0.31,2.8,0.054,9.89687956902195,16,89,0.99416,2.96,0.45,9.5,5.8
7.2,0.23,0.38,6.1,0.067,8.95433493180124,20,90,0.99496,3.17,0.79,9.7,5.12
6.9,0.44,0.42,8.5,0.048,9.13479503648842,10,147,0.9974,3.32,0.46,9.5,5.98
6.4,0.34,0.2,14.9,0.06,8.10181211748415,37,162,0.9983,3.13,0.45,9,3.95
6.1,0.15,0.29,6.2,0.046,9.47941784040426,39,151,0.99471,3.6,0.44,10.6,5.91
6.9,0.44,0.42,8.5,0.048,10.1512647983499,10,147,0.9974,3.32,0.46,9.5,6.04
7.1,0.28,0.19,7.8,0.04,10.0563470849255,48,184,0.99579,3.16,0.5,9.4,5.08
6.1,0.23,0.45,10.6,0.094,8.24883495773914,49,169,0.99699,3.05,0.54,8.8,5.1
6.7,0.23,0.42,11.2,0.047,9.57880464143598,52,171,0.99758,3.54,0.74,10.4,4.96
7,0.36,0.14,11.6,0.043,9.35484192335017,35,228,0.9977,3.13,0.51,8.9,5.01
7.5,0.31,0.24,7.1,0.031,10.2838692659532,28,141,0.99397,3.16,0.38,10.6,7.09
6.4,0.34,0.2,14.9,0.06,10.3385195306868,37,162,0.9983,3.13,0.45,9,4.15
6.1,0.15,0.29,6.2,0.046,9.97109088607067,39,151,0.99471,3.6,0.44,10.6,5.96
6.3,0.27,0.18,7.7,0.048,10.2849387252582,45,186,0.9962,3.23,0.47,9,4.97
9.2,0.34,0.54,17.3,0.06,9.68524974863365,46,235,1.00182,3.08,0.61,8.8,6.12
7.4,0.18,0.29,1.4,0.042,9.69413398301323,34,101,0.99384,3.54,0.6,10.5,6.92
7.2,0.29,0.2,7.7,0.046,9.19908633648643,51,174,0.99582,3.16,0.52,9.5,4.94
6.3,0.27,0.18,7.7,0.048,8.93376897711688,45,186,0.9962,3.23,0.47,9,4.97
6.2,0.26,0.19,3.4,0.049,11.1123905838663,47,172,0.9924,3.14,0.43,10.4,5.87
7.3,0.21,0.21,1.6,0.046,9.09264076185622,35,133,0.99466,3.38,0.46,10,5.96
7.1,0.14,0.35,1.4,0.039,11.4168064508034,24,128,0.99212,2.97,0.68,10.4,4.96
7.2,0.39,0.54,1.4,0.157,10.9106788298013,34,132,0.99449,3.11,0.53,9,6.01
7.2,0.39,0.54,1.4,0.157,9.14149998744196,34,132,0.99449,3.11,0.53,9,6.16
7.6,0.48,0.28,10.4,0.049,10.8824361861818,57,205,0.99748,3.24,0.45,9.3,5.08
6.5,0.36,0.31,4.1,0.061,8.88685158458441,20,134,0.99475,3.18,0.45,9,5.87
8.5,0.25,0.31,2.8,0.032,11.4902956297051,11,61,0.99189,3.06,0.44,11.5,6.15
6.9,0.3,0.21,15.7,0.056,11.3554854463102,49,159,0.99827,3.11,0.48,9,5.08
6.6,0.19,0.43,10.9,0.045,8.94160079850105,53,154,0.99752,3.52,0.77,10.4,6.01
6.9,0.3,0.21,15.7,0.056,9.2305983647988,49,159,0.99827,3.11,0.48,9,5.13
9.4,0.42,0.32,6.5,0.027,10.0082177262372,20,167,0.99479,3.08,0.43,10.6,5.05
6.6,0.19,0.43,10.9,0.045,9.32965423178848,53,154,0.99752,3.52,0.77,10.4,5.98
6.3,0.2,0.3,5.9,0.034,10.0095706517891,35,152,0.99642,3.47,0.4,8.5,5.94
8.5,0.19,0.56,17.3,0.055,8.91616025222349,47,169,1.00047,3.07,0.67,9.3,6.09
7.3,0.19,0.25,1.4,0.051,10.4028440448414,41,107,0.99382,3.53,0.66,10.5,6.78
6.7,0.25,0.26,13.5,0.06,10.4851676929173,50,156,0.99784,3.39,0.46,9.9,5.98
6.2,0.25,0.28,8.5,0.035,9.58573676612028,28,108,0.99486,3.4,0.42,10.4,5.89
6.1,0.46,0.32,6.2,0.053,11.0766607425241,10,94,0.99537,3.35,0.47,10.1,4.8
7.3,0.19,0.25,1.4,0.051,8.13158044698227,41,107,0.99382,3.53,0.66,10.5,7.02
7.5,0.29,0.26,14.95,0.067,9.84492271074227,47,178,0.99838,3.04,0.49,9.2,3.99
6.7,0.31,0.18,7.7,0.043,10.2388339170748,57,200,0.99566,3.17,0.44,9.4,5.8
7.4,0.14,0.3,1.3,0.033,9.09794051243017,25,91,0.99268,3.53,0.39,10.6,5.97
6.7,0.31,0.18,7.7,0.043,9.39543927281288,57,200,0.99566,3.17,0.44,9.4,6.04
7.1,0.4,0.52,1.3,0.148,8.34517601331391,45,149,0.99468,3.08,0.56,8.7,5.06
6.3,0.16,0.22,1.3,0.046,10.3943431543972,18,66,0.99307,3.61,0.55,10.3,6.07
7.4,0.33,0.26,15.6,0.049,10.5616560219803,67,210,0.99907,3.06,0.68,9.5,5.04
7.4,0.33,0.26,15.6,0.049,8.19517868586408,67,210,0.99907,3.06,0.68,9.5,4.9
6.6,0.41,0.24,4.9,0.158,9.08729354490061,47,144,0.99471,3.17,0.49,9.4,5.03
6.7,0.43,0.23,5,0.157,10.2607738439914,49,145,0.99471,3.17,0.49,9.4,5.09
7.4,0.33,0.26,15.6,0.049,9.54732806894932,67,210,0.99907,3.06,0.68,9.5,5.23
7.3,0.4,0.28,6.5,0.037,12.5967014831279,26,97,0.99148,3.16,0.58,12.6,6.96
7.4,0.18,0.24,1.4,0.047,7.87270452510276,21,106,0.99383,3.52,0.64,10.5,7
6.5,0.32,0.23,1.2,0.054,9.90652818596821,39,208,0.99272,3.18,0.46,9.9,5.92
7.3,0.4,0.28,6.5,0.037,9.16195674655555,26,97,0.99148,3.16,0.58,12.6,7.13
7.5,0.42,0.19,6.9,0.041,10.0037352831451,62,150,0.99508,3.23,0.37,10,6.06
6.5,0.29,0.42,10.6,0.042,10.7791853149732,66,202,0.99674,3.24,0.53,9.5,5.91
6.3,0.41,0.18,3.5,0.027,8.9132805681177,23,109,0.99018,3.34,0.54,12.8,8
7,0.32,0.31,6.4,0.031,9.29652164265416,38,115,0.99235,3.38,0.58,12.2,7.02
7.3,0.3,0.33,2.3,0.043,9.62988588659885,28,125,0.99084,3.34,0.44,12.6,6.97
6,0.26,0.18,7,0.055,9.08206786619653,50,194,0.99591,3.21,0.43,9,4.93
6.9,0.44,0.18,11.8,0.051,9.77023585686698,26,126,0.9975,3.23,0.48,9.1,4.88
7.5,0.42,0.2,1.4,0.06,8.5758217217799,15,168,0.9944,3.06,0.4,9.4,6.05
7,0.36,0.3,5,0.04,10.7611159375962,40,143,0.99173,3.33,0.42,12.2,7.14
5.6,0.295,0.2,2.2,0.049,10.215630110733,18,134,0.99378,3.21,0.68,10,5.02
6.8,0.21,0.55,14.6,0.053,10.6255100656441,34,159,0.99805,2.93,0.44,9.2,4.99
8.1,0.28,0.34,1.3,0.035,9.95496637979009,11,126,0.99232,3.14,0.5,9.8,6.14
6.8,0.21,0.55,14.6,0.053,10.3860251684252,34,159,0.99805,2.93,0.44,9.2,5.11
7,0.22,0.26,2.8,0.036,10.0891037842013,44,132,0.99078,3.34,0.41,12,7.14
6.8,0.32,0.3,3.3,0.029,10.2499954865004,15,80,0.99061,3.33,0.63,12.6,7.03
7,0.19,0.33,6.3,0.032,8.84155959060024,42,127,0.99182,3.31,0.38,12.2,6.05
7.7,0.42,0.38,8.1,0.061,9.82477584841626,49,144,0.9966,3.4,0.58,11,6.03
7.4,0.2,0.31,1.6,0.038,10.989686872723,34,116,0.9912,3.25,0.39,12,6.88
7.5,0.24,0.62,10.6,0.045,11.5119410409028,51,153,0.99779,3.16,0.44,8.8,5.22
7.5,0.26,0.59,11.8,0.046,9.64447981497507,58,164,0.99814,3.17,0.46,8.9,3.89
6.6,0.4,0.32,1.7,0.035,9.63036359395989,39,84,0.99096,3.59,0.48,12.7,7.1
8,0.2,0.3,8.1,0.037,11.0234294612022,42,130,0.99379,3.1,0.67,11.8,5.88
4.6,0.445,0,1.4,0.053,10.7473202172482,11,178,0.99426,3.79,0.55,10.2,4.91
6.1,0.41,0.04,1.3,0.036,9.9714211967015,23,121,0.99228,3.24,0.61,9.9,5.93
7.6,0.2,0.34,1.8,0.041,9.15634067220104,42,148,0.99335,3.35,0.66,11.1,5.88
6.9,0.3,0.21,7.2,0.045,11.0029613868666,54,190,0.99595,3.22,0.48,9.4,4.99
6.9,0.35,0.55,11.95,0.038,9.29708605611592,22,111,0.99687,3.11,0.29,9.7,5.02
7,0.35,0.17,1.1,0.049,10.2092218160916,7,119,0.99297,3.13,0.36,9.7,6.2
6.9,0.35,0.55,11.95,0.038,10.7593351525688,22,111,0.99687,3.11,0.29,9.7,5.07
7.6,0.3,0.4,2.2,0.054,10.4996851609872,29,175,0.99445,3.19,0.53,9.8,4.83
6.3,0.4,0.32,10.6,0.049,9.97806604810194,38,209,0.9981,3.47,0.59,9.3,6.19
6.8,0.37,0.28,1.9,0.024,10.1436840347169,64,106,0.98993,3.45,0.6,12.6,8.05
7.5,0.23,0.35,17.8,0.058,10.298202312178,128,212,1.00241,3.44,0.43,8.9,4.97
8.3,0.27,0.34,10.2,0.048,9.594656235019,50,118,0.99716,3.18,0.51,10.3,4.87
6.8,0.26,0.22,4.8,0.041,9.70797921849725,110,198,0.99437,3.29,0.67,10.6,5
6.5,0.28,0.35,9.8,0.067,8.98824158051189,61,180,0.9972,3.15,0.57,9,4.12
7.2,0.34,0.3,8.4,0.051,10.0693153816976,40,167,0.99756,3.48,0.62,9.7,4.91
7,0.23,0.26,7.2,0.041,10.4528374686194,21,90,0.99509,3.22,0.55,9.5,5.92
7.7,0.29,0.29,4.8,0.06,11.638555883363,27,156,0.99572,3.49,0.59,10.3,6.1
7.7,0.4,0.27,4.5,0.034,10.7540878983027,27,95,0.99175,3.21,0.59,12.3,7.97
8.1,0.24,0.26,11,0.043,12.0207448319963,41,211,0.99676,3.11,0.49,10,6.11
7.7,0.28,0.63,11.1,0.039,9.21859931013194,58,179,0.9979,3.08,0.44,8.8,4.01
7.5,0.23,0.29,2.6,0.031,9.99215472405507,24,98,0.99194,3,0.54,10.9,6.03
8.3,0.26,0.31,2,0.029,9.82319931178295,14,141,0.99077,2.95,0.77,12.2,6.16
7.9,0.31,0.22,13.3,0.048,10.3430672995695,46,212,0.99942,3.47,0.59,10,5.12
7.9,0.25,0.34,11.4,0.04,8.51815637208117,53,202,0.99708,3.11,0.57,9.6,6.17
6.1,0.28,0.16,1.3,0.06,10.9354595268747,36,126,0.99353,3.13,0.46,8.7,5.97
7,0.18,0.26,1.4,0.044,11.5771146748024,46,89,0.99256,3.39,0.48,10.7,6.99
6.5,0.21,0.28,1.4,0.046,10.7375526406095,26,66,0.99199,3.43,0.48,11.1,6.02
7.6,0.48,0.33,7,0.024,10.2040684093864,14,130,0.9918,3.25,0.45,12.5,7.05
7.1,0.34,0.32,2,0.051,8.49129790481982,29,130,0.99354,3.3,0.5,10.4,5.95
7.4,0.32,0.27,12.9,0.04,8.6689834966143,60,221,0.99831,3.05,0.66,9.4,4.93
8.1,0.25,0.34,10.1,0.05,10.6378494439617,30,121,0.99724,3.17,0.49,10.1,5.91
8.2,0.25,0.46,3.75,0.05,9.6318569725002,14,102,0.99524,3.28,0.58,9.7,4.98
6.5,0.18,0.29,1.7,0.035,8.0695562688861,39,144,0.9927,3.49,0.5,10.5,6.14
6.7,0.24,0.26,12.6,0.053,9.98806799805446,44,182,0.99802,3.42,0.42,9.7,4.97
6.6,0.32,0.24,1.3,0.06,8.45945833586211,42.5,204,0.99512,3.59,0.51,9.2,4.93
7.6,0.32,0.35,1.6,0.092,8.57728165990065,24,138,0.99438,3.19,0.44,9.8,5.06
7.4,0.33,0.44,7.6,0.05,10.2753212982732,40,227,0.99679,3.12,0.52,9,4.7
7.2,0.3,0.3,8.1,0.05,10.4201514227598,40,188,0.99652,3.15,0.49,9.1,6.01
6.1,0.16,0.29,6,0.03,9.44932414644976,29,144,0.99474,3.68,0.46,10.7,6.23
6.2,0.45,0.73,7.2,0.099,8.83297468867392,47,202,0.99582,3.21,0.43,9.2,4.92
6,0.33,0.18,3,0.036,9.94034330843063,5,85,0.99125,3.28,0.4,11.5,4.23
7.6,0.48,0.37,1.2,0.034,9.38164530780661,5,57,0.99256,3.05,0.54,10.4,3.04
7.2,0.2,0.3,2,0.039,10.9632815534677,43,188,0.9911,3.3,0.41,12,6
7,0.32,0.29,4.9,0.036,9.71994067397115,41,150,0.99168,3.38,0.43,12.2,6.05
7,0.22,0.29,8.9,0.05,11.335250977548,24,90,0.99556,3.29,0.46,9.8,5.88
6.4,0.27,0.19,2,0.084,12.007716181917,21,191,0.99516,3.49,0.63,9.6,4.01
6.4,0.27,0.19,1.9,0.085,8.50257790906988,21,196,0.99516,3.49,0.64,9.5,3.99
7,0.23,0.42,5.1,0.042,9.48119171635841,37,144,0.99518,3.5,0.59,10.2,5.87
6.9,0.15,0.28,4.4,0.029,10.3329965391946,14,107,0.99347,3.24,0.46,10.4,7.92
6.9,0.15,0.28,4.4,0.029,10.2682351100111,14,107,0.99347,3.24,0.46,10.4,7.9
7.6,0.2,0.68,12.9,0.042,9.62811979864556,56,160,0.99841,3.05,0.41,8.7,5.05
6.9,0.3,0.29,1.3,0.053,10.6002199524071,24,189,0.99362,3.29,0.54,9.9,4.12
6.9,0.3,0.3,1.3,0.053,10.4758764223914,24,186,0.99361,3.29,0.54,9.9,4.09
7.6,0.21,0.35,1.2,0.041,10.4106181481386,7,106,0.9914,3.06,0.45,11.3,3.87
6.8,0.46,0.26,2.7,0.042,8.3446825443058,28,83,0.99114,3.38,0.51,12,8.01
7,0.28,0.26,1.7,0.042,10.7073746945067,34,130,0.9925,3.43,0.5,10.7,8
6.5,0.24,0.29,8.2,0.043,11.5395088892813,32,156,0.99453,3.13,0.7,10.1,6.09
6.4,0.17,0.34,1.5,0.091,10.8166618103325,42,135,0.9938,3.25,0.49,9.6,7.04
6.4,0.17,0.34,1.5,0.093,9.27002905276064,43,136,0.9938,3.25,0.49,9.6,5.87
6.3,0.695,0.55,12.9,0.056,9.91509561962033,58,252,0.99806,3.29,0.49,8.7,4.97
8.4,0.3,0.25,17.75,0.047,11.3693882004933,25,218,1.00016,2.98,0.66,9.1,5.09
6.5,0.19,0.27,4.9,0.037,9.96172557823318,13,101,0.9916,3.17,0.41,11.8,6.18
8,0.36,0.39,1.6,0.024,10.6011320833387,26,93,0.99116,3.15,0.49,11.9,5.9
9.2,0.19,0.42,2,0.047,11.6466668901903,16,104,0.99517,3.09,0.66,10,3.96
8,0.26,0.28,8.2,0.038,8.41170956666438,72,202,0.99566,3.12,0.56,10,6.01
8.8,0.33,0.36,2.1,0.034,10.2396757528509,19,125,0.99166,2.96,0.98,12.7,6.15
9.8,0.16,0.46,1.8,0.046,8.84237186777478,23,130,0.99587,3.04,0.67,9.6,5.06
6.6,0.23,0.18,8.5,0.044,9.18308402790611,59,188,0.99558,3.16,0.49,9.5,5.01
7.6,0.31,0.27,5.8,0.036,9.77668448851056,23,109,0.99399,3.34,0.54,11,6.05
7.1,0.21,0.28,2.7,0.034,9.16684249120633,23,111,0.99405,3.35,0.64,10.2,4
7,0.16,0.26,7.3,0.047,10.6866785160337,30,220,0.99622,3.38,0.58,10.1,5.98
8,0.27,0.25,19.1,0.045,9.18136297698114,50,208,1.00051,3.05,0.5,9.2,5.93
6.3,0.38,0.17,8.8,0.08,10.2134077204755,50,212,0.99803,3.47,0.66,9.4,3.87
7.1,0.21,0.28,2.7,0.034,11.8490540495507,23,111,0.99405,3.35,0.64,10.2,3.98
6.2,0.38,0.18,7.4,0.095,10.6686264964895,28,195,0.99773,3.53,0.71,9.2,4
8.2,0.24,0.3,2.3,0.05,10.2506554535018,23,106,0.99397,2.98,0.5,10,5.18
7,0.16,0.26,6.85,0.047,9.33933111660189,30,220,0.99622,3.38,0.58,10.1,6.12
7.3,0.815,0.09,11.4,0.044,10.840728947243,45,204,0.99713,3.15,0.46,9,4.96
6.3,0.41,0.16,0.9,0.032,9.47393880324594,25,98,0.99274,3.16,0.42,9.5,5.09
6.1,0.36,0.41,19.35,0.07,9.08264506099613,67,207,1.00118,3.39,0.53,9.1,4.89
8.1,0.4,0.32,7.9,0.031,11.6740071718462,23,118,0.99176,3.05,0.46,13.3,7.01
6.8,0.26,0.43,11.75,0.045,9.29823006454753,53,198,0.9969,3.26,0.55,9.5,5.05
6.2,0.44,0.18,7.7,0.096,11.8205162725817,28,210,0.99771,3.56,0.72,9.2,4.83
7.2,0.24,0.29,3,0.036,10.2504366214573,17,117,0.99411,3.36,0.68,10.1,6.12
6.2,0.44,0.18,7.7,0.096,10.2116918719637,28,210,0.99771,3.56,0.72,9.2,4.93
7.2,0.24,0.29,3,0.036,10.6725938461168,17,117,0.99411,3.36,0.68,10.1,5.82
7.3,0.22,0.26,1.5,0.04,11.4671001109034,32,172,0.99194,3.27,0.48,11.2,5.88
8.1,0.34,0.28,7.5,0.04,11.5020896359065,70,230,0.99558,3.14,0.55,9.8,5.8
7.3,0.22,0.26,1.5,0.04,9.02055560926621,32,172,0.99194,3.27,0.48,11.2,5.96
8.1,0.34,0.28,7.5,0.04,9.57414388946765,70,230,0.99558,3.14,0.55,9.8,6.08
6.4,0.28,0.17,8.3,0.042,8.73628742338839,61,195,0.99577,3.22,0.46,9.4,4.94
6.4,0.27,0.17,8.4,0.044,10.9197572259837,60,198,0.99578,3.21,0.47,9.4,4.97
8.3,0.28,0.27,17.5,0.045,9.34466796986855,48,253,1.00014,3.02,0.56,9.1,6.02
6.9,0.43,0.28,9.4,0.056,10.7435747303987,29,183,0.99594,3.17,0.43,9.4,4.98
8,0.26,0.28,4.8,0.05,10.2797861939696,34,150,0.99437,3.13,0.5,10,5.99
6.9,0.43,0.28,9.4,0.056,9.06072904282235,29,183,0.99594,3.17,0.43,9.4,5.11
7.3,0.27,0.37,9.7,0.042,10.4864005589843,36,130,0.9979,3.48,0.75,9.9,6.16
6.8,0.46,0.26,6.3,0.147,8.40352535360362,49,159,0.99434,3.14,0.47,10,4.92
7.2,0.2,0.28,1.6,0.028,9.41318692745309,13,168,0.99203,3.17,1.06,11.5,6.05
7.6,0.285,0.32,14.6,0.063,9.8407169867775,32,201,0.998,3,0.45,9.2,5
6.6,0.32,0.33,2.5,0.052,11.7301499021719,40,219.5,0.99316,3.15,0.6,10,5.13
7.6,0.285,0.32,14.6,0.063,10.6632698741606,32,201,0.998,3,0.45,9.2,5.09
6.6,0.34,0.34,2.6,0.051,9.86654444284239,40.5,210,0.99314,3.15,0.61,10,5.11
6.6,0.32,0.33,2.5,0.052,8.98078106507067,40,210,0.99316,3.15,0.6,10,4.97
6.5,0.27,0.26,8.2,0.042,9.86447911248253,21,133,0.99612,3.43,0.64,9.8,6.1
6.6,0.26,0.27,1.5,0.04,10.0350879661885,19,114,0.99295,3.36,0.62,10.5,6.07
6.7,0.27,0.26,2.3,0.043,9.42191570547863,61,181,0.99394,3.45,0.63,10.6,5.87
6.6,0.56,0.15,10,0.037,9.45277659213283,38,157,0.99642,3.28,0.52,9.4,4.91
7.3,0.19,0.27,1.6,0.027,9.01652481480409,35,136,0.99248,3.38,0.54,11,6.95
6.3,0.2,0.26,1.6,0.027,10.4236983548841,36,141,0.99268,3.53,0.56,10.8,6.13
7.1,0.29,0.3,16,0.036,11.1284591564892,58,201,0.99954,3.3,0.67,9,5.07
7.8,0.32,0.33,10.4,0.031,9.26112028915515,47,194,0.99692,3.07,0.58,9.6,5.89
8.1,0.33,0.36,7.4,0.037,9.66283533420405,36,156,0.99592,3.19,0.54,10.6,5.87
7.8,0.32,0.33,10.4,0.031,11.5176190651847,47,194,0.99692,3.07,0.58,9.6,6.02
6.6,0.33,0.24,16.05,0.045,10.5579499081051,31,147,0.99822,3.08,0.52,9.2,4.65
6.6,0.33,0.24,16.05,0.045,12.1323023971986,31,147,0.99822,3.08,0.52,9.2,5.12
8.2,0.26,0.33,2.6,0.053,9.00187542015362,11,71,0.99402,2.89,0.49,9.5,5.03
8.3,0.25,0.33,2.5,0.053,9.17490539297687,12,72,0.99404,2.89,0.48,9.5,5.08
6,0.26,0.15,1.2,0.053,9.79963371169892,35,124,0.99347,3.08,0.46,8.8,5.14
7.5,0.28,0.78,12.1,0.041,10.6602963621987,53,161,0.99838,2.98,0.44,8.7,5.02
7.5,0.27,0.79,11.95,0.04,9.86193427901066,51,159,0.99839,2.98,0.44,8.7,4.9
7,0.28,0.32,1.7,0.038,9.76617487081228,27,128,0.99375,3.2,0.62,10.2,5.99
5.2,0.16,0.34,0.8,0.029,10.8014794622369,26,77,0.99155,3.25,0.51,10.1,6.09
6.8,0.34,0.1,1.4,0.049,10.6385726596422,29,118,0.9936,3.21,0.41,9.5,4.86
7.6,0.25,0.34,1.3,0.056,8.7414564024572,34,176,0.99434,3.1,0.51,9.5,4.99
5.6,0.35,0.4,6.3,0.022,10.3554452910868,23,174,0.9922,3.54,0.5,11.6,6.92
8.8,0.24,0.23,10.3,0.032,9.64613908526338,12,97,0.99571,3.13,0.4,10.7,5.85
6,0.29,0.21,15.55,0.043,10.796066680104,20,142,0.99658,3.11,0.54,10.1,6.21
6.1,0.27,0.31,1.5,0.035,8.70765258099971,17,83,0.99076,3.32,0.44,11.1,7.02
7.4,0.56,0.09,1.5,0.071,10.8067410172728,19,117,0.99496,3.22,0.53,9.8,5.05
6.8,0.29,0.49,1.4,0.142,12.5289091812558,52,148,0.9937,3.08,0.49,9,6.01
6.1,0.27,0.31,1.5,0.035,10.3208162970491,17,83,0.99076,3.32,0.44,11.1,6.84
6.3,0.27,0.37,7.9,0.047,9.18529300459847,58,215,0.99542,3.19,0.48,9.5,6.01
6.6,0.24,0.3,13,0.052,10.9639437252794,18,143,0.99825,3.37,0.49,9.4,6.13
6.8,0.32,0.3,1,0.049,10.2506559797104,22,113,0.99289,3.24,0.61,10.2,5.14
6.4,0.37,0.37,4.85,0.041,11.5506291481635,39.5,216.5,0.99432,3.1,0.5,9.8,5.95
6.2,0.26,0.37,7.1,0.047,10.8860902120485,54,201,0.99523,3.19,0.48,9.5,6.15
6.3,0.27,0.37,7.9,0.047,10.4563256929453,58,215,0.99542,3.19,0.48,9.5,6.15
6.4,0.3,0.16,7.5,0.05,9.09367946482747,55,191,0.9959,3.17,0.49,9,5.08
6.7,0.24,0.32,10.3,0.079,10.5791689890027,37,122,0.99662,3.02,0.45,8.8,5.1
7.9,0.27,0.27,1.7,0.034,9.50242641816858,25,122,0.99088,2.97,0.51,11.9,6.05
7.9,0.27,0.27,1.7,0.034,10.4820578975415,25,122,0.99088,2.97,0.51,11.9,5.81
6.1,0.28,0.24,19.95,0.074,10.171011106641,32,174,0.99922,3.19,0.44,9.3,6.07
7.7,0.39,0.49,7.7,0.036,9.99323719500343,11,110,0.9966,3.33,0.76,10,6.01
6,0.2,0.24,5.3,0.075,11.0463509468492,49,201,0.99466,3.21,0.43,9.5,4.92
7.6,0.31,0.23,12.7,0.054,10.5775259100706,20,139,0.99836,3.16,0.5,9.7,3.9
7.6,0.31,0.23,12.7,0.054,9.55939988462832,20,139,0.99836,3.16,0.5,9.7,4.12
6.3,0.18,0.22,1.5,0.043,9.85672827776491,45,155,0.99238,3.19,0.48,10.2,4.98
8.6,0.23,0.25,11.3,0.031,9.39991169189997,13,96,0.99645,3.11,0.4,10.8,4.87
6.8,0.21,0.36,18.1,0.046,10.4814098031438,32,133,1,3.27,0.48,8.8,5.01
6.8,0.21,0.36,18.1,0.046,9.42622103539001,32,133,1,3.27,0.48,8.8,4.87
6.9,0.26,0.31,7,0.039,7.58041288078909,37,175,0.99376,3.32,0.49,11.4,5.87
6.8,0.21,0.36,18.1,0.046,7.94945345274304,32,133,1,3.27,0.48,8.8,4.82
6.4,0.31,0.4,6.4,0.039,9.3016876116311,39,191,0.99513,3.14,0.52,9.8,4.93
8.6,0.34,0.36,1.4,0.045,8.01980720897012,11,119,0.99556,3.17,0.47,9.4,3.95
8.6,0.34,0.36,1.4,0.045,9.96833602513327,11,119,0.99556,3.17,0.47,9.4,4.1
8.5,0.3,0.28,3.1,0.054,12.3197815393931,54,174,0.99543,3.21,0.43,9.4,5.94
7.4,0.4,0.41,14.1,0.053,11.492371532808,37,194,0.99886,3.2,0.63,9.4,6.12
6.6,0.32,0.34,7.7,0.044,10.6279319252611,63,212,0.99526,3.22,0.48,9.7,5.87
7.1,0.34,0.31,5.2,0.032,9.64453017792773,36,140,0.99166,3.35,0.47,12.3,6.91
6.6,0.26,0.25,11.6,0.045,11.2074318023867,45,178,0.99691,3.33,0.43,9.8,5.89
6.2,0.28,0.45,7.5,0.045,11.8336879904522,46,203,0.99573,3.26,0.46,9.2,5.94
6.2,0.3,0.49,11.2,0.058,9.15947169994076,68,215,0.99656,3.19,0.6,9.4,5.99
5.6,0.175,0.29,0.8,0.043,10.5514636398047,20,67,0.99112,3.28,0.48,9.9,5.93
6.9,0.34,0.36,1.4,0.032,9.15942404377037,13,145,0.99214,3.07,0.52,9.8,5
6.9,0.34,0.3,4.7,0.029,10.6664451428284,34,148,0.99165,3.36,0.49,12.3,7.1
7.1,0.12,0.3,3.1,0.018,11.1168627255869,15,37,0.99004,3.02,0.52,11.9,7.1
7.1,0.32,0.29,4,0.038,8.67898706437222,33,170,0.99463,3.27,0.64,10.2,5.83
7.3,0.51,0.29,11.3,0.034,10.5231979449622,61,224,0.99683,3.14,0.56,9.5,6.03
7.1,0.12,0.3,3.1,0.018,11.6350169547935,15,37,0.99004,3.02,0.52,11.9,6.89
6.3,0.24,0.55,8.1,0.04,10.6508011940256,67,216,0.99596,3.24,0.5,9.2,4.98
7.5,0.41,0.23,14.8,0.054,10.1263717012445,28,174,0.99898,3.18,0.49,9.7,5
6.5,0.18,0.33,1.4,0.029,10.5904956303387,35,138,0.99114,3.36,0.6,11.5,6.93
7.3,0.17,0.24,8.1,0.121,9.83277262795175,32,162,0.99508,3.17,0.38,10.4,7.92
8.2,0.2,0.38,3.5,0.053,10.8499383908721,41,174,0.99306,3.22,0.41,11.6,5.01
7.5,0.41,0.23,14.8,0.054,9.87875628144706,28,174,0.99898,3.18,0.49,9.7,5.01
7.3,0.17,0.24,8.1,0.121,10.5662954068029,32,162,0.99508,3.17,0.38,10.4,7.83
6.5,0.18,0.33,1.4,0.029,10.4986387558563,35,138,0.99114,3.36,0.6,11.5,6.91
7.3,0.16,0.35,1.5,0.036,9.35572007677286,29,108,0.99342,3.27,0.51,10.2,6.13
6.4,0.16,0.37,1.5,0.037,11.7637459286212,27,109,0.99345,3.38,0.5,9.8,5.94
6.6,0.42,0.13,12.8,0.044,8.66273513148661,26,158,0.99772,3.24,0.47,9,5.06
5.8,0.3,0.12,1.6,0.036,9.8755278016738,57,163,0.99239,3.38,0.59,10.5,5.98
6.7,0.54,0.27,7.1,0.049,10.7967916316982,8,178,0.99502,3.16,0.38,9.4,4.01
6.4,0.22,0.3,11.2,0.046,10.7155093666153,53,149,0.99479,3.21,0.34,10.8,5.02
6.8,0.23,0.3,1.7,0.043,8.64643451903965,19,95,0.99207,3.17,0.46,10.7,7.08
6.5,0.23,0.25,17.3,0.046,12.3911081801436,15,110,0.99828,3.15,0.42,9.2,5.91
5.9,0.28,0.14,8.6,0.032,9.6187466811917,30,142,0.99542,3.28,0.44,9.5,5.87
5.9,0.28,0.14,8.6,0.032,9.52166857634404,30,142,0.99542,3.28,0.44,9.5,5.75
6.2,0.27,0.18,1.5,0.028,11.0272527355781,20,111,0.99228,3.41,0.5,10,5.05
9,0.29,0.34,12.1,0.03,10.2989189907525,34,177,0.99706,3.13,0.47,10.6,5
9,0.26,0.34,6.7,0.029,10.9994872115038,21,162,0.99497,3.08,0.5,10.6,6.1
8.9,0.27,0.34,10.7,0.029,11.5083289302207,19.5,166,0.99669,3.13,0.48,10.6,4.95
6.5,0.23,0.25,17.3,0.046,11.5070090892854,15,110,0.99828,3.15,0.42,9.2,6.06
6.9,0.32,0.3,1.8,0.036,10.2076431499999,28,117,0.99269,3.24,0.48,11,6.05
7.2,0.22,0.24,1.4,0.041,9.35200403575132,17,159,0.99196,3.25,0.53,11.2,5.88
6.7,0.5,0.38,7.5,0.046,9.01322278195491,26,175,0.99662,3.32,0.54,9.6,5
6.2,0.33,0.14,4.8,0.052,10.5608372489969,27,128,0.99475,3.21,0.48,9.4,5.16
6.3,0.26,0.42,7.1,0.045,10.2139538008148,62,209,0.99544,3.2,0.53,9.5,5.9
7.5,0.2,0.47,16.9,0.052,11.3704690369729,51,188,0.99944,3.09,0.62,9.3,5.01
6.2,0.33,0.14,4.8,0.052,8.2210303332206,27,128,0.99475,3.21,0.48,9.4,5.07
6.3,0.26,0.42,7.1,0.045,11.3140247201869,62,209,0.99544,3.2,0.53,9.5,5.98
6.3,0.13,0.42,1.1,0.043,11.1644458083215,63,146,0.99066,3.13,0.72,11.2,7.05
6.4,0.15,0.44,1.2,0.043,8.45075615564631,67,150,0.9907,3.14,0.73,11.2,6.92
6.3,0.13,0.42,1.1,0.043,9.85684946143657,63,146,0.99066,3.13,0.72,11.2,6.89
5.7,0.255,0.65,1.2,0.079,8.93069968898634,17,137,0.99307,3.2,0.42,9.4,4.99
6.9,0.32,0.26,2.3,0.03,10.3942550026809,11,103,0.99106,3.06,0.42,11.1,6.01
6.9,0.28,0.22,10,0.052,10.4316202905491,36,131,0.99696,3.08,0.46,9.6,5.03
6.9,0.32,0.26,2.3,0.03,9.4697279212984,11,103,0.99106,3.06,0.42,11.1,6.02
5.7,0.255,0.65,1.2,0.079,10.9150500980863,17,137,0.99307,3.2,0.42,9.4,4.89
7.3,0.37,0.16,14.9,0.048,10.6212717690501,59,240,0.99902,3.13,0.45,8.9,4.94
6.9,0.21,0.24,1.8,0.021,11.561870554696,17,80,0.98992,3.15,0.46,12.3,6.87
6.6,0.24,0.28,1.8,0.028,9.60560226727658,39,132,0.99182,3.34,0.46,11.4,5.2
6.6,0.24,0.24,8.6,0.034,10.391797750995,25,135,0.99582,3.33,0.59,10.3,5.96
6.6,0.24,0.28,1.8,0.028,9.18067839172148,39,132,0.99182,3.34,0.46,11.4,4.98
7,0.16,0.32,1.1,0.032,9.74020714055679,29,80,0.98972,3.23,0.36,12.1,5.96
7,0.14,0.28,1.3,0.026,8.74699378325047,10,56,0.99352,3.46,0.45,9.9,4.99
6.3,0.34,0.36,4.9,0.035,9.49466076079843,31,185,0.9946,3.15,0.49,9.7,4.98
6.8,0.26,0.24,1.9,0.043,10.2194324840478,70,154,0.99273,3.18,0.52,10.5,4.94
6.7,0.17,0.42,10.4,0.038,10.0127509300273,85,182,0.99628,3.04,0.44,8.9,5.96
6.5,0.27,0.4,10,0.039,9.86562492970421,74,227,0.99582,3.18,0.5,9.4,4.93
6.7,0.25,0.36,8.6,0.037,8.78393072927075,63,206,0.99553,3.18,0.5,9.6,4.92
5.8,0.3,0.27,1.7,0.014,12.0105345126164,45,104,0.98914,3.4,0.56,12.6,7.06
6.4,0.28,0.56,1.7,0.156,9.13733779528953,49,106,0.99354,3.1,0.37,9.2,5.95
7.7,0.3,0.26,18.95,0.053,8.49674197108289,36,174,0.99976,3.2,0.5,10.4,5.15
6.8,0.18,0.3,12.8,0.062,10.1854283895389,19,171,0.99808,3,0.52,9,7.01
6.8,0.18,0.3,12.8,0.062,9.86991509096017,19,171,0.99808,3,0.52,9,7.09
6.8,0.18,0.3,12.8,0.062,9.91870698627184,19,171,0.99808,3,0.52,9,6.95
6.8,0.18,0.3,12.8,0.062,7.94465624244237,19,171,0.99808,3,0.52,9,6.78
6.8,0.18,0.3,12.8,0.062,11.5903700274342,19,171,0.99808,3,0.52,9,7
5.1,0.14,0.25,0.7,0.039,9.46837151694346,15,89,0.9919,3.22,0.43,9.2,5.99
6.8,0.18,0.3,12.8,0.062,8.86868593753329,19,171,0.99808,3,0.52,9,6.96
6.9,0.13,0.28,13.3,0.05,10.8405875802963,47,132,0.99655,3.34,0.42,10.1,6
6.7,0.34,0.3,8.5,0.059,10.7462749519875,24,152,0.99615,3.46,0.64,11,6.9
7.3,0.32,0.29,1.5,0.038,8.78428207359794,32,144,0.99296,3.2,0.55,10.8,5.17
6.3,0.21,0.29,11.7,0.048,8.32341793115584,49,147,0.99482,3.22,0.38,10.8,4.98
5.4,0.5,0.13,5,0.028,10.697992109705,12,107,0.99079,3.48,0.88,13.5,6.85
8.2,0.52,0.34,1.2,0.042,10.5123011654135,18,167,0.99366,3.24,0.39,10.6,4.87
7.8,0.28,0.31,2.1,0.046,9.9384979772063,28,208,0.99434,3.23,0.64,9.8,5.05
6.9,0.32,0.27,16,0.034,9.84362932627178,58,185,0.99938,3.34,0.6,9,6
6.8,0.11,0.42,1.1,0.042,10.1836009222547,51,132,0.99059,3.18,0.74,11.3,7.09
6.2,0.26,0.32,15.3,0.031,9.21722481933237,64,185,0.99835,3.31,0.61,9.4,5.08
6.4,0.22,0.34,1.4,0.023,8.62465544380322,56,115,0.98958,3.18,0.7,11.7,6.01
6.7,0.3,0.29,2.8,0.025,9.45270329357186,37,107,0.99159,3.31,0.63,11.3,7
6.7,0.3,0.29,2.8,0.025,8.91211816475413,37,107,0.99159,3.31,0.63,11.3,7.16
7.2,0.2,0.36,2.5,0.028,9.46112566852471,22,157,0.9938,3.48,0.49,10.6,6.02
8.9,0.26,0.33,8.1,0.024,8.58574149775954,47,202,0.99558,3.13,0.46,10.8,5.96
7.5,0.25,0.32,8.2,0.024,9.61764220624062,53,209,0.99563,3.12,0.46,10.8,5.83
6.5,0.3,0.39,7.8,0.038,8.81545723457221,61,219,0.9959,3.19,0.5,9.4,4.95
6.7,0.3,0.29,2.8,0.025,9.19124206246912,37,107,0.99159,3.31,0.63,11.3,7.1
6.6,0.36,0.52,10.1,0.05,11.6445562539332,29,140,0.99628,3.07,0.4,9.4,5.07
6.5,0.18,0.41,14.2,0.039,8.50660847173671,47,129,0.99678,3.28,0.72,10.3,7.05
6.5,0.18,0.41,14.2,0.039,9.98654742992716,47,129,0.99678,3.28,0.72,10.3,6.88
6.6,0.26,0.21,2.9,0.026,9.34869267394539,48,126,0.99089,3.22,0.38,11.3,6.98
6.6,0.35,0.35,6,0.063,9.48358772911436,31,150,0.99537,3.1,0.47,9.4,6.17
6.5,0.28,0.28,20.4,0.041,8.9376970847556,40,144,1.0002,3.14,0.38,8.7,5.05
6.5,0.18,0.41,14.2,0.039,9.83106904222715,47,129,0.99678,3.28,0.72,10.3,7.01
4.5,0.19,0.21,0.95,0.033,8.89136525495343,89,159,0.99332,3.34,0.42,8,5.11
8,0.24,0.26,1.7,0.033,9.33135238310492,36,136,0.99316,3.44,0.51,10.4,7
7.8,0.17,0.23,1.7,0.029,12.1965927114901,39,128,0.99272,3.37,0.41,10.7,7.04
7,0.24,0.24,9,0.03,9.14455642599669,42,219,0.99636,3.47,0.46,10.2,5.95
5.9,0.445,0.26,1.4,0.027,10.5270456843678,23,109,0.99148,3.3,0.36,10.5,6
6.7,0.28,0.28,2.4,0.012,9.48180900617559,36,100,0.99064,3.26,0.39,11.7,6.94
6.8,0.44,0.2,16,0.065,11.3541658624295,61,186,0.99884,3.13,0.45,8.6,5.08
7.2,0.24,0.27,11.4,0.034,10.5544638854692,40,174,0.99773,3.2,0.44,9,4.94
8.7,0.31,0.73,14.35,0.044,10.0705678411141,27,191,1.00013,2.96,0.88,8.7,4.92
8.2,0.32,0.26,2.1,0.062,10.6145151046275,26,87,0.98974,3.1,0.47,12.8,5.91
7.2,0.24,0.27,11.4,0.034,11.1872180267226,40,174,0.99773,3.2,0.44,9,5.11
8.7,0.31,0.73,14.35,0.044,9.65554397528259,27,191,1.00013,2.96,0.88,8.7,4.96
7.5,0.13,0.38,1.1,0.023,9.39272665223428,42,104,0.99112,3.28,0.53,11.8,5.94
9.2,0.14,0.37,1.1,0.034,10.1173795223195,36,84,0.99136,3.05,0.55,11.6,5.99
7.4,0.2,0.37,1.2,0.028,10.1573919994937,28,89,0.99132,3.14,0.61,11.8,5.95
6.1,0.15,0.35,15.8,0.042,12.014288798782,55,158,0.99642,3.24,0.37,10.6,5.17
7.6,0.23,0.4,5.2,0.066,10.9648265714364,14,91,0.99488,3.17,0.8,9.7,5.07
7.15,0.17,0.24,9.6,0.119,8.85797284549102,56,178,0.99578,3.15,0.44,10.2,6.03
6.7,0.12,0.3,5.2,0.048,10.6456936803994,38,113,0.99352,3.33,0.44,10.1,7.03
7,0.34,0.39,6.9,0.066,10.7457299508011,43,162,0.99561,3.11,0.53,9.5,5.2
6.4,0.68,0.26,3.4,0.069,10.3502342335545,25,146,0.99347,3.18,0.4,9.3,5
7.3,0.22,0.31,2.3,0.018,8.6090357338435,45,80,0.98936,3.06,0.34,12.9,7.01
6.4,0.28,0.27,11,0.042,10.0777199083601,45,148,0.99786,3.14,0.46,8.7,5.12
6.9,0.4,0.22,5.95,0.081,9.96298494153293,76,303,0.99705,3.4,0.57,9.4,5.03
6.8,0.19,0.23,5.1,0.034,8.84422343001747,71,204,0.9942,3.23,0.69,10.1,5.02
7.1,0.23,0.24,5.4,0.039,10.0838198221309,60,196,0.9948,3.19,0.78,10,4.14
6.45,0.14,0.42,1.2,0.05,9.27451948138852,51,129,0.99116,3.27,0.69,11.1,7.09
6.5,0.15,0.44,12.6,0.052,9.09302867192983,65,158,0.99688,3.26,0.7,10.3,7
7.1,0.15,0.34,1,0.033,9.55786556634837,27,73,0.98974,3.24,0.41,12.2,5.84
6.7,0.33,0.34,6.6,0.067,12.0172393030436,35,156,0.99542,3.11,0.48,9.3,5.99
7.2,0.3,0.26,1.5,0.041,10.1745522013345,46,178,0.99154,3.19,0.56,11.3,6.11
7,0.23,0.33,1,0.043,10.3810231373647,46,110,0.99118,3.04,0.65,10.8,5.95
8,0.13,0.25,1.1,0.033,9.48026242476712,15,86,0.99044,2.98,0.39,11.2,7.77
6.2,0.21,0.34,6.6,0.03,8.80205202139819,36,91,0.9914,3.32,0.45,12.5,7.03
8.3,0.4,0.41,8.2,0.05,9.72279889752486,15,122,0.9979,3.39,0.49,9.3,4.94
5.9,0.34,0.31,2,0.03,9.08398073958113,38,142,0.98892,3.4,0.41,12.9,6.99
6.6,0.12,0.25,1.4,0.039,10.6991847711801,21,131,0.99114,3.2,0.45,11.2,6.99
9.6,0.655,0.21,2,0.039,9.95277921042843,21,120,0.99188,3,1,12.6,5.88
6.8,0.26,0.4,7.5,0.046,10.2544180369524,45,179,0.99583,3.2,0.49,9.3,4.98
5.9,0.34,0.31,2,0.03,11.7463645332327,38,142,0.98892,3.4,0.41,12.9,6.95
5.9,0.3,0.3,2,0.03,10.755521317982,38,142,0.98892,3.41,0.41,12.9,6.98
7.9,0.37,0.31,2.85,0.037,8.19996928784511,5,24,0.9911,3.19,0.36,11.9,5.96
7.2,0.35,0.25,5.6,0.032,9.58568917610335,23,120,0.99334,2.93,0.66,10.3,6.94
7.2,0.32,0.24,5.6,0.033,12.1878241105073,23,120,0.99334,2.92,0.66,10.3,7.18
6.2,0.25,0.31,3.2,0.03,10.9218186398236,32,150,0.99014,3.18,0.31,12,6.03
7.1,0.31,0.17,1,0.042,10.5727295134135,21,144,0.99304,3.13,0.4,9.6,5.17
7.6,0.18,0.28,7.1,0.041,9.75271575643871,29,110,0.99652,3.2,0.42,9.2,5.91
8,0.17,0.29,2.4,0.029,9.90648103482031,52,119,0.98944,3.03,0.33,12.9,6.06
7.2,0.19,0.27,11.2,0.061,10.7850996091069,46,149,0.99772,2.99,0.59,9.3,5.9
7.1,0.31,0.17,1,0.042,12.2664255788324,21,144,0.99304,3.13,0.4,9.6,5.05
6.6,0.21,0.29,1.8,0.026,9.68236417668565,35,128,0.99183,3.37,0.48,11.2,5.94
7,0.16,0.36,2.6,0.029,11.4537618237211,28,98,0.99126,3.11,0.37,11.2,6.95
8,0.17,0.29,2.4,0.029,9.93733376198835,52,119,0.98944,3.03,0.33,12.9,6.15
6.6,0.24,0.38,8,0.042,10.3533119372912,56,187,0.99577,3.21,0.46,9.2,5.16
7.2,0.19,0.27,11.2,0.061,9.46662872255922,46,149,0.99772,2.99,0.59,9.3,5.93
7.6,0.18,0.28,7.1,0.041,9.91945393179657,29,110,0.99652,3.2,0.42,9.2,6
6.2,0.28,0.27,10.3,0.03,9.65755916988091,26,108,0.99388,3.2,0.36,10.7,5.81
6.9,0.31,0.32,1.2,0.024,9.18320798677525,20,166,0.99208,3.05,0.54,9.8,5.96
6.7,0.23,0.25,1.6,0.036,9.58462910257945,28,143,0.99256,3.3,0.54,10.3,6.09
6.2,0.28,0.27,10.3,0.03,12.0188130543598,26,108,0.99388,3.2,0.36,10.7,6.04
5.7,0.23,0.28,9.65,0.025,10.210049841574,26,121,0.9925,3.28,0.38,11.3,5.97
7,0.18,0.37,1.5,0.043,9.62765935264895,16,104,0.99216,3.18,0.5,10.8,5.08
6.9,0.31,0.32,1.2,0.024,10.9248230967646,20,166,0.99208,3.05,0.54,9.8,6.15
6.9,0.3,0.25,3.3,0.041,10.5966463939925,26,124,0.99428,3.18,0.5,9.3,5.78
6.5,0.46,0.31,5,0.027,9.17505402680591,15,72,0.99165,3.26,0.6,11.5,6.96
6.5,0.23,0.36,16.3,0.038,10.8892204818999,43,133,0.99924,3.26,0.41,8.8,5.19
6.6,0.26,0.38,6.5,0.17,11.4601264735865,68,201,0.9956,3.19,0.38,9.4,5.88
7.5,0.28,0.39,10.2,0.045,10.7878585780882,59,209,0.9972,3.16,0.63,9.6,6.08
6.5,0.23,0.36,16.3,0.038,9.67182651366412,43,133,0.99924,3.26,0.41,8.8,5.02
6.8,0.23,0.42,7.4,0.044,12.6436968694231,56,189,0.9958,3.22,0.48,9.3,5.95
7.8,0.25,0.34,13.7,0.044,10.0572486149101,66,184,0.99976,3.22,0.75,8.9,4.91
7.8,0.25,0.34,13.7,0.044,11.1229995782203,66,184,0.99976,3.22,0.75,8.9,4.99
5.6,0.2,0.22,1.3,0.049,10.3321685312178,25,155,0.99296,3.74,0.43,10,4.88
6.4,0.21,0.44,7.4,0.045,10.9447103100492,47,182,0.9957,3.24,0.46,9.1,5.27
6.8,0.23,0.42,7.4,0.044,11.8189867769913,56,189,0.9958,3.22,0.48,9.3,6.16
6.8,0.24,0.37,7.45,0.043,9.21390505923919,59,188,0.99579,3.2,0.5,9.4,6.07
7.8,0.25,0.28,7.2,0.04,8.6627987409475,46,179,0.99541,3.14,0.6,10.1,6.01
7.8,0.25,0.34,13.7,0.044,10.707301162327,66,184,0.99976,3.22,0.75,8.9,4.95
8.2,0.37,0.64,13.9,0.043,9.11855349826065,22,171,0.99873,2.99,0.8,9.3,5.09
7.6,0.4,0.27,5.2,0.03,11.8049468660783,32,101,0.99172,3.22,0.62,12.3,7.14
7.5,0.18,0.31,6.5,0.029,8.98812402583314,53,160,0.99276,3.03,0.38,10.9,6.02
6.9,0.23,0.32,16.4,0.045,10.2408147926095,62,153,0.9972,3.22,0.42,10.5,4.72
6.5,0.17,0.31,1.5,0.041,10.2026311472078,34,121,0.99092,3.06,0.46,10.5,6.08
6.5,0.35,0.28,12.4,0.051,9.45729292733869,86,213,0.9962,3.16,0.51,9.9,6.22
6.5,0.29,0.31,1.7,0.035,10.8282316446185,24,79,0.99053,3.27,0.69,11.4,6.89
6.8,0.3,0.22,6.2,0.06,10.3206960942644,41,190,0.99858,3.18,0.51,9.2,5.02
7.9,0.51,0.36,6.2,0.051,9.52063683428025,30,173,0.9984,3.09,0.53,9.7,5
6.5,0.29,0.31,1.7,0.035,9.70050776275407,24,79,0.99053,3.27,0.69,11.4,6.98
7.1,0.29,0.28,9.3,0.048,11.5819616759899,50,141,0.9949,3.13,0.49,10.3,6
6.5,0.35,0.28,12.4,0.051,11.3709357137384,86,213,0.9962,3.16,0.51,9.9,5.9
6.5,0.17,0.31,1.5,0.041,10.2820418200373,34,121,0.99092,3.06,0.46,10.5,6
7.4,0.2,0.28,9.1,0.047,10.6111122075674,29,95,0.99532,3.16,0.47,9.8,6.88
6.9,0.615,0.42,12,0.067,11.2811409116008,24,131,0.99727,3.19,0.34,9.3,4.98
6.3,0.2,0.19,12.3,0.048,10.2892291463885,54,145,0.99668,3.16,0.42,9.3,5.98
6.9,0.615,0.42,12,0.067,10.5657355522629,24,131,0.99727,3.19,0.34,9.3,4.93
8,0.23,0.28,2.7,0.048,11.9302748097913,49,165,0.9952,3.26,0.72,9.5,6.17
6.7,0.27,0.33,3.6,0.034,9.68257704144915,9,45,0.99144,3.08,0.4,10.5,5.94
6.7,0.27,0.33,3.6,0.034,11.1240921815696,9,45,0.99144,3.08,0.4,10.5,6
6.7,0.44,0.22,4.3,0.032,12.2803950858034,19,99,0.99015,3.26,0.53,12.8,6.96
7,0.34,0.3,1.8,0.045,7.88390699531036,44,142,0.9914,2.99,0.45,10.8,6.07
7.3,0.26,0.33,11.8,0.057,10.6396508070325,48,127,0.99693,3.1,0.55,10,6.13
7.3,0.26,0.33,11.8,0.057,8.80908160324294,48,127,0.99693,3.1,0.55,10,5.9
5.8,0.17,0.34,1.8,0.045,9.88349536958582,96,170,0.99035,3.38,0.9,11.8,8.04
6.8,0.17,0.36,1.4,0.036,9.38407513041969,38,108,0.99006,3.19,0.66,12,6.05
7.1,0.43,0.3,6.6,0.025,11.643710194344,15,138,0.99126,3.18,0.46,12.6,5.96
5.8,0.315,0.27,1.55,0.026,11.2248921602398,15,70,0.98994,3.37,0.4,11.9,8.07
5.9,0.17,0.28,0.7,0.027,9.98446411074082,5,28,0.98985,3.13,0.32,10.6,5.02
6.6,0.34,0.18,6.4,0.082,10.8140668167973,47,240,0.9971,3.42,0.48,9.2,4.87
8.6,0.33,0.34,11.8,0.059,10.4396254897278,42,240,0.99882,3.17,0.52,10,6.06
5.6,0.12,0.26,4.3,0.038,11.5901184539833,18,97,0.99477,3.36,0.46,9.2,4.88
5.8,0.13,0.26,5.1,0.039,9.61804419062507,19,103,0.99478,3.36,0.47,9.3,6.13
7.7,0.18,0.35,5.8,0.055,12.3806780546188,25,144,0.99576,3.24,0.54,10.2,6.04
7.7,0.16,0.36,5.9,0.054,10.081306545591,25,148,0.99578,3.25,0.54,10.2,6.16
6,0.26,0.15,1.3,0.06,8.59573194611589,51,154,0.99354,3.14,0.51,8.7,4.99
7.3,0.32,0.35,1.4,0.05,10.2543164224994,8,163,0.99244,3.24,0.42,10.7,4.84
7.7,0.3,0.34,1.2,0.048,8.31986200815106,4,119,0.99084,3.18,0.34,12.1,5.86
7.9,0.16,0.3,7.4,0.05,9.37617845472815,58,152,0.99612,3.12,0.37,9.5,6.13
6.9,0.16,0.37,1.8,0.034,10.5444392246184,36,95,0.98952,2.93,0.59,12,5.9
7.9,0.16,0.3,7.4,0.05,10.9229154907202,58,152,0.99612,3.12,0.37,9.5,6.03
7.7,0.3,0.34,1.2,0.048,10.8354188886354,4,119,0.99084,3.18,0.34,12.1,5.97
7.3,0.32,0.35,1.4,0.05,10.6571177491293,8,163,0.99244,3.24,0.42,10.7,4.89
6.4,0.44,0.44,14.4,0.048,10.6595759855401,29,228,0.99955,3.26,0.54,8.8,6.75
6.3,0.2,0.24,1.7,0.052,9.64957688023479,36,135,0.99374,3.8,0.66,10.8,5.95
6.2,0.29,0.32,3.6,0.026,9.84748930522967,39,138,0.9892,3.31,0.37,13.1,7.04
7.6,0.39,0.32,3.6,0.035,8.98550353179006,22,93,0.99144,3.08,0.6,12.5,6.97
7,0.36,0.32,10.05,0.045,8.80790930521908,37,131,0.99352,3.09,0.33,11.7,7.99
7,0.36,0.32,10.05,0.045,10.7388906295848,37,131,0.99352,3.09,0.33,11.7,7.95
7.6,0.2,0.36,1.9,0.043,9.34580575196129,24,111,0.99237,3.29,0.54,11.3,6.07
6.7,0.2,0.37,1.65,0.025,10.313981069468,42,103,0.99022,3.11,0.45,11.4,4.84
6.2,0.235,0.34,1.9,0.036,9.0131160249273,4,117,0.99032,3.4,0.44,12.2,5.02
7.8,0.965,0.6,65.8,0.074,8.71155870025192,8,160,1.03898,3.39,0.69,11.7,5.97
7.1,0.2,0.31,7.4,0.053,11.4768908360082,32,211,0.99587,3.31,0.59,10.4,6.22
7.1,0.2,0.31,7.4,0.053,10.2885973115807,32,211,0.99587,3.31,0.59,10.4,6
6.4,0.24,0.25,20.2,0.083,9.49581103618732,35,157,0.99976,3.17,0.5,9.1,5.04
8,0.3,0.36,11,0.034,10.5701617781284,8,70,0.99354,3.05,0.41,12.2,6.11
6.9,0.4,0.42,6.2,0.066,9.56957503156102,41,176,0.99552,3.12,0.54,9.4,5.12
6.9,0.4,0.43,6.2,0.065,9.82720312185546,42,178,0.99552,3.11,0.53,9.4,4.79
7.1,0.2,0.31,6.85,0.053,10.4099722337927,32,211,0.99587,3.31,0.59,10.4,5.88
6.6,0.25,0.51,8,0.047,10.3442684509812,61,189,0.99604,3.22,0.49,9.2,4.97
6.8,0.26,0.44,8.2,0.046,12.1929103330141,52,183,0.99584,3.2,0.51,9.4,5.19
6.5,0.37,0.3,2.2,0.033,10.1755199809635,39,107,0.98894,3.22,0.53,13.5,7.01
6.8,0.35,0.53,10.1,0.053,8.89566430472189,37,151,0.9963,3.07,0.4,9.4,5.01
6.4,0.22,0.32,7.2,0.028,9.37131554279659,15,83,0.993,3.13,0.55,10.9,8.01
6.5,0.37,0.3,2.2,0.033,11.1701774674067,39,107,0.98894,3.22,0.53,13.5,7.06
6.8,0.35,0.53,10.1,0.053,11.1244659111163,37,151,0.9963,3.07,0.4,9.4,5.13
6.9,0.31,0.32,1.6,0.036,11.7112849095686,34,114,0.99068,3.19,0.45,11.4,7.1
6.6,0.25,0.51,8,0.047,9.88608396966579,61,189,0.99604,3.22,0.49,9.2,4.79
6.8,0.26,0.44,8.2,0.046,9.58441694384871,52,183,0.99584,3.2,0.51,9.4,4.99
5.5,0.15,0.32,14,0.031,9.30151084304392,16,99,0.99437,3.26,0.38,11.5,7.84
6.4,0.22,0.32,7.2,0.028,10.2136543289974,15,83,0.993,3.13,0.55,10.9,8.07
7.3,0.2,0.26,1.6,0.04,10.7330922141836,36,123,0.99238,3.34,0.44,10.8,5.9
7.5,0.17,0.71,11.8,0.038,10.7570838681027,52,148,0.99801,3.03,0.46,8.9,5.03
7,0.27,0.48,6.1,0.042,9.94439669784536,60,184,0.99566,3.2,0.5,9.4,5.88
5.8,0.32,0.31,2.7,0.049,8.78044874323741,25,153,0.99067,3.44,0.73,12.2,7.17
7.8,0.26,0.31,3.6,0.025,8.79853982346035,22,100,0.99066,2.99,0.47,12.1,7.07
6.7,0.16,0.34,1.6,0.026,10.0669311168349,27,109,0.9934,3.34,0.58,10.1,6.07
5.8,0.32,0.31,2.7,0.049,9.943050855081,25,153,0.99067,3.44,0.73,12.2,6.97
6.7,0.19,0.39,1,0.032,9.49058037773914,14,71,0.98912,3.31,0.38,13,6.99
6.6,0.36,0.24,0.9,0.038,10.397590951169,15,72,0.99066,3.23,0.39,11,4.95
7.2,0.17,0.41,1.6,0.052,10.6548400935577,24,126,0.99228,3.19,0.49,10.8,4.87
6.7,0.19,0.39,1,0.032,9.38494992837138,14,71,0.98912,3.31,0.38,13,6.78
6,0.11,0.47,10.6,0.052,10.0067460786743,69,148,0.9958,2.91,0.34,9.3,4
6,0.21,0.34,2,0.042,8.64851661141182,63,123,0.99052,3.44,0.42,11.4,6.15
6.7,0.325,0.82,1.2,0.152,12.2938317784665,49,120,0.99312,2.99,0.38,9.2,5.04
6.5,0.2,0.24,9.2,0.044,10.9555989121723,25,150,0.99502,3.22,0.44,10.5,5.08
7.6,0.27,0.34,5,0.04,10.6689608251651,18,56,0.99084,3.06,0.48,12.4,6.02
6.3,0.25,0.22,3.3,0.048,8.98384171480047,41,161,0.99256,3.16,0.5,10.5,6.05
6.5,0.22,0.45,8,0.053,8.02613766793538,52,196,0.9959,3.23,0.48,9.1,5.98
6.4,0.14,0.31,1.2,0.034,8.55480740782715,53,138,0.99084,3.38,0.35,11.5,7.1
6.4,0.14,0.31,1.2,0.034,10.400545594872,53,138,0.99084,3.38,0.35,11.5,7.03
7.1,0.26,0.32,16.2,0.044,10.9503504164709,31,170,0.99644,3.17,0.37,11.2,4.84
6.6,0.22,0.34,11.6,0.05,8.52539526907164,59,140,0.99526,3.22,0.4,10.8,5.06
6.6,0.45,0.43,7.2,0.064,9.60515088440532,31,186,0.9954,3.12,0.44,9.4,5.2
6.6,0.17,0.3,1.1,0.031,10.620601636319,13,73,0.99095,3.17,0.58,11,6.03
6.2,0.15,0.27,1.4,0.041,9.89479507785554,51,117,0.9909,3.28,0.38,11.2,6.05
6.5,0.22,0.45,8,0.053,11.330048807108,52,196,0.9959,3.23,0.48,9.1,5.98
7.3,0.26,0.3,9.3,0.05,10.7313410653897,35,154,0.99581,3.21,0.5,10.4,5.79
6.9,0.15,0.29,2.3,0.033,10.7391105646605,14,82,0.99132,3.1,0.58,11.2,6.89
5.8,0.22,0.29,0.9,0.034,9.68923590051054,34,89,0.98936,3.14,0.36,11.1,6.98
5.5,0.375,0.38,1.7,0.036,9.23189115238183,17,98,0.99142,3.29,0.39,10.5,5.84
5.9,0.2,0.4,1.3,0.047,9.65392215478849,23,92,0.99232,3.2,0.45,10,6
5.9,0.22,0.38,1.3,0.046,10.2301868254876,24,90,0.99232,3.2,0.47,10,5.94
8,0.22,0.31,5.6,0.049,9.09071423740355,24,97,0.993,3.1,0.42,10.9,5.24
6.5,0.22,0.29,7.4,0.028,9.15648577863366,16,87,0.99311,3.15,0.56,10.9,7.01
6.9,0.15,0.29,2.3,0.033,9.27984789592526,14,82,0.99132,3.1,0.58,11.2,7.04
5.8,0.2,0.34,1,0.035,9.53724024313094,40,86,0.98993,3.5,0.42,11.7,5.05
6.6,0.31,0.07,1.5,0.033,8.79506513260404,55,144,0.99208,3.16,0.42,10,5.01
7.7,0.43,0.37,10,0.169,9.31910423534592,22,210,0.99776,3.02,0.64,9.5,5.07
7.3,0.23,0.34,9.3,0.052,8.72352361127876,19,86,0.99574,3.04,0.56,10,5.08
7.9,0.2,0.39,1,0.041,8.79190655187505,37,154,0.99093,3.08,0.43,11.9,5.1
5.3,0.16,0.39,1,0.028,9.9433842350258,40,101,0.99156,3.57,0.59,10.6,6.1
6.4,0.21,0.28,5.9,0.047,10.5029135363647,29,101,0.99278,3.15,0.4,11,6.01
6.9,0.33,0.26,5,0.027,9.35749400484159,46,143,0.9924,3.25,0.43,11.2,6.87
5.6,0.18,0.58,1.25,0.034,10.5987205871523,29,129,0.98984,3.51,0.6,12,6.73
6.6,0.29,0.31,3.9,0.027,8.75191280281372,39,96,0.99035,3.24,0.6,12.6,7.96
6.9,0.33,0.26,5,0.027,9.11982992808791,46,143,0.9924,3.25,0.43,11.2,6.85
6.6,0.21,0.36,0.8,0.034,9.60244197563825,48,113,0.99165,3.24,0.68,10.5,5.97
6.4,0.21,0.28,5.9,0.047,11.3149699749809,29,101,0.99278,3.15,0.4,11,6.03
5.1,0.11,0.32,1.6,0.028,9.45866738487993,12,90,0.99008,3.57,0.52,12.2,6.17
6.5,0.15,0.32,1.3,0.036,9.58001933075,19,76,0.98964,3.18,0.41,12.3,6.17
5.3,0.16,0.39,1,0.028,8.87530431553021,40,101,0.99156,3.57,0.59,10.6,6.09
5.6,0.19,0.46,1.1,0.032,9.29605074220896,33,115,0.9909,3.36,0.5,10.4,6.02
5.6,0.18,0.58,1.25,0.034,11.2097927282737,29,129,0.98984,3.51,0.6,12,7.04
6.2,0.23,0.23,1.2,0.018,10.4248915998293,18,128,0.99178,3.05,0.28,10.6,4.84
6,0.17,0.29,5,0.028,9.73590718270614,25,108,0.99076,3.14,0.34,12.3,6.19
6.7,0.48,0.32,1.4,0.021,11.1679845534161,22,121,0.9889,3.15,0.53,12.7,7.12
4.2,0.17,0.36,1.8,0.029,10.3300383465195,93,161,0.98999,3.65,0.89,12,6.95
5.8,0.21,0.32,1.6,0.045,10.3399606182958,38,95,0.98946,3.23,0.94,12.4,8.06
6.7,0.15,0.38,1.7,0.037,9.8623813614091,20,84,0.99046,3.09,0.53,11.4,5.84
6.4,0.22,0.31,13.9,0.04,10.3944331682218,57,135,0.99672,3.21,0.38,10.7,4.98
6.5,0.15,0.55,5.9,0.045,8.28649530136246,75,162,0.99482,2.97,0.4,9.3,5.04
5.7,0.37,0.3,1.1,0.029,9.65309425587267,24,88,0.98883,3.18,0.39,11.7,5.94
7.2,0.21,0.28,2.7,0.033,10.2697715733598,38,94,0.99075,2.99,0.43,11.8,7.19
7,0.24,0.3,6.7,0.039,12.2897009068876,37,125,0.99436,3.2,0.39,9.9,5.07
6.8,0.475,0.33,3.95,0.047,9.04971796855386,16,81,0.98988,3.23,0.53,13.4,6.94
7,0.28,0.32,7.75,0.032,10.6034294448294,30,114,0.99158,3.12,0.64,12.8,6.91
6.9,0.4,0.3,10.6,0.033,9.84571004313068,24,87,0.99265,3.15,0.45,12.8,5.87
6.6,0.41,0.31,1.6,0.042,10.2053709207547,18,101,0.99195,3.13,0.41,10.5,4.93
6.4,0.2,0.28,2.5,0.032,7.05799552956225,24,84,0.99168,3.31,0.55,11.5,4.82
8.4,0.36,0.36,11.1,0.032,10.1282053404619,21,132,0.99313,2.95,0.39,13,5.85
5.2,0.285,0.29,5.15,0.035,10.5322002153559,64,138,0.9895,3.19,0.34,12.4,7.88
6.9,0.2,0.3,4.7,0.041,9.17802324944864,40,148,0.9932,3.16,0.35,10.2,6.07
6.2,0.16,0.34,1.7,0.038,9.37424981131871,85,153,0.9909,3.33,0.86,12,7.11
6.4,0.125,0.36,1.4,0.044,10.533560792118,22,68,0.99014,3.15,0.5,11.7,7.05
6.4,0.44,0.26,2,0.054,8.51769868843031,20,180,0.9952,3.58,0.57,10,4.99
6.7,0.42,0.46,9.7,0.054,11.5795020754359,67,234,0.99848,3.23,0.5,9,4.85
8.6,0.18,0.28,0.8,0.032,7.78935421732497,25,78,0.99104,2.99,0.38,11.1,5.01
6.2,0.21,0.26,13.1,0.05,10.3183232734376,59,150,0.99772,3.31,0.46,9,5.02
6.1,0.16,0.37,1.1,0.031,9.34011762059009,37,97,0.9922,3.4,0.58,10.5,6.08
6.5,0.22,0.32,2.2,0.028,10.3621708822407,36,92,0.99076,3.27,0.59,11.9,7
6.2,0.36,0.14,8.9,0.036,11.3296398057724,38,155,0.99622,3.27,0.5,9.4,5.01
6.4,0.25,0.32,0.9,0.034,9.42489083712533,40,114,0.99114,3.31,0.58,10.8,7.05
7.6,0.31,0.26,1.7,0.073,9.45598998657682,40,157,0.9938,3.1,0.46,9.8,4.81
6.6,0.26,0.46,6.9,0.047,8.27201048323129,59,183,0.99594,3.2,0.45,9.3,5.02
6.2,0.2,0.31,1,0.031,10.3596368092644,22,73,0.99035,3.24,0.52,11.3,6.14
6.2,0.18,0.3,1,0.031,10.6522909257934,23,73,0.99032,3.23,0.52,11.3,6.09
6.1,0.37,0.2,7.6,0.031,8.11321296346485,49,170,0.99558,3.22,0.48,9.5,5.1
6.2,0.36,0.14,8.9,0.036,7.52802502092782,38,155,0.99622,3.27,0.5,9.4,4.82
6.5,0.22,0.32,2.2,0.028,8.54820013763662,36,92,0.99076,3.27,0.59,11.9,7.16
6.9,0.14,0.38,1,0.041,9.61516287076769,22,81,0.99043,3.03,0.54,11.4,6.26
6.9,0.14,0.38,1,0.041,10.964536104146,22,81,0.99043,3.03,0.54,11.4,5.93
6,0.44,0.26,3.1,0.053,8.68192613924202,57,128,0.98982,3.22,0.39,12.7,5.88
7.1,0.36,0.4,1.95,0.033,9.88208638012886,26,118,0.98934,3.2,0.45,13.5,7.07
5.7,0.28,0.28,2.2,0.019,9.53764372924448,15,65,0.9902,3.06,0.52,11.2,6
6.4,0.16,0.32,8.75,0.038,10.4926085624547,38,118,0.99449,3.19,0.41,10.7,5.13
7.4,0.28,0.4,11.9,0.032,9.17156236696399,13,92,0.99629,3.01,0.46,10.8,3.95
6.5,0.44,0.47,5.45,0.014,10.6235135152912,44,137,0.98984,3.13,0.32,13,8.08
6.9,0.22,0.31,6.3,0.029,10.8002436533157,41,131,0.99326,3.08,0.49,10.8,5.98
7.7,0.25,0.3,7.8,0.038,9.25321856075171,67,196,0.99555,3.1,0.5,10.1,5.06
5.2,0.155,0.33,1.6,0.028,9.9273422632752,13,59,0.98975,3.3,0.84,11.9,7.98
7,0.31,0.31,9.1,0.036,12.0708925785061,45,140,0.99216,2.98,0.31,12,7.02
7,0.31,0.31,9.1,0.036,9.95790489693106,45,140,0.99216,2.98,0.31,12,7.04
6.6,0.22,0.29,14.4,0.046,7.82439732681488,39,118,0.99834,3.05,0.5,9.1,5.88
5.6,0.21,0.4,1.3,0.041,10.1533104853618,81,147,0.9901,3.22,0.95,11.6,7.94
5.2,0.155,0.33,1.6,0.028,11.9878844402963,13,59,0.98975,3.3,0.84,11.9,8.03
6.4,0.25,0.32,11.3,0.038,8.03327244776079,69,192,0.99573,3.14,0.5,10.2,6.19
6.9,0.22,0.31,6.3,0.029,9.01837236684283,41,131,0.99326,3.08,0.49,10.8,6.08
5.3,0.21,0.29,0.7,0.028,9.20268107242601,11,66,0.99215,3.3,0.4,9.8,5.05
7.1,0.27,0.28,1.25,0.023,8.93074338498574,3,89,0.98993,2.95,0.3,11.4,4.09
5.2,0.17,0.27,0.7,0.03,9.95352762792223,11,68,0.99218,3.3,0.41,9.8,5.05
7.7,0.25,0.3,7.8,0.038,9.58780162764404,67,196,0.99555,3.1,0.5,10.1,4.93
7,0.12,0.29,10.3,0.039,11.2402868901096,41,98,0.99564,3.19,0.38,9.8,8.12
7,0.12,0.29,10.3,0.039,11.261027749945,41,98,0.99564,3.19,0.38,9.8,7.89
7.1,0.29,0.34,7.8,0.036,8.45457476569387,49,128,0.99397,3.21,0.4,10.7,5.9
7.2,0.3,0.3,8.7,0.022,9.95195319924285,14,111,0.99576,3.11,0.61,10.6,5.03
6.8,0.26,0.46,8.3,0.037,8.52957199556954,49,173,0.99601,3.17,0.47,9.3,5.17
7,0.12,0.29,10.3,0.039,9.14546044610653,41,98,0.99564,3.19,0.38,9.8,7.94
7.1,0.29,0.34,7.8,0.036,10.7757014757209,49,128,0.99397,3.21,0.4,10.7,6.11
5.1,0.29,0.28,8.3,0.026,10.2711594935796,27,107,0.99308,3.36,0.37,11,6.05
5.1,0.29,0.28,8.3,0.026,9.60854711923599,27,107,0.99308,3.36,0.37,11,5.86
6.8,0.26,0.48,6.2,0.049,8.3073784638289,55,182,0.99582,3.21,0.45,9.4,5.89
6,0.28,0.52,5,0.078,8.96644989220441,30,139,0.99494,3.1,0.36,9,6.19
7.2,0.2,0.22,1.6,0.044,9.97515420811483,17,101,0.99471,3.37,0.53,10,5.01
6.1,0.27,0.25,1.8,0.041,11.122861546133,9,109,0.9929,3.08,0.54,9,4.74
6.4,0.29,0.3,2.9,0.036,9.88065731703985,25,79,0.99037,3.29,0.6,12.4,6.99
7.4,0.35,0.24,6,0.042,9.32021224357611,28,123,0.99304,3.14,0.44,11.3,5.05
8.1,0.12,0.38,0.9,0.034,9.98760899886252,36,86,0.99026,2.8,0.55,12,6.04
6.4,0.12,0.3,1.1,0.031,10.2551031832546,37,94,0.98986,3.01,0.56,11.7,6.04
7.2,0.2,0.22,1.6,0.044,9.28205461281757,17,101,0.99471,3.37,0.53,10,4.96
7.3,0.4,0.26,5.45,0.016,9.57914579697646,26,90,0.98951,2.84,0.54,13.2,7.19
7.7,0.11,0.34,14.05,0.04,10.8703795078352,41,114,0.99634,3.07,0.59,11,7.01
6.9,0.23,0.41,8,0.03,8.95464702399227,30,114,0.99368,3.22,0.54,11,5.98
6.9,0.38,0.38,13.1,0.112,10.1706076713232,14,94,0.99792,3.02,0.48,9.2,5.16
7.5,0.38,0.29,4.9,0.021,11.0157797706715,38,113,0.99026,3.08,0.48,13,6.96
5.8,0.19,0.24,1.3,0.044,9.67389937029212,38,128,0.99362,3.77,0.6,10.6,4.87
6.6,0.23,0.3,14.9,0.051,10.0842430938495,33,118,0.99835,3.04,0.54,9,5.94
8.4,0.31,0.31,0.95,0.021,9.46232940376178,52,148,0.99038,2.93,0.32,11.5,4.98
6.7,0.2,0.3,1.4,0.025,8.87145534025883,17,76,0.99104,3.11,0.44,11,6.01
8.4,0.31,0.31,0.95,0.021,10.0001040115055,52,148,0.99038,2.93,0.32,11.5,5.22
7.3,0.26,0.24,1.7,0.05,9.54794465973079,10,112,0.99286,3.11,0.43,9.9,5.06
6.3,0.22,0.22,5.6,0.039,9.99072802003243,31,128,0.99296,3.12,0.46,10.4,5.98
6.6,0.23,0.3,14.9,0.051,9.32249726877965,33,118,0.99835,3.04,0.54,9,6.13
7.5,0.19,0.4,7.1,0.056,10.1351048792459,50,110,0.9954,3.06,0.52,9.9,5.97
8,0.14,0.33,1.2,0.045,9.42801265812954,71,162,0.9914,3.07,0.47,11,6.05
6.6,0.23,0.2,11.4,0.044,11.0136443060283,45,131,0.99604,2.96,0.51,9.7,5.99
6.6,0.23,0.2,11.4,0.044,9.04229146253656,45,131,0.99604,2.96,0.51,9.7,5.81
6.7,0.36,0.26,7.9,0.034,11.3808036456708,39,123,0.99119,2.99,0.3,12.2,6.95
6.1,0.38,0.42,5,0.016,10.6624848371137,31,113,0.99007,3.15,0.31,12.4,7.19
8.5,0.23,0.28,11.1,0.033,10.5319344916725,30,97,0.99507,3.03,0.39,10.5,6.98
6.9,0.3,0.3,10.55,0.037,10.0522418570807,4,28,0.99184,3.07,0.32,12.7,6.01
6.7,0.18,0.28,10.2,0.039,10.946503396073,29,115,0.99469,3.11,0.45,10.9,6.74
6.8,0.18,0.28,9.8,0.039,8.85376674656847,29,113,0.99406,3.11,0.45,10.9,6.94
7.2,0.19,0.31,6.3,0.034,10.7754844323411,17,103,0.99305,3.15,0.52,11.4,6.96
6.2,0.16,0.32,1.1,0.036,10.8406209017335,74,184,0.99096,3.22,0.41,11,5.95
5,0.27,0.32,4.5,0.032,10.0926466462249,58,178,0.98956,3.45,0.31,12.6,7.18
6.8,0.18,0.28,9.8,0.039,11.1823416172446,29,113,0.99406,3.11,0.45,10.9,7.08
6.6,0.28,0.34,0.8,0.037,10.4696911766062,42,119,0.9888,3.03,0.37,12.5,5.98
6.5,0.35,0.36,0.8,0.034,11.5183071730216,32,111,0.98942,3.11,0.5,12.1,7.98
6.9,0.25,0.33,1.2,0.035,9.65723948614864,35,158,0.99082,3.02,0.58,11.3,6.16
6,0.32,0.3,1.3,0.025,9.94319066105251,18,112,0.98802,3.07,0.64,13.3,6.78
6.7,0.18,0.28,10.2,0.039,7.83860031489178,29,115,0.99469,3.11,0.45,10.9,7.07
6.3,0.37,0.28,6.3,0.034,11.2001543736951,45,152,0.9921,3.29,0.46,11.6,7.13
7.2,0.19,0.31,6.3,0.034,10.0786647874387,17,103,0.99305,3.15,0.52,11.4,6.92
6.3,0.18,0.36,1.2,0.034,10.7997923232956,26,111,0.99074,3.16,0.51,11,5.84
6.9,0.3,0.36,0.9,0.037,9.73763748630347,40,156,0.98968,3.08,0.36,12.1,6.09
6.2,0.16,0.32,1.1,0.036,8.76910850133538,74,184,0.99096,3.22,0.41,11,6.18
5,0.27,0.32,4.5,0.032,10.3861971991605,58,178,0.98956,3.45,0.31,12.6,6.99
5,0.3,0.33,3.7,0.03,10.3780942130471,54,173,0.9887,3.36,0.3,13,7.19
6.5,0.2,0.5,18.1,0.054,9.43329825843967,50,221,0.99941,2.94,0.64,8.8,6.16
6.7,0.25,0.31,1.35,0.061,8.99613644218705,30.5,218,0.99388,3.16,0.53,9.5,5.05
6.6,0.22,0.36,5.5,0.029,9.71460999081952,30,105,0.99206,3.2,0.47,11.8,6.04
6.8,0.25,0.37,3.1,0.026,8.1181086836776,29,93,0.99035,3.14,0.45,12.2,5.87
7,0.13,0.37,12.85,0.042,9.64310371974344,36,105,0.99581,3.05,0.55,10.7,6.22
7,0.45,0.34,19.8,0.04,9.45213936961223,12,67,0.9976,3.07,0.38,11,6.03
7.2,0.32,0.3,8.25,0.02,11.1661260878499,14,104,0.99362,2.99,0.44,11.4,5.99
7,0.13,0.37,12.85,0.042,9.9187807492734,36,105,0.99581,3.05,0.55,10.7,5.93
5.9,0.34,0.3,3.8,0.035,9.76013834027198,57,135,0.99016,3.09,0.34,12,5.72
6.8,0.22,0.31,6.9,0.037,8.7767983751359,33,121,0.99176,3.02,0.39,11.9,7.97
7.2,0.32,0.3,8.25,0.02,10.0221493539118,14,104,0.99362,2.99,0.44,11.4,5.9
8.4,0.32,0.35,11.7,0.029,10.4650635740528,3,46,0.99439,3.02,0.34,11.8,6.01
6.8,0.27,0.29,4.6,0.046,11.2333044137026,6,88,0.99458,3.34,0.48,10.6,4.15
7,0.45,0.34,19.8,0.04,9.81698316254965,12,67,0.9976,3.07,0.38,11,5.82
7,0.13,0.37,12.85,0.042,10.1119935302381,36,105,0.99581,3.05,0.55,10.7,6.01
8.4,0.22,0.3,8.9,0.024,11.1962259819756,17,118,0.99456,2.99,0.34,10.5,5.83
7.4,0.32,0.22,11.7,0.035,8.43243886764974,44,150,0.99578,3.1,0.45,10.4,4.88
7.5,0.18,0.37,6.2,0.05,10.4885241744318,21,138,0.99546,3.2,0.55,10.5,5.86
7.1,0.47,0.29,14.8,0.024,10.0874715762534,22,142,0.99518,3.12,0.48,12,7.9
7.1,0.47,0.29,14.8,0.024,10.1414373455701,22,142,0.99518,3.12,0.48,12,8.13
5.8,0.19,0.25,10.8,0.042,8.90800589184057,33,124,0.99646,3.22,0.41,9.2,5.82
6.8,0.24,0.38,8.3,0.045,9.86383566645656,50,185,0.99578,3.15,0.5,9.5,6
6.9,0.25,0.47,8.4,0.042,10.8423788507167,36,156,0.99604,3.15,0.55,9.4,5.99
6,0.24,0.33,2.5,0.026,9.7595990991957,31,85,0.99014,3.13,0.5,11.3,7
6.8,0.29,0.34,3.5,0.054,10.611987230042,26,189,0.99489,3.42,0.58,10.4,4.96
6.3,0.33,0.42,17.2,0.037,10.6315825048403,57,170,0.99884,3.26,0.57,9.4,5.99
6.5,0.23,0.45,2.1,0.027,9.48697119659012,43,104,0.99054,3.02,0.52,11.3,6.17
6.3,0.27,0.29,12.2,0.044,7.92541188395428,59,196,0.99782,3.14,0.4,8.8,6.16
6.3,0.2,0.37,11.8,0.045,10.9769542299783,58,130,0.99519,3.2,0.35,10.8,5.04
6.2,0.33,0.41,16.8,0.037,10.9751020150127,58,173,0.99882,3.25,0.57,9.4,5.96
6.3,0.33,0.42,17.2,0.037,10.145001722203,57,170,0.99884,3.26,0.57,9.4,6.12
7.2,0.21,1,1.1,0.154,10.1697424920458,46,114,0.9931,2.95,0.43,9.2,5.86
6,0.27,0.3,14.7,0.044,9.32996977100447,15,144,0.99666,3.12,0.53,10.3,5.99
5.7,0.12,0.26,5.5,0.034,9.50273693832722,21,99,0.99324,3.09,0.57,9.9,6.02
6.9,0.24,0.37,6.1,0.027,11.4973839835704,38,112,0.99086,3.19,0.34,12.4,6.07
7.7,0.18,0.53,1.2,0.041,9.48983680781227,42,167,0.9908,3.11,0.44,11.9,4.96
7.1,0.17,0.43,1.3,0.023,10.5601822302365,33,132,0.99067,3.11,0.56,11.7,6.24
7.5,0.33,0.38,8.7,0.126,10.5419955953756,49,199,0.99711,2.98,0.57,9.4,4.91
6.2,0.255,0.24,1.7,0.039,10.9768330004335,138.5,272,0.99452,3.53,0.53,9.6,3.9
7.5,0.33,0.38,8.7,0.126,10.898908630381,49,199,0.99711,2.98,0.57,9.4,5.24
5.6,0.2,0.66,10.2,0.043,10.1806093027747,78,175,0.9945,2.98,0.43,10.4,7.06
7.6,0.17,0.36,4.5,0.042,9.94669993802339,26,102,0.99427,3.09,0.47,9.5,4.96
5.8,0.15,0.31,5.9,0.036,10.4081733122103,7,73,0.99152,3.2,0.43,11.9,5.91
6.3,0.25,0.44,1.7,0.024,10.1526969581662,36,116,0.98935,3.18,0.4,12.5,6.05
6.9,0.28,0.41,1.4,0.016,9.94097189473641,6,55,0.98876,3.16,0.4,13.4,5.02
7.2,0.27,0.37,5.4,0.026,12.1685937687888,27,114,0.99174,3.13,0.84,12.7,4.87
6.2,0.25,0.38,7.9,0.045,11.5216299199365,54,208,0.99572,3.17,0.46,9.1,4.99
6.2,0.25,0.54,7,0.046,10.2813382997752,58,176,0.99454,3.19,0.7,10.4,5.05
6.2,0.25,0.54,7,0.046,10.481071061787,58,176,0.99454,3.19,0.7,10.4,4.88
6.8,0.28,0.43,7.6,0.03,10.6479097852463,30,110,0.99164,3.08,0.59,12.5,8.2
6.2,0.25,0.54,7,0.046,9.73601655753781,58,176,0.99454,3.19,0.7,10.4,4.89
7.4,0.21,0.8,12.3,0.038,8.83495404633357,77,183,0.99778,2.95,0.48,9,5.02
7.4,0.21,0.8,12.3,0.038,11.5196822154993,77,183,0.99778,2.95,0.48,9,5.01
6.1,0.18,0.38,2.3,0.033,8.72358501228736,28,111,0.98962,3.16,0.49,12.4,6.27
7,0.53,0.43,6.1,0.029,9.50205841067542,6,76,0.99118,3.08,0.5,12.5,8.11
6.8,0.28,0.43,7.6,0.03,10.5460734737789,30,110,0.99164,3.08,0.59,12.5,8.1
6.5,0.36,0.38,10.2,0.028,8.89466114642438,20,82,0.99274,3.1,0.43,12.1,6.9
7.5,0.25,0.47,4.1,0.041,11.3832280410768,95,163,0.99184,2.92,0.59,11.3,6.17
6.7,0.24,0.41,2.9,0.039,10.5834496069854,48,122,0.99052,3.25,0.43,12,5
6.6,0.25,0.33,8.5,0.042,9.10925557427089,29,141,0.99546,3.28,0.6,10.4,5.04
6.4,0.15,0.4,1.5,0.042,10.8084942155733,23,87,0.98972,3.11,0.46,12.2,7.01
6.3,0.28,0.3,3.1,0.039,11.3363506124146,24,115,0.9942,3.05,0.43,8.6,4.98
6.2,0.25,0.38,7.9,0.045,11.9068928604047,54,208,0.99572,3.17,0.46,9.1,5.21
6.6,0.35,0.34,4.9,0.032,7.85142844905929,9,125,0.99253,3.32,0.81,12,4.92
8.5,0.19,0.48,1.1,0.026,9.26423170061573,23,58,0.99184,2.9,0.5,10.5,5.96
6.2,0.25,0.54,7,0.046,10.1767845441752,58,176,0.99454,3.19,0.7,10.4,5
6,0.35,0.51,1.2,0.029,9.73596107339506,10,102,0.9903,3.46,0.42,11.9,5.88
5.8,0.31,0.32,4.5,0.024,9.73254647035872,28,94,0.98906,3.25,0.52,13.7,7.06
6.6,0.17,0.35,2.6,0.03,10.0269463776157,33,78,0.99146,3.22,0.72,11.3,6.06
8.5,0.23,0.4,9.9,0.036,9.63422697561492,24,88,0.9951,3.02,0.42,10.5,6.14
5.8,0.31,0.32,4.5,0.024,9.55036863168827,28,94,0.98906,3.25,0.52,13.7,6.92
6.3,0.37,0.37,1.5,0.024,9.49858448305617,12,76,0.98876,2.94,0.39,12.3,6.09
6.2,0.36,0.38,3.2,0.031,9.96447200691831,20,89,0.98956,3.06,0.33,12,6.99
6.6,0.17,0.35,2.6,0.03,10.1924052505414,33,78,0.99146,3.22,0.72,11.3,5.87
7.6,0.27,0.52,3.2,0.043,10.9960878283009,28,152,0.99129,3.02,0.53,11.4,6.17
7,0.25,0.45,2.3,0.045,8.04952095034288,40,118,0.99064,3.16,0.48,11.9,7.07
9.7,0.24,0.49,4.9,0.032,9.95024987532218,3,18,0.99368,2.85,0.54,10,6.06
9.7,0.24,0.49,4.9,0.032,7.7822456225954,3,18,0.99368,2.85,0.54,10,5.71
6.6,0.78,0.5,1.5,0.045,8.83655327623294,30,133,0.99104,3.25,0.48,11.7,5.06
5.1,0.33,0.27,6.7,0.022,9.62271291643525,44,129,0.99221,3.36,0.39,11,6.89
6.7,0.14,0.51,4.3,0.028,9.59111499309561,57,124,0.99176,2.91,0.54,10.7,7.03
6.5,0.29,0.26,7,0.04,10.4522719962818,18,113,0.99366,3.17,0.38,10.2,6.1
7,0.25,0.45,2.3,0.045,9.18666261924216,40,118,0.99064,3.16,0.48,11.9,6.99
7.6,0.21,0.49,2.5,0.047,9.81069877168825,20,130,0.99178,3.15,0.48,11.1,5
7.7,0.26,0.51,2.6,0.045,7.64478824963035,26,159,0.99126,3,0.5,11.2,6.11
7.6,0.27,0.52,3.2,0.043,9.48040134512562,28,152,0.99129,3.02,0.53,11.4,6.01
7.7,0.25,0.49,2.5,0.047,9.47835308358137,31,169,0.99252,3.07,0.57,10.6,5.87
7.6,0.35,0.46,14.7,0.047,11.0776661185884,33,151,0.99709,3.03,0.53,10.3,4.91
6.9,0.3,0.36,4.5,0.054,10.7042930946557,31,203,0.99513,3.4,0.57,10.4,4.08
6.7,0.24,0.46,2.2,0.033,8.84767650058165,19,111,0.99045,3.1,0.62,11.9,6.08
6.5,0.23,0.39,1.9,0.036,10.5179262888302,41,98,0.99,3.19,0.43,11.9,7.07
7.6,0.23,0.34,1.6,0.043,10.4887424438416,24,129,0.99305,3.12,0.7,10.4,5.05
6.3,0.17,0.32,4.2,0.04,9.21713067013505,37,117,0.99182,3.24,0.43,11.3,5.96
6.3,0.17,0.32,4.2,0.04,10.2562069075768,37,117,0.99182,3.24,0.43,11.3,6.14
6.7,0.21,0.37,2.5,0.034,11.4108627260791,35,89,0.9913,3.25,0.5,11,6.87
6.2,0.25,0.42,8,0.049,10.2807304696465,53,206,0.99586,3.16,0.47,9.1,5.99
7.6,0.23,0.34,1.6,0.043,8.45649703382882,24,129,0.99305,3.12,0.7,10.4,4.95
5.6,0.18,0.27,1.7,0.03,6.65121513292972,31,103,0.98892,3.35,0.37,12.9,6
5.5,0.18,0.22,5.5,0.037,10.8911388554265,10,86,0.99156,3.46,0.44,12.2,5.03
6.5,0.24,0.39,17.3,0.052,9.97222564264175,22,126,0.99888,3.11,0.47,9.2,6
7.4,0.23,0.38,8.6,0.052,9.11461820347865,41,150,0.99534,3.06,0.46,10.3,4.98
7.2,0.17,0.37,6.9,0.059,10.5358642747175,47,128,0.99322,3.08,0.46,11,6.91
7.6,0.3,0.38,2.1,0.043,9.59377168563082,10,98,0.99296,3.17,0.65,11,5.12
5,0.24,0.21,2.2,0.039,9.31710459792575,31,100,0.99098,3.69,0.62,11.7,6
6.1,0.21,0.38,1.5,0.039,12.5298564615505,37,122,0.98972,3.2,0.43,12,6.03
6.5,0.33,0.38,2.5,0.047,8.49872415465702,30,148,0.98964,3.17,0.43,12.7,6.13
6.3,0.35,0.26,17.6,0.061,9.01659530320951,59,198,0.99918,3.11,0.49,8.8,5.17
6.3,0.17,0.32,4.2,0.04,10.5427032701156,37,117,0.99182,3.24,0.43,11.3,6.16
6.6,0.25,0.35,2.9,0.034,9.49576393015415,38,121,0.99008,3.19,0.4,12.8,5.97
6.5,0.16,0.33,4.8,0.043,11.6109635898103,45,114,0.992,3.18,0.44,11.2,6.07
6.6,0.39,0.39,11.9,0.057,12.0687773215323,51,221,0.99851,3.26,0.51,8.9,6.16
5.6,0.19,0.27,0.9,0.04,8.91596177974514,52,103,0.99026,3.5,0.39,11.2,4.87
6.2,0.25,0.39,1.3,0.051,10.8406884428271,42,135,0.9906,3.23,0.4,11.1,5.86
6.9,0.22,0.43,6.4,0.042,8.60822556799047,34,115,0.99293,3.05,0.51,10.8,6.01
6.6,0.39,0.39,11.9,0.057,10.9951435893492,51,221,0.99851,3.26,0.51,8.9,6.22
5.9,0.33,0.32,8.1,0.038,9.81504712068291,9,34,0.9911,3.22,0.36,12.7,7.13
7.8,0.17,0.5,1.3,0.045,9.48383265478448,35,140,0.9904,3.16,0.4,12,5.73
5.5,0.19,0.27,0.9,0.04,10.0300182611874,52,103,0.99026,3.5,0.39,11.2,4.83
6.2,0.23,0.36,17.2,0.039,10.768195659016,37,130,0.99946,3.23,0.43,8.8,6.08
6.2,0.23,0.36,17.2,0.039,11.3175107671087,37,130,0.99946,3.23,0.43,8.8,6.04
6.2,0.23,0.36,17.2,0.039,9.73725804202031,37,130,0.99946,3.23,0.43,8.8,6.21
7.2,0.32,0.4,8.7,0.038,9.55153590219193,45,154,0.99568,3.2,0.47,10.4,6.02
6.2,0.23,0.36,17.2,0.039,10.2387115171346,37,130,0.99946,3.23,0.43,8.8,6.18
7.2,0.32,0.4,8.7,0.038,10.0820149911376,45,154,0.99568,3.2,0.47,10.4,5.8
5.8,0.39,0.47,7.5,0.027,10.4824190573222,12,88,0.9907,3.38,0.45,14,5.89
6.2,0.23,0.36,17.2,0.039,8.00711372041362,37,130,0.99946,3.23,0.43,8.8,6.02
7.6,0.25,1.23,4.6,0.035,9.88959704195502,51,294,0.99018,3.03,0.43,13.1,5.95
5.8,0.29,0.33,3.7,0.029,9.96984854508366,30,88,0.98994,3.25,0.42,12.3,5.92
7.2,0.4,0.38,2.2,0.03,10.4799399968694,40,109,0.99075,3.27,0.46,12.6,5.88
6.8,0.39,0.34,7.4,0.02,11.1217916522534,38,133,0.99212,3.18,0.44,12,6.95
6.1,0.17,0.42,15.1,0.033,9.30833493613916,28,124,0.99684,2.87,0.47,9.5,4.84
6.8,0.39,0.34,7.4,0.02,9.52637436015306,38,133,0.99212,3.18,0.44,12,6.93
7.1,0.36,0.37,4.8,0.019,8.83036298179192,39,114,0.99036,3.08,0.49,12.7,7.09
6.9,0.19,0.32,7.9,0.042,10.0863551772237,30,130,0.99456,3.4,0.39,10.5,5.92
6.1,0.17,0.42,15.1,0.033,9.50289577126745,28,124,0.99684,2.87,0.47,9.5,5.03
6.8,0.39,0.34,7.4,0.02,11.107213874105,38,133,0.99212,3.18,0.44,12,7.04
7.1,0.36,0.37,4.8,0.019,11.0012414449013,39,114,0.99036,3.08,0.49,12.7,6.79
6.1,0.68,0.52,1.4,0.037,10.6037491800529,32,123,0.99022,3.24,0.45,12,6.01
5.2,0.34,0.37,6.2,0.031,9.5657595273419,42,133,0.99076,3.25,0.41,12.5,6.18
5.6,0.28,0.4,6.1,0.034,9.26337005355869,36,118,0.99144,3.21,0.43,12.1,7.09
6.2,0.19,0.38,5.1,0.019,8.48635831332296,22,82,0.98961,3.05,0.36,12.5,5.99
5.7,0.16,0.26,6.3,0.043,10.8007696593828,28,113,0.9936,3.06,0.58,9.9,6.13
7.6,0.17,0.46,0.9,0.036,9.18242773624834,63,147,0.99126,3.02,0.41,10.7,5.99
6.7,0.33,0.36,6.6,0.042,10.8199622282639,34,116,0.99123,2.97,0.31,12.2,8.15
6.7,0.33,0.34,7.5,0.036,10.9055647569463,39,124,0.99123,2.99,0.32,12.4,7.88
6.9,0.36,0.35,8.6,0.038,10.9967066497718,37,125,0.9916,3,0.32,12.4,7.99
7.3,0.2,0.39,2.3,0.048,9.73538190706162,24,87,0.99044,2.94,0.35,12,5.95
5.6,0.41,0.22,7.1,0.05,10.9312248324405,44,154,0.9931,3.3,0.4,10.5,4.84
7.6,0.15,0.35,4.3,0.051,11.5502964820936,23,98,0.99422,3.1,0.44,9.5,6.01
8.5,0.2,0.4,1.1,0.046,10.4605438333378,31,106,0.99194,3,0.35,10.5,4.1
6.5,0.24,0.38,1,0.027,10.7105311602898,31,90,0.98926,3.24,0.36,12.3,5.99
8.3,0.16,0.37,7.9,0.025,11.1681819571117,38,107,0.99306,2.93,0.37,11.9,5.97
5.5,0.12,0.33,1,0.038,11.7207214852742,23,131,0.99164,3.25,0.45,9.8,5.06
6.5,0.24,0.38,1,0.027,8.76768954929705,31,90,0.98926,3.24,0.36,12.3,6.13
6.2,0.1,0.41,1,0.04,11.453847747908,17,76,0.98988,3.14,0.56,11.4,7.1
6.5,0.21,0.4,7.3,0.041,9.6951883987993,49,115,0.99268,3.21,0.43,11,6.08
8.7,0.3,0.59,1.7,0.046,10.6683523896762,10,70,0.99373,3.06,0.56,10.8,4.14
7,0.17,0.36,6.4,0.055,11.0705095029784,42,123,0.99318,3.11,0.5,11,7.99
6.6,0.19,0.33,1.8,0.035,8.46480263843008,42,148,0.99196,3.15,0.36,10.2,5.09
8.3,0.16,0.37,7.9,0.025,11.3458152289768,38,107,0.99306,2.93,0.37,11.9,6.01
5.5,0.12,0.33,1,0.038,10.9441820470611,23,131,0.99164,3.25,0.45,9.8,5.1
5.7,0.16,0.32,1.2,0.036,11.3673436049347,7,89,0.99111,3.26,0.48,11,4.82
7,0.21,0.42,5.3,0.037,9.8692704825191,36,123,0.99321,3.14,0.52,10.9,6.03
6.4,0.22,0.38,9.1,0.044,9.60655118389638,35,127,0.99326,2.97,0.3,11,7.1
7.9,0.34,0.44,6.5,0.027,9.81514425452103,47,126,0.99124,2.96,0.37,12.5,6.06
6.4,0.22,0.38,9.1,0.044,9.45959795299989,35,127,0.99326,2.97,0.3,11,7.14
6.8,0.21,0.4,6.3,0.032,10.6574684244,40,121,0.99214,3.18,0.53,12,6.99
5.2,0.31,0.36,5.1,0.031,10.2266276239051,46,145,0.9897,3.14,0.31,12.4,6.99
7.9,0.34,0.44,6.5,0.027,8.8247491462141,47,126,0.99124,2.96,0.37,12.5,6.09
6.8,0.28,0.34,7.5,0.035,8.71059054584009,34,177,0.99692,3.33,0.43,9.1,5.21
6.8,0.45,0.36,5,0.033,10.1445644241063,28,156,0.991,3.11,0.4,12.4,6.94
6.6,0.29,0.39,6.75,0.031,11.0312357353698,22,98,0.9913,3.15,0.8,12.9,6.89
6.8,0.21,0.42,1.2,0.045,8.6111989331035,24,126,0.99234,3.09,0.87,10.9,6.13
6.8,0.25,0.24,1.6,0.045,9.5386753965691,39,164,0.99402,3.53,0.58,10.8,5.07
6.4,0.21,0.34,16.05,0.04,8.35615956326531,56,142,0.99678,3.11,0.38,10.6,5.07
5.8,0.33,0.23,5,0.053,9.63778033671167,29,106,0.99458,3.13,0.52,9,4.9
8.2,0.3,0.44,12.4,0.043,10.2560800040886,52,154,0.99452,3.04,0.33,12,6.02
6.4,0.24,0.32,0.95,0.041,11.5490990341489,23,131,0.99033,3.25,0.35,11.8,5.11
7.5,0.18,0.45,4.6,0.041,10.8793395476593,67,158,0.9927,3.01,0.38,10.6,5.96
5.2,0.335,0.2,1.7,0.033,10.4388376171892,17,74,0.99002,3.34,0.48,12.3,6.03
7.1,0.14,0.33,1,0.104,9.11235447425614,20,54,0.99057,3.19,0.64,11.5,5.77
7.2,0.13,0.46,1.3,0.044,8.07224254370806,48,111,0.99127,2.97,0.45,11.1,5.12
5.8,0.33,0.23,5,0.053,10.6142266234564,29,106,0.99458,3.13,0.52,9,4.86
6.5,0.29,0.25,2.5,0.142,11.1960763109219,8,111,0.9927,3,0.44,9.9,3.84
6.2,0.35,0.31,2.6,0.036,12.219511246801,37,92,0.98938,3.27,0.53,12.8,7.13
9,0.38,0.53,2.1,0.102,9.22991082079198,19,76,0.99001,2.93,0.57,12.9,5.07
6.6,0.24,0.38,12.75,0.034,10.6429701030957,8,74,0.99386,3.1,0.57,12.9,5.94
6.6,0.16,0.34,1.1,0.037,8.9098579673337,41,115,0.9899,3.01,0.68,12,5.96
8.2,0.3,0.44,12.4,0.043,9.56583980296455,52,154,0.99452,3.04,0.33,12,6.09
6.6,0.33,0.4,2.65,0.041,9.53867744258962,35,86,0.98916,3.11,0.39,13.3,6.99
5.7,0.2,0.3,2.5,0.046,10.7129712004741,38,125,0.99276,3.34,0.5,9.9,5.93
6.8,0.27,0.37,8.2,0.055,9.58666511465021,52,192,0.99586,3.11,0.52,9.5,5.96
6.8,0.27,0.42,7.3,0.054,9.66359615261088,58,200,0.99556,3.12,0.49,9.4,6.04
6.2,0.2,0.26,1.1,0.047,10.6375329359381,42,119,0.99158,3.48,0.6,11,6.98
6.7,0.13,0.57,6.6,0.056,8.83866835226315,60,150,0.99548,2.96,0.43,9.4,5.9
6.7,0.31,0.32,14.5,0.038,9.26411551353848,6,79,0.99412,3.14,0.34,12.5,5
6.2,0.2,0.29,11.8,0.035,11.6131065738022,21,93,0.99364,3.18,0.34,11.9,6
6.9,0.22,0.39,6,0.035,10.5272329077085,44,141,0.99123,3.11,0.33,12.5,6.02
6.4,0.23,0.35,4.6,0.039,10.3209316899778,43,147,0.99216,3.18,0.4,11,7.05
6.6,0.34,0.24,3.3,0.034,10.2423834272541,29,99,0.99031,3.1,0.4,12.3,7.25
6.4,0.16,0.42,1,0.036,8.97862558378374,29,113,0.9908,3.18,0.52,11,6.05
5.8,0.3,0.42,1.1,0.036,10.6359523200439,19,113,0.98871,3.1,0.46,12.6,6.91
6.6,0.34,0.24,3.3,0.034,10.2621594445459,29,99,0.99031,3.1,0.4,12.3,6.88
6.7,0.21,0.36,8.55,0.02,11.1901054713599,20,86,0.99146,3.19,0.22,13.4,7.15
7.6,0.27,0.29,2.5,0.059,10.1989043771751,37,115,0.99328,3.09,0.37,9.8,4.92
6.8,0.22,0.41,6.7,0.034,8.85365374977333,39,116,0.99245,3.18,0.46,11.5,6.03
7.7,0.27,0.49,3.8,0.037,9.13277880106625,46,139,0.99116,3.04,0.38,11.6,6.19
6.4,0.25,0.37,4.5,0.039,8.69402817137241,41,147,0.9921,3.18,0.4,11.1,7.07
6.4,0.23,0.35,4.6,0.039,11.7663413548846,43,147,0.99216,3.18,0.4,11,7
6.7,0.24,0.37,11.3,0.043,10.1886417814709,64,173,0.99632,3.08,0.53,9.9,6.17
7.1,0.26,0.37,5.5,0.025,10.5619419174463,31,105,0.99082,3.06,0.33,12.6,7.91
5.3,0.3,0.16,4.2,0.029,9.9729182558006,37,100,0.9905,3.3,0.36,11.8,8.06
7.1,0.38,0.4,2.2,0.042,10.102400176037,54,201,0.99177,3.03,0.5,11.4,5.13
7.4,0.19,0.31,14.5,0.045,8.88352048029683,39,193,0.9986,3.1,0.5,9.2,5.95
7.4,0.19,0.31,14.5,0.045,8.48611092098624,39,193,0.9986,3.1,0.5,9.2,6.05
7.4,0.19,0.31,14.5,0.045,10.7070250785576,39,193,0.9986,3.1,0.5,9.2,5.99
7.4,0.19,0.31,14.5,0.045,8.35465938564871,39,193,0.9986,3.1,0.5,9.2,6.01
7.4,0.19,0.31,14.5,0.045,8.31901457882382,39,193,0.9986,3.1,0.5,9.2,6.11
7.4,0.19,0.31,14.5,0.045,9.27219405051759,39,193,0.9986,3.1,0.5,9.2,5.98
6.3,0.32,0.32,1.5,0.03,12.3322003769846,24,101,0.98923,3.21,0.42,13,4.98
6.5,0.26,0.31,3.6,0.03,9.70799015365796,36,92,0.99026,3.22,0.62,12.6,7.92
5.9,0.24,0.12,1.4,0.035,11.8324447573247,60,247,0.99358,3.34,0.44,9.6,5.78
4.2,0.215,0.23,5.1,0.041,10.6794176333127,64,157,0.99688,3.42,0.44,8,2.93
7.5,0.33,0.36,2.6,0.051,8.83999669114329,26,126,0.99097,3.32,0.53,12.7,5.87
6.5,0.32,0.34,5.7,0.044,10.2932563356046,27,91,0.99184,3.28,0.6,12,6.85
6.4,0.23,0.32,1.9,0.038,10.2986680603273,40,118,0.99074,3.32,0.53,11.8,6.97
6.5,0.48,0.02,0.9,0.043,9.12541163908862,32,99,0.99226,3.14,0.47,9.8,3.94
6.6,0.23,0.3,4.6,0.06,9.5222839971015,29,154,0.99142,3.23,0.49,12.2,7.86
6.4,0.16,0.25,1.4,0.057,8.85618706672802,21,125,0.99091,3.23,0.44,11.1,6.94
6.6,0.38,0.36,9.2,0.061,11.3899771485155,42,214,0.9976,3.31,0.56,9.4,4.92
7.4,0.16,0.32,1.4,0.065,8.6731154038569,23,140,0.99134,3.06,0.47,11.4,5.91
6.4,0.15,0.29,1.8,0.044,10.4975956488918,21,115,0.99166,3.1,0.38,10.2,5
6.5,0.32,0.3,2.3,0.051,9.70866891307647,20,127,0.98964,3.13,0.52,12.8,6.1
6.7,0.12,0.36,2.3,0.039,10.6523519110226,43,125,0.99229,3.07,0.67,10.1,7
6.6,0.2,0.14,4.4,0.184,10.5498932492099,35,168,0.99396,2.93,0.45,9.4,5.8
8,0.34,0.25,6.4,0.035,9.05364928120198,38,103,0.99148,2.91,0.23,12.2,6.19
6.8,0.21,0.31,2.9,0.046,10.2715338466536,40,121,0.9913,3.07,0.65,10.9,7.12
6.8,0.23,0.31,2.8,0.047,8.96878770339764,40,122,0.99126,3.06,0.64,10.9,7.24
6.8,0.21,0.31,2.9,0.046,10.269894847202,40,121,0.9913,3.07,0.65,10.9,6.98
6.6,0.2,0.14,4.4,0.184,8.8299145326905,35,168,0.99396,2.93,0.45,9.4,6.21
6.6,0.28,0.42,8.2,0.044,9.54623791632415,60,196,0.99562,3.14,0.48,9.4,5.02
7.8,0.25,0.37,1,0.043,10.5806547494713,10,80,0.99128,3.08,0.38,11.4,4.96
5.6,0.12,0.33,2.9,0.044,11.8635840726849,21,73,0.98896,3.17,0.32,12.9,7.92
6.6,0.28,0.41,7,0.046,10.5416295979985,59,194,0.99558,3.14,0.48,9.4,4.85
6.8,0.17,0.35,1.8,0.04,9.44503071424777,29,84,0.98961,2.91,0.57,12,7.1
7.3,0.25,0.28,1.5,0.043,7.83386160207482,19,113,0.99338,3.38,0.56,10.1,6.13
6.6,0.28,0.41,7,0.046,8.29382605621232,59,194,0.99558,3.14,0.48,9.4,5.11
6.6,0.28,0.42,8.2,0.044,9.94774842089126,60,196,0.99562,3.14,0.48,9.4,5.07
6.3,0.24,0.35,2.3,0.039,11.2261360096368,43,109,0.99056,3.34,0.44,11.8,6.03
6.8,0.32,0.32,8.7,0.029,9.90838089087046,31,105,0.99146,3,0.34,12.3,7.2
7.8,0.25,0.37,1,0.043,9.01592785331693,10,80,0.99128,3.08,0.38,11.4,4.96
5.6,0.12,0.33,2.9,0.044,9.25883406585237,21,73,0.98896,3.17,0.32,12.9,7.93
6.6,0.24,0.28,6.7,0.032,10.4433683690063,26,91,0.99172,3.13,0.32,12.3,6.04
6.3,0.22,0.34,5,0.032,10.3645095715158,36,93,0.99012,3.27,0.36,13.5,6.94
6,0.32,0.3,1.9,0.033,10.612946954458,41,142,0.98912,3.29,0.42,12.8,6.87
6.3,0.19,0.29,2,0.022,9.79642250844515,33,96,0.98902,3.04,0.54,12.8,6.91
9.4,0.24,0.29,8.5,0.037,9.72585235289584,124,208,0.99395,2.9,0.38,11,3.19
6.4,0.35,0.28,12.6,0.039,10.1589970347978,19,124,0.99539,3.2,0.43,10.6,6.16
6.7,0.46,0.27,5.2,0.039,11.9835198923582,35,96,0.99129,3.16,0.44,12.4,6.89
6.3,0.3,0.29,2.1,0.048,10.0594780932951,33,142,0.98956,3.22,0.46,12.9,7.02
6,0.19,0.29,1.1,0.047,8.88263552999379,67,152,0.9916,3.54,0.59,11.1,7.2
5.9,0.24,0.28,1.3,0.032,10.5897916721941,36,95,0.98889,3.08,0.64,12.9,7.14
7.3,0.145,0.33,1.1,0.042,8.45616669706073,14,64,0.99012,3.1,0.37,11.8,7.09
5.8,0.18,0.37,1.2,0.036,10.7724853792015,19,74,0.98853,3.09,0.49,12.7,7.12
5.8,0.18,0.37,1.1,0.036,8.96537557168153,31,96,0.98942,3.16,0.48,12,6.11
5.6,0.32,0.32,8.3,0.043,10.8682037849281,32,105,0.99266,3.24,0.47,11.2,5.98
6.6,0.16,0.35,1.8,0.042,11.2559896329431,26,105,0.98962,3.19,0.75,12.4,6.92
5.1,0.21,0.28,1.4,0.047,8.80454537112421,48,148,0.99168,3.5,0.49,10.4,4.97
7.5,0.29,0.36,15.7,0.05,10.2274752835678,29,124,0.9968,3.06,0.54,10.4,4.86
5.7,0.26,0.3,1.8,0.039,8.50748520907978,30,105,0.98995,3.48,0.52,12.5,6.99
7.1,0.17,0.31,1.6,0.037,8.66565409861133,15,103,0.991,3.14,0.5,12,5.77
6.9,0.17,0.3,2,0.047,9.59299168399867,13,117,0.99152,3.16,0.51,11.6,5.89
6.8,0.25,0.28,5,0.035,10.4370202077028,42,126,0.99048,3.12,0.38,12.6,7.04
6.6,0.17,0.28,1.8,0.042,11.7194204350222,62,178,0.99204,3.15,0.42,10.2,5.1
5.8,0.17,0.36,1.3,0.036,7.27955732949815,11,70,0.99202,3.43,0.68,10.4,7.04
6.7,0.21,0.34,1.4,0.049,7.86985470575402,36,112,0.99091,3.02,0.5,11,5.92
6.7,0.23,0.33,8.1,0.048,9.27649660401294,45,176,0.99472,3.11,0.52,10.1,6.31
6.8,0.23,0.32,8.6,0.046,10.1484178309946,47,159,0.99452,3.08,0.52,10.5,6.14
5.1,0.165,0.22,5.7,0.047,10.4746183522234,42,146,0.9934,3.18,0.55,9.9,5.99
6.9,0.38,0.29,13.65,0.048,9.21151705616805,52,189,0.99784,3,0.6,9.5,6.08
6.9,0.38,0.29,13.65,0.048,11.3624639446811,52,189,0.99784,3,0.6,9.5,5.95
7.2,0.27,0.28,15.2,0.046,7.32110193287908,6,41,0.99665,3.17,0.39,10.9,5.97
7.6,0.17,0.27,4.6,0.05,9.94471170826762,23,98,0.99422,3.08,0.47,9.5,6
6.2,0.3,0.31,1.2,0.048,8.52623936519658,19,125,0.98999,3.32,0.54,12.6,6.1
6.5,0.26,0.32,6.65,0.059,10.7207349890482,34,104,0.99254,3.18,0.42,11.1,5.19
6.9,0.36,0.28,13.55,0.048,9.28083653629728,51,189,0.99782,3,0.6,9.5,7.02
7.2,0.27,0.28,15.2,0.046,9.35200897037026,6,41,0.99665,3.17,0.39,10.9,5.9
6.4,0.17,0.27,9.9,0.047,10.4154731794802,26,101,0.99596,3.34,0.5,9.9,6.06
7.2,0.22,0.28,7.2,0.06,10.1263330480772,41,132,0.9935,3.08,0.59,11.3,6.06
6,0.22,0.28,1.1,0.034,10.2054303593701,47,90,0.98862,3.22,0.38,12.6,5.88
6.5,0.43,0.28,11.25,0.032,9.38766693428596,31,87,0.9922,3.02,0.38,12.4,5.85
5.9,0.2,0.28,12.8,0.038,10.4650725018673,29,132,0.99426,3.31,0.57,11.8,7.04
5.3,0.32,0.23,9.65,0.026,10.4946356533393,26,119,0.99168,3.18,0.53,12.2,5.95
6.8,0.2,0.28,12.6,0.048,11.251034714274,54,136,0.99556,3.19,0.37,10.7,5.92
6,0.22,0.33,12.2,0.033,9.68612942101839,25,97,0.99356,3.17,0.42,11.3,7.03
6.5,0.43,0.28,11.25,0.032,8.22731170562231,31,87,0.9922,3.02,0.38,12.4,5.83
7.1,0.18,0.49,1.3,0.033,9.92336131131869,12,72,0.99072,3.05,0.53,11.3,6.95
6.4,0.17,0.27,9.9,0.047,9.37222025416672,26,101,0.99596,3.34,0.5,9.9,6.19
7.2,0.22,0.28,7.2,0.06,10.2141479012386,41,132,0.9935,3.08,0.59,11.3,6.06
6,0.22,0.28,1.1,0.034,8.53754401793593,47,90,0.98862,3.22,0.38,12.6,6.26
6,0.2,0.26,1.1,0.033,8.06031870020027,38,67,0.98954,3.14,0.38,11.5,5.86
7.6,0.2,0.26,4.8,0.033,9.78004370190407,26,76,0.99076,2.98,0.49,12.3,7.02
6.2,0.3,0.21,1.1,0.032,10.5951447807487,31,111,0.9889,2.97,0.42,12.2,5.91
6,0.29,0.25,1.4,0.033,9.49372501051342,30,114,0.98794,3.08,0.43,13.2,6.12
6.6,0.18,0.28,1.7,0.041,8.95644100340021,53,161,0.99207,3.13,0.45,10.2,6.13
7,0.22,0.28,10.6,0.039,10.7546287464313,32,117,0.99355,3.05,0.55,11.5,7.05
6,0.29,0.25,1.4,0.033,9.60561881094249,30,114,0.98794,3.08,0.43,13.2,6.17
6.2,0.3,0.21,1.1,0.032,9.72051279542854,31,111,0.9889,2.97,0.42,12.2,6.1
5.6,0.15,0.26,5.55,0.051,11.077707468989,51,139,0.99336,3.47,0.5,11,5.86
6.9,0.28,0.24,2.1,0.034,8.4822354457553,49,121,0.98882,2.98,0.43,13.2,6.97
5.9,0.19,0.21,1.7,0.045,10.2177689930788,57,135,0.99341,3.32,0.44,9.5,5.1
7.8,0.22,0.26,9,0.047,12.1053579213568,38,132,0.997,3.25,0.53,10.2,5.77
6.6,0.18,0.28,1.7,0.041,9.10598630479206,53,161,0.99207,3.13,0.45,10.2,6.03
7,0.4,0.25,1.8,0.05,11.5512139490113,51,189,0.99174,3,0.55,11.4,5.96
6.1,0.28,0.27,4.7,0.03,10.1726818080351,56,140,0.99042,3.16,0.42,12.5,7.96
7.6,0.36,0.49,11.3,0.046,10.5368706209471,87,221,0.9984,3.01,0.43,9.2,4.89
6.9,0.19,0.35,6.9,0.045,10.7074047479734,51,125,0.9933,3.1,0.44,10.7,7.03
6.5,0.28,0.34,3.6,0.04,9.92321583315551,29,121,0.99111,3.28,0.48,12.1,7.06
6.4,0.22,0.32,4.9,0.046,8.94911312843172,50,156,0.99316,3.38,0.55,11.2,6.04
6.8,0.23,0.3,6.95,0.044,11.4479406329439,42,179,0.9946,3.25,0.56,10.6,6.04
6.4,0.32,0.31,1.9,0.037,8.36106357946082,34,126,0.99,3.06,0.45,11.8,6.05
6.1,0.28,0.27,4.7,0.03,10.5361965660633,56,140,0.99042,3.16,0.42,12.5,7.94
7.6,0.36,0.49,11.3,0.046,6.99446109526148,87,221,0.9984,3.01,0.43,9.2,5.1
8.8,0.39,0.35,1.8,0.096,10.6866514576835,22,80,0.99016,2.95,0.54,12.6,6.11
6.6,0.24,0.3,11.3,0.026,10.767205771783,11,77,0.99381,3.13,0.55,12.8,7.01
6.9,0.29,0.3,8.2,0.026,9.56834846985939,35,112,0.99144,3,0.37,12.3,5.97
6.9,0.28,0.3,8.3,0.026,10.6147316765668,37,113,0.99139,2.99,0.38,12.3,8.01
6.7,0.38,0.26,9.55,0.036,9.54782434699327,35,91,0.9919,2.98,0.37,12.4,6.1
8,0.28,0.3,8.4,0.03,11.5605799404368,35,115,0.99192,2.93,0.42,12.3,5.95
6.5,0.25,0.45,7.8,0.048,9.46109944442529,52,188,0.99576,3.2,0.53,9.1,5.08
6.6,0.26,0.46,7.8,0.047,10.9157393907602,48,186,0.9958,3.2,0.54,9.1,5.07
7.4,0.29,0.28,10.2,0.032,9.88792005195195,43,138,0.9951,3.1,0.47,10.6,5.79
6.3,0.19,0.29,5.5,0.042,11.5070591569702,44,189,0.99304,3.19,0.47,10.3,5.93
6.1,0.33,0.32,7.8,0.052,10.6235418802563,52,183,0.99657,3.39,0.65,9.5,4.87
5.6,0.32,0.33,7.4,0.037,9.91155741261755,25,95,0.99268,3.25,0.49,11.1,6.12
7.7,0.46,0.18,3.3,0.054,7.42625236009866,18,143,0.99392,3.12,0.51,10.8,5.9
7.7,0.46,0.18,3.3,0.054,10.389990591905,18,143,0.99392,3.12,0.51,10.8,5.98
8.8,0.27,0.25,5,0.024,10.564410254241,52,99,0.9925,2.87,0.49,11.4,5.12
5.8,0.18,0.28,1.3,0.034,10.2453427890921,9,94,0.99092,3.21,0.52,11.2,6.05
5.8,0.15,0.32,1.2,0.037,9.65103461267883,14,119,0.99137,3.19,0.5,10.2,5.99
5.6,0.32,0.33,7.4,0.037,10.4556205088756,25,95,0.99268,3.25,0.49,11.1,5.93
7.1,0.32,0.3,9.9,0.041,9.22253413818015,63,192,0.99642,3.12,0.49,10.2,5.99
6.2,0.23,0.35,0.7,0.051,9.92593992058173,24,111,0.9916,3.37,0.43,11,2.74
8.9,0.3,0.35,4.6,0.032,11.4854239866921,32,148,0.99458,3.15,0.45,11.5,7.1
6,0.14,0.17,5.6,0.036,9.11898114848034,37,127,0.99373,3.05,0.57,9.8,6.05
6.8,0.24,0.29,9.5,0.042,11.2079081153289,56,157,0.99586,3.11,0.51,10.1,5.96
6.7,0.21,0.48,14.8,0.05,10.9972849724687,31,195,0.99942,2.95,0.75,8.8,6.02
8.9,0.3,0.35,4.6,0.032,8.17474929537745,32,148,0.99458,3.15,0.45,11.5,6.93
6.1,0.3,0.3,2.1,0.031,8.91484304079348,50,163,0.9895,3.39,0.43,12.7,7.2
7.2,0.37,0.4,11.6,0.032,8.11850421784373,34,214,0.9963,3.1,0.51,9.8,6.01
6.7,0.64,0.3,1.2,0.03,12.6628145668505,18,76,0.9892,3.16,0.6,12.9,4.14
7.2,0.37,0.4,11.6,0.032,11.4429620348456,34,214,0.9963,3.1,0.51,9.8,6.14
6.1,0.3,0.3,2.1,0.031,9.4379850922982,50,163,0.9895,3.39,0.43,12.7,6.93
7.6,0.28,0.49,20.15,0.06,9.29161548143041,30,145,1.00196,3.01,0.44,8.5,4.93
6.3,0.29,0.28,4.7,0.059,9.70090131902285,28,81,0.99036,3.24,0.56,12.7,8.03
6.2,0.28,0.28,4.3,0.026,10.3493251103016,22,105,0.989,2.98,0.64,13.1,7.96
7.1,0.18,0.39,14.5,0.051,10.2983319585129,48,156,0.99947,3.35,0.78,9.1,5.11
6.4,0.32,0.27,4.9,0.034,10.3616704633025,18,122,0.9916,3.36,0.71,12.5,6.02
7.1,0.17,0.4,14.55,0.047,11.2462141315617,47,156,0.99945,3.34,0.78,9.1,6.05
7.1,0.17,0.4,14.55,0.047,10.9888881023533,47,156,0.99945,3.34,0.78,9.1,5.82
6.4,0.32,0.27,4.9,0.034,11.01974119406,18,122,0.9916,3.36,0.71,12.5,6.03
7.1,0.17,0.4,14.55,0.047,8.57331309698138,47,156,0.99945,3.34,0.78,9.1,5.9
7.1,0.18,0.39,15.25,0.047,8.88796573043462,45,158,0.99946,3.34,0.77,9.1,6
6.2,0.255,0.27,1.3,0.037,10.5398729334682,30,86,0.98834,3.05,0.59,12.9,7.08
8.2,0.34,0.29,5.2,0.076,9.82576339325501,19,92,0.99138,2.95,0.39,12.5,6.03
6.5,0.24,0.28,1.1,0.034,9.11060430147565,26,83,0.98928,3.25,0.33,12.3,6
6.9,0.24,0.23,7.1,0.041,6.99140759846949,20,97,0.99246,3.1,0.85,11.4,6.11
6.7,0.4,0.22,8.8,0.052,8.63630433093638,24,113,0.99576,3.22,0.45,9.4,4.98
6.7,0.3,0.44,18.5,0.057,10.7434024420219,65,224,0.99956,3.11,0.53,9.1,5.01
6.7,0.4,0.22,8.8,0.052,10.6980045776854,24,113,0.99576,3.22,0.45,9.4,5
6.8,0.17,0.32,1.4,0.04,10.3575909253951,35,106,0.99026,3.16,0.66,12,5.02
7.1,0.25,0.28,1.2,0.04,9.74598093939391,31,111,0.99174,3.18,0.53,11.1,5.05
5.9,0.27,0.27,5,0.035,11.416614703238,14,97,0.99058,3.1,0.33,11.8,7.09
6,0.16,0.22,1.6,0.042,9.91858698532676,36,106,0.9905,3.24,0.32,11.4,6.03
6.7,0.3,0.44,18.75,0.057,8.09150757730763,65,224,0.99956,3.11,0.53,9.1,5.02
6.6,0.15,0.32,6,0.033,9.96369097559555,59,128,0.99192,3.19,0.71,12.1,7.99
7.3,0.34,0.3,9.4,0.057,8.4721989812427,34,178,0.99554,3.15,0.44,10.4,6.11
6,0.17,0.29,9.7,0.044,10.0246469267624,33,98,0.99536,3.12,0.36,9.2,6.06
6.7,0.47,0.29,4.75,0.034,10.8613586451629,29,134,0.99056,3.29,0.46,13,6.97
6.6,0.15,0.32,6,0.033,9.3051754505549,59,128,0.99192,3.19,0.71,12.1,8.04
6.6,0.21,0.29,5.35,0.029,11.0667892490178,43,106,0.99112,2.93,0.43,11.5,6.96
8,0.24,0.48,6.8,0.047,10.1213841242599,13,134,0.99616,3.23,0.7,10,4.76
5.8,0.54,0,1.4,0.033,8.92585657215221,40,107,0.98918,3.26,0.35,12.4,5.05
7.3,0.23,0.24,0.9,0.031,10.3826326493038,29,86,0.98926,2.9,0.38,12.2,6.22
6,0.39,0.13,1.2,0.042,9.94192693741651,60,172,0.99114,3.06,0.52,10.6,4.8
6.1,0.105,0.31,1.3,0.037,9.10879640199872,55,145,0.9912,3.41,0.41,11.1,7.02
5.8,0.32,0.2,2.6,0.027,8.70642432379914,17,123,0.98936,3.36,0.78,13.9,6.92
7.6,0.22,0.28,12,0.056,8.43793021396863,68,143,0.9983,2.99,0.3,9.2,5.98
6.8,0.19,0.4,9.85,0.055,11.1981135602578,41,103,0.99532,2.98,0.56,10.5,6.08
6.7,0.24,0.3,3.85,0.042,9.56379053743863,105,179,0.99189,3.04,0.59,11.3,7.9
6.8,0.17,0.34,2,0.04,7.91135946730639,38,111,0.99,3.24,0.45,12.9,5.91
6.2,0.3,0.31,1.6,0.035,9.94694804904862,40,106,0.98914,3.26,0.39,12.9,7
6.9,0.29,0.41,7.8,0.046,10.5099051820104,52,171,0.99537,3.12,0.51,9.6,4.85
6.8,0.19,0.34,1.9,0.04,9.6154656610392,41,108,0.99,3.25,0.45,12.9,5.84
6.8,0.17,0.34,2,0.04,10.8839357251233,38,111,0.99,3.24,0.45,12.9,5.96
6.6,0.24,0.27,10.3,0.047,10.0897449959411,54,219,0.99742,3.04,0.45,8.8,4.96
6.6,0.16,0.36,1.1,0.031,9.58673116564661,27,93,0.98884,3.23,0.34,13.2,7.84
7.6,0.22,0.28,12,0.056,11.8984317989366,68,143,0.9983,2.99,0.3,9.2,5.89
6.7,0.24,0.3,3.85,0.042,8.18934093332004,105,179,0.99189,3.04,0.59,11.3,8.01
6.8,0.19,0.4,9.85,0.055,8.62224937634308,41,103,0.99532,2.98,0.56,10.5,5.86
6.7,0.16,0.36,2,0.045,9.50215371512376,24,131,0.99284,3.3,0.59,10.5,6.14
6.5,0.22,0.19,1.1,0.064,9.60641676225344,36,191,0.99297,3.05,0.5,9.5,5.9
6.2,0.36,0.45,10.4,0.06,11.6591317975241,22,184,0.99711,3.31,0.56,9.8,6.03
6.2,0.37,0.24,6.1,0.032,10.5833877888988,19,86,0.98934,3.04,0.26,13.4,7.89
7.6,0.31,0.24,1.8,0.037,9.71571758782616,39,150,0.9913,3.05,0.44,11.8,6.98
6.2,0.36,0.45,10.4,0.06,8.43690325931071,22,184,0.99711,3.31,0.56,9.8,5.92
5.8,0.22,0.3,1.1,0.047,8.08536312882024,36,131,0.992,3.26,0.45,10.4,5.08
6.1,0.36,0.26,8.15,0.035,11.4496100767067,14,88,0.99031,3.06,0.27,13,7.21
6.2,0.37,0.24,6.1,0.032,9.09952667097554,19,86,0.98934,3.04,0.26,13.4,7.99
7.5,0.21,0.32,4.8,0.056,10.8920771709433,39,113,0.99393,3.11,0.52,10.2,7.02
6.9,0.28,0.33,1.2,0.039,10.6540001263791,16,98,0.9904,3.07,0.39,11.7,5.85
6.5,0.22,0.19,1.1,0.064,8.65745282443429,36,191,0.99297,3.05,0.5,9.5,5.97
7.8,0.2,0.2,1.4,0.036,9.6360970843699,25,83,0.99088,3.03,0.46,11.7,6.1
6.7,0.28,0.31,7.4,0.041,9.49226701731347,7,81,0.99254,3.04,0.47,11.4,8.01
7.6,0.31,0.24,1.8,0.037,10.2089562931704,39,150,0.9913,3.05,0.44,11.8,7.17
6,0.28,0.27,15.5,0.036,11.2167581513616,31,134,0.99408,3.19,0.44,13,6.8
6.7,0.24,0.36,8.4,0.042,11.1858968202987,42,123,0.99473,3.34,0.52,10.9,6.11
6,0.24,0.28,3.95,0.038,10.8465325514908,61,134,0.99146,3.3,0.54,11.3,7.1
7.7,0.43,1,19.95,0.032,12.2190066733283,42,164,0.99742,3.29,0.5,12,5.98
6.4,0.3,0.36,2,0.052,9.68158342501911,18,141,0.99273,3.38,0.53,10.5,6.02
6,0.28,0.27,15.5,0.036,9.73952176807685,31,134,0.99408,3.19,0.44,13,7.05
6.7,0.24,0.36,8.4,0.042,11.405557849408,42,123,0.99473,3.34,0.52,10.9,6.04
6.7,0.29,0.45,14.3,0.054,8.98584137635562,30,181,0.99869,3.14,0.57,9.1,4.94
6.9,0.33,0.31,4.2,0.04,10.2083618729972,21,93,0.9896,3.18,0.48,13.4,6.94
6.5,0.16,0.34,1.4,0.029,10.4966716915826,29,133,0.99108,3.33,0.64,11.5,7.03
6,0.2,0.32,3,0.031,10.4265630632934,26,118,0.99134,3.38,0.68,11.2,6.93
7.1,0.36,0.28,2.4,0.036,7.55611600998653,35,115,0.98936,3.19,0.44,13.5,7.04
6.3,0.21,0.31,1.2,0.043,10.834027836844,30,117,0.99158,3.49,0.68,11,5.92
7.9,0.35,0.28,12.9,0.032,11.6517021807579,13,63,0.9932,2.99,0.43,13,5.94
7.7,0.38,0.23,10.8,0.03,10.6401479856327,28,95,0.99164,2.93,0.41,13.6,6.17
6.8,0.19,0.33,1.3,0.031,10.0874900510669,22,87,0.98987,3.08,0.62,12.3,6.85
7.2,0.33,0.34,2,0.044,8.91551863822407,61,171,0.98947,3.25,0.53,13.3,7.11
6.6,0.29,0.29,1.8,0.036,8.4414913420847,38,102,0.98819,3.08,0.42,13.7,6.84
7.5,0.2,0.41,1.2,0.05,10.3153448750482,26,131,0.99133,3.19,0.52,11.1,5.05
6.9,0.33,0.62,7.5,0.038,10.9519962838838,46,132,0.99143,3.23,0.43,13.4,7
6,0.23,0.15,9.7,0.048,10.1753554581781,101,207,0.99571,3.05,0.3,9.1,4.96
5.9,0.23,0.24,3.8,0.038,10.5829123151916,61,152,0.99139,3.31,0.5,11.3,6.91
6.6,0.32,0.41,7.2,0.048,10.2516210573363,55,178,0.99537,3.2,0.46,9.4,5.04
6,0.23,0.15,9.7,0.048,7.01547577236692,101,207,0.99571,3.05,0.3,9.1,4.81
5.3,0.36,0.27,6.3,0.028,9.81252127326883,40,132,0.99186,3.37,0.4,11.6,5.95
8.9,0.27,0.28,0.8,0.024,8.49868592989144,29,128,0.98984,3.01,0.35,12.4,6.12
7.6,0.23,0.29,8.6,0.053,9.55385476076379,65,146,0.9963,3.11,0.32,9.8,6.15
6.9,0.75,0.13,6.3,0.036,9.62504202856517,19,50,0.99312,3.09,0.25,11.1,3.93
7.1,0.35,0.27,3.1,0.034,10.3512185071194,28,134,0.9897,3.26,0.38,13.1,6.98
7.2,0.31,0.35,7.2,0.046,9.28512106018885,45,178,0.9955,3.14,0.53,9.7,5.01
6.4,0.28,0.44,7.1,0.048,9.23333895276594,49,179,0.99528,3.15,0.48,9.2,5.11
7.2,0.23,0.46,6.4,0.036,12.2714156871658,17,85,0.99279,3.1,0.78,11.7,6.13
6.6,0.22,0.3,14.7,0.045,7.93268385284834,50,136,0.99704,3.14,0.37,10.6,6.13
6.4,0.28,0.44,7.1,0.048,10.4406696469992,49,179,0.99528,3.15,0.48,9.2,5.06
7.2,0.24,0.28,1.9,0.032,8.52668086657153,30,92,0.9914,3.1,0.39,10.9,6.09
6.5,0.28,0.25,4.8,0.029,11.4802429411043,54,128,0.99074,3.17,0.44,12.2,6.91
7.2,0.27,0.31,1.2,0.031,10.1754599147802,27,80,0.98892,3.03,0.33,12.7,6.22
7.8,0.28,0.25,3.4,0.024,10.5745869152677,27,99,0.98959,2.98,0.37,13,6.07
8.1,0.26,0.27,4.3,0.03,8.94857446197833,43,123,0.99212,3.16,0.33,11.2,6.1
6.6,0.23,0.37,8.5,0.036,11.4330919989788,46,153,0.99576,3.2,0.48,9.4,5.89
6,0.33,0.2,1.8,0.031,10.8050834897066,49,159,0.9919,3.41,0.53,11,5.95
7.3,0.2,0.29,19.5,0.039,10.1090315982501,69,237,1.00037,3.1,0.48,9.2,5.92
6.6,0.23,0.37,8.5,0.036,10.9364930845134,46,153,0.99576,3.2,0.48,9.4,5.94
7.3,0.2,0.29,19.9,0.039,10.2675627446578,69,237,1.00037,3.1,0.48,9.2,5.89
6.2,0.47,0.19,8.3,0.029,10.3172857315545,24,142,0.992,3.22,0.45,12.3,6.01
6,0.33,0.2,1.8,0.031,10.1888381065454,49,159,0.9919,3.41,0.53,11,6.12
7.2,0.14,0.32,1.1,0.022,10.0018532806425,48,116,0.99218,3.04,0.67,10,5.94
5.7,0.22,0.22,16.65,0.044,8.25248278143066,39,110,0.99855,3.24,0.48,9,5.82
5.7,0.22,0.22,16.65,0.044,11.2816836197798,39,110,0.99855,3.24,0.48,9,6.05
8.1,0.2,0.28,0.9,0.023,10.0431734024896,49,87,0.99062,2.92,0.36,11.1,6.05
5.8,0.14,0.15,6.1,0.042,11.1466267894029,27,123,0.99362,3.06,0.6,9.9,6.06
4.8,0.21,0.21,10.2,0.037,10.8944696424201,17,112,0.99324,3.66,0.48,12.2,6.7
8.1,0.2,0.28,0.9,0.023,10.0023772364525,49,87,0.99062,2.92,0.36,11.1,6.19
5.7,0.22,0.22,16.65,0.044,11.2714955049616,39,110,0.99855,3.24,0.48,9,6.05
7.5,0.34,0.24,3.85,0.031,10.063805450091,5,34,0.99098,3.01,0.36,11.8,4.04
6.6,0.64,0.28,4.4,0.032,7.84997618238235,19,78,0.99036,3.11,0.62,12.9,5.88
7.6,0.37,0.34,3.2,0.028,9.67836593437449,42,162,0.9903,3.01,0.33,12.4,5.92
7,0.48,0.12,4.5,0.05,9.92137978104663,23,86,0.99398,2.86,0.35,9,5.02
6.6,0.64,0.28,4.4,0.032,10.3810524361527,19,78,0.99036,3.11,0.62,12.9,5.99
8,0.25,0.27,9.7,0.036,11.9655848741316,15,85,0.99406,2.99,0.36,11.2,6
7.6,0.38,0.28,4.2,0.029,9.21472857930579,7,112,0.9906,3,0.41,12.6,6.07
6.9,0.26,0.27,4.2,0.031,10.1755502663906,20,80,0.99089,3.12,0.39,11.5,5.99
7.8,0.15,0.34,1.1,0.035,9.34190855219316,31,93,0.99096,3.07,0.72,11.3,6.95
8,0.25,0.27,9.7,0.036,7.92183337607179,15,85,0.99406,2.99,0.36,11.2,5.92
6.9,0.26,0.27,4.2,0.031,9.67912357900895,20,80,0.99089,3.12,0.39,11.5,5.97
5.9,0.655,0,5.6,0.033,10.4373438754853,8,31,0.9936,3.32,0.51,10.5,3.95
7.6,0.38,0.28,4.2,0.029,9.47883821000711,7,112,0.9906,3,0.41,12.6,6.1
7.8,0.31,0.4,1.6,0.027,10.1466444942327,20,87,0.9911,3.15,0.48,11.9,6.01
8.1,0.17,0.21,1.6,0.036,10.2790001442222,24,119,0.99396,3.18,0.52,10.1,5.95
7.4,0.28,0.36,14.6,0.048,10.762856625138,35,161,0.9968,3.14,0.56,10.6,4.95
7.3,0.23,0.27,2.6,0.035,9.13931841670708,39,120,0.99138,3.04,0.59,11.3,7.19
7.4,0.25,0.28,7.25,0.028,11.9961549449536,14,78,0.99238,2.94,0.37,11.5,6.98
7.5,0.3,0.21,6.55,0.026,10.3987243496672,33,143,0.99244,2.92,0.35,11.1,5.1
7.2,0.26,0.24,7,0.023,10.3859077144254,19,130,0.99176,3.14,0.49,12.8,6.94
6.3,0.32,0.32,1.5,0.037,10.1701884237457,12,76,0.98993,3.3,0.46,12.3,5.98
7.7,0.24,0.3,1.4,0.041,11.5548668786929,15,102,0.9929,3.26,0.53,10.4,6.04
7.4,0.25,0.28,7.25,0.028,11.8370212384208,14,78,0.99238,2.94,0.37,11.5,6.9
7,0.24,0.35,1,0.032,8.93193418314831,42,104,0.98988,3.16,0.37,11.7,7.1
5.8,0.28,0.28,4.2,0.044,10.1204100114574,52,158,0.992,3.35,0.44,10.7,6.84
6.8,0.19,0.71,17.5,0.042,11.0628605319293,21,114,0.99784,2.85,0.5,9.5,5.98
6.8,0.19,0.71,17.5,0.042,10.4825694882713,21,114,0.99784,2.85,0.5,9.5,5.92
6.6,0.19,0.35,1.5,0.037,11.0703562163276,37,107,0.99006,3.18,0.68,12,7.23
6.4,0.28,0.36,1.3,0.053,10.0460986925824,28,186,0.99211,3.31,0.45,10.8,4.97
5.6,0.28,0.28,4.2,0.044,9.43961805636344,52,158,0.992,3.35,0.44,10.7,6.98
6.8,0.19,0.32,7.6,0.049,10.3350495105577,37,107,0.99332,3.12,0.44,10.7,6.94
7.2,0.16,0.29,1,0.031,9.46796196153362,40,123,0.98958,3.12,0.4,12.1,6.95
6.6,0.17,0.28,1.1,0.034,12.6080901998332,55,108,0.98939,3,0.52,11.9,7.07
6.6,0.19,0.28,11.8,0.042,11.2794362738634,54,137,0.99492,3.18,0.37,10.8,5.91
5.8,0.2,0.24,1.4,0.033,8.741137235868,65,169,0.99043,3.59,0.56,12.3,7.09
6.6,0.39,0.38,9.7,0.053,10.5103720930956,49,226,0.99787,3.3,0.57,9.4,5.93
6.8,0.12,0.3,12.9,0.049,10.0987957164754,32,88,0.99654,3.2,0.35,9.9,6.17
6.6,0.295,0.24,1.6,0.039,10.7976640230033,29,140,0.99304,3.35,0.61,10.4,6.92
6.6,0.26,0.24,7.2,0.038,11.0076927738511,28,137,0.9952,3.35,0.6,10.4,5.83
7,0.32,0.27,7.1,0.027,9.66411384057637,37,122,0.99165,3.15,0.6,12.6,7.15
6.7,0.35,0.48,8.8,0.056,10.5624481920736,35,167,0.99628,3.04,0.47,9.4,4.9
6.4,0.38,0.24,7.2,0.047,11.7372729955229,41,151,0.99604,3.11,0.6,9.2,4.88
6.8,0.14,0.18,1.4,0.047,10.7344450184751,30,90,0.99164,3.27,0.54,11.2,6
6.7,0.35,0.48,8.8,0.056,10.145276678046,35,167,0.99628,3.04,0.47,9.4,5
6.8,0.16,0.18,1.8,0.046,10.7701589117424,31,114,0.99226,3.27,0.55,10.8,6.05
7,0.16,0.25,14.3,0.044,11.0104057951327,27,149,0.998,2.91,0.46,9.2,5.88
6.4,0.38,0.24,7.2,0.047,11.0592146512235,41,151,0.99604,3.11,0.6,9.2,5.25
7.7,0.32,0.61,11.8,0.041,10.8278852256682,66,188,0.99794,3,0.54,9.3,4.86
7,0.29,0.33,0.9,0.041,9.74690228364571,20,117,0.99048,3.21,0.5,11.4,4.98
7.1,0.27,0.24,12.6,0.044,10.1998402056494,48,118,0.99726,3.04,0.56,10,6.99
6.8,0.45,0.28,26.05,0.031,10.8897658432023,27,122,1.00295,3.06,0.42,10.6,6.02
6.3,0.2,0.26,4.7,0.04,8.20958086860557,108,168,0.99278,3.07,0.75,10.7,6.97
7.1,0.27,0.24,12.6,0.044,10.2299884249396,48,118,0.99726,3.04,0.56,10,6.99
6.8,0.45,0.28,26.05,0.031,11.4088461595218,27,122,1.00295,3.06,0.42,10.6,6.08
7,0.29,0.33,0.9,0.041,8.79619155591251,20,117,0.99048,3.21,0.5,11.4,4.83
6.4,0.36,0.2,5.7,0.118,9.28721173007273,61,172,0.9946,3.24,0.43,9.5,5.91
6.6,0.3,0.25,8,0.036,10.4002320149855,21,124,0.99362,3.06,0.38,10.8,5.82
6.5,0.21,0.51,17.6,0.045,11.0638796479222,34,125,0.99966,3.2,0.47,8.8,6.07
6.6,0.3,0.25,8,0.036,9.67018975227595,21,124,0.99362,3.06,0.38,10.8,6.01
7.6,0.31,0.27,8.8,0.021,11.3572120082647,57,156,0.99442,3.08,0.38,11,7.04
5.8,0.58,0,1.5,0.02,9.87121090955453,33,96,0.98918,3.29,0.38,12.4,5.84
6.5,0.26,0.39,1.4,0.02,11.4075814537861,12,66,0.99089,3.25,0.75,11.3,6.93
8.7,0.3,0.34,4.8,0.018,10.7023179015881,23,127,0.99474,3.12,0.49,11.2,6.99
6.4,0.29,0.32,2.4,0.014,7.85626085116902,34,89,0.99008,3.24,0.66,12.5,6.93
6.7,0.13,0.32,3.7,0.017,11.3759738788893,32,99,0.99348,3.12,0.44,10,6.01
6.8,0.19,0.33,4.9,0.047,10.9966426581628,42,130,0.99283,3.12,0.56,11,5.95
6,0.25,0.4,5.7,0.052,9.13218476158656,56,152,0.99398,3.16,0.88,10.5,6.05
6.8,0.19,0.33,4.9,0.047,9.25142364199493,42,130,0.99283,3.12,0.56,11,5.96
6.4,0.24,0.23,2,0.046,9.39336917631939,30,133,0.9908,3.12,0.54,11.4,7.04
7.2,0.33,0.22,4.5,0.031,11.784088407078,10,73,0.99076,2.97,0.52,12.2,7.11
6.4,0.29,0.24,3.2,0.037,9.09871512925861,31,95,0.98942,2.9,0.66,12.6,7.1
7.3,0.31,0.25,6.65,0.032,9.53270220392985,30,138,0.99244,2.9,0.37,11.1,4.96
7,0.29,0.37,1.6,0.035,11.3196834097208,34,126,0.99058,3.26,0.47,12.3,5.98
6.9,0.19,0.6,4,0.037,11.3668572357559,6,122,0.99255,2.92,0.59,10.4,4.26
6.3,0.32,0.17,17.75,0.06,10.1560803628356,51,190,0.99916,3.13,0.48,8.8,6.01
6.6,0.085,0.33,1.4,0.036,9.75903060780668,17,109,0.99306,3.27,0.61,9.5,5.9
6.3,0.32,0.17,17.75,0.06,10.6115568426216,51,190,0.99916,3.13,0.48,8.8,6.03
6.8,0.18,0.32,7.2,0.047,11.8106922393094,17,109,0.99498,3.42,0.44,10.4,6
6.8,0.52,0.26,5.7,0.038,9.05063021324585,27,130,0.99,3.11,0.27,13,6.75
7.1,0.28,0.28,8.5,0.03,7.97690081313563,25,191,0.99338,3.16,0.46,12.2,7.03
5.7,0.15,0.47,11.4,0.035,10.6794060131554,49,128,0.99456,3.03,0.34,10.5,8.11
5.8,0.275,0.3,5.4,0.043,12.5803136905385,41,149,0.9926,3.33,0.42,10.8,6.96
5.4,0.53,0.16,2.7,0.036,9.79975845237436,34,128,0.98856,3.2,0.53,13.2,8.13
5.8,0.32,0.28,4.3,0.032,8.86011719789483,46,115,0.98946,3.16,0.57,13,8.01
6.7,0.22,0.39,1.2,0.049,9.71315121442118,26,152,0.99346,3.5,0.47,10,6.11
6.1,0.6,0.12,1.8,0.05,10.6022785221073,11,76,0.99268,3.42,0.48,10.4,4
6.5,0.26,0.31,1.3,0.034,10.5093582900689,59,145,0.98944,3.16,0.54,12.4,6.01
5,0.29,0.54,5.7,0.035,10.4318865085106,54,155,0.98976,3.27,0.34,12.9,7.95
5.4,0.53,0.16,2.7,0.036,8.8353339695362,34,128,0.98856,3.2,0.53,13.2,8.09
6.8,0.21,0.26,11.7,0.038,10.6376555401069,61,152,0.99523,3.02,0.56,10.5,6.96
6.5,0.27,0.26,11,0.03,9.62684268622893,2,82,0.99402,3.07,0.36,11.2,4.96
5.9,0.37,0.32,1.6,0.029,11.4221199112689,41,102,0.98916,3.41,0.55,12.7,6.94
6.2,0.21,0.18,11.6,0.044,10.0386181732204,61,155,0.99655,3.14,0.52,9.4,5.92
6.8,0.3,0.29,6.2,0.025,9.71232072191606,29,95,0.99071,3.03,0.32,12.9,7.01
7.3,0.41,0.29,1.8,0.032,9.69170097553917,26,74,0.98889,2.96,0.35,13,8.09
5.4,0.3,0.3,1.2,0.029,9.88337796936233,25,93,0.98742,3.31,0.4,13.6,7.14
6.6,0.34,0.2,1,0.053,11.1469340659556,26,112,0.99336,3.32,0.55,9.1,5.07
5.6,0.25,0.19,2.4,0.049,11.752438753774,42,166,0.992,3.25,0.43,10.4,5.77
6.9,0.58,0.58,8.2,0.032,8.39223812186966,29,169,0.99275,3.28,0.44,12.2,6.15
7.2,0.23,0.25,18.8,0.085,10.2576220915263,19,111,1.00044,3.1,0.51,8.7,5.03
7.1,0.2,0.27,9.6,0.037,9.2502572232403,19,105,0.99444,3.04,0.37,10.5,6.68
6.8,0.15,0.41,12.9,0.044,9.55931010467672,79.5,183,0.99742,3.24,0.78,10.2,6.04
7,0.22,0.26,9.2,0.027,8.67033822136677,37,122,0.99228,3.06,0.34,12.5,7.94
6.4,0.16,0.44,1.2,0.051,9.5793262255222,39,122,0.99058,3.11,0.75,11.3,7
6.8,0.15,0.41,12.9,0.044,9.00738211014768,79.5,183,0.99742,3.24,0.78,10.2,5.91
6.8,0.31,0.3,8,0.028,10.0778512093018,33,122,0.99164,3.13,0.63,12.6,6.95
6.8,0.15,0.41,12.9,0.044,8.67175287303987,79.5,183,0.99742,3.24,0.78,10.2,6.01
7.6,0.3,0.37,1.6,0.087,8.23572642040911,27,177,0.99438,3.09,0.5,9.8,4.87
7.1,0.21,0.35,2.5,0.04,9.01074732419615,41,186,0.99128,3.32,0.56,12.5,5.95
7,0.22,0.26,9.2,0.027,11.5298879304433,37,122,0.99228,3.06,0.34,12.5,8.04
5.6,0.21,0.24,4.4,0.027,11.5665130934634,37,150,0.991,3.3,0.31,11.5,6.88
7.4,0.22,0.26,8.8,0.027,9.53318155749203,23,112,0.9931,2.98,0.41,11.4,6.11
7.1,0.2,0.27,9.6,0.037,9.69525430905753,19,105,0.99444,3.04,0.37,10.5,7.01
6.8,0.31,0.3,8,0.028,9.24250187990454,33,122,0.99164,3.13,0.63,12.6,6.68
7.2,0.23,0.25,18.8,0.085,9.58889149659577,19,111,1.00044,3.1,0.51,8.7,4.9
6.4,0.15,0.4,1.3,0.053,10.9644149914944,61,146,0.99112,3.17,0.68,11,5.98
6.4,0.16,0.44,1.2,0.051,11.8543527941427,39,122,0.99058,3.11,0.75,11.3,7.04
6.8,0.15,0.41,12.9,0.044,9.69913737967039,79.5,182,0.99742,3.24,0.78,10.2,6.06
6.3,0.22,0.34,1.2,0.036,9.1869861658899,32,96,0.98961,3.06,0.74,11.6,6.16
7.6,0.3,0.37,1.6,0.087,10.1226088239501,27,177,0.99438,3.09,0.5,9.8,4.94
7,0.3,0.27,1.5,0.076,9.59683194357192,24,145,0.99344,3.1,0.52,10.1,5.09
7.5,0.24,0.31,13.1,0.05,8.24024427534925,26,180,0.99884,3.05,0.53,9.1,5.96
7.5,0.24,0.31,13.1,0.05,11.2371465875382,26,180,0.99884,3.05,0.53,9.1,5.94
7.5,0.24,0.31,13.1,0.05,9.15351345520295,26,180,0.99884,3.05,0.53,9.1,6.02
7.5,0.24,0.31,13.1,0.05,10.2057239651595,26,180,0.99884,3.05,0.53,9.1,5.87
6.6,0.15,0.34,1,0.037,10.5782317826645,45,79,0.98949,2.96,0.5,11.7,6.2
6.7,0.34,0.43,1.6,0.041,10.8598604895412,29,114,0.99014,3.23,0.44,12.6,6.1
7.7,0.35,0.46,11.8,0.088,10.8500233515921,61,183,0.99786,2.86,0.47,9,4.97
6.7,0.31,0.09,1.4,0.039,9.04635473730093,53,141,0.99206,3.12,0.44,10.1,4.87
4.7,0.67,0.09,1,0.02,9.14563803489772,5,9,0.98722,3.3,0.34,13.6,4.91
7.5,0.24,0.31,13.1,0.05,11.0409909590554,26,180,0.99884,3.05,0.53,9.1,5.99
6.3,0.2,0.18,10.6,0.045,9.51092996136328,57,159,0.99666,3.09,0.54,9.2,4.75
6.6,0.28,0.23,10.4,0.049,9.84402765360956,45,190,0.99754,3.12,0.51,8.8,4.94
8.5,0.18,0.3,1.1,0.028,10.8668740672681,34,95,0.99272,2.83,0.36,10,4.11
6.5,0.35,0.38,7.4,0.036,10.1979915589729,20,196,0.99712,3.47,0.48,9.1,6.12
6.3,0.18,0.24,3.4,0.053,10.7033586668361,20,119,0.99373,3.11,0.52,9.2,6.03
6.6,0.26,0.22,18.15,0.05,12.6083978462053,23,139,0.99904,3.06,0.5,9.2,4.91
6.3,0.34,0.27,2.5,0.024,9.82556761699859,40,152,0.99095,3.35,0.6,11.9,6.96
7.7,0.3,0.23,2,0.068,9.36041139841182,28,138,0.99382,3.11,0.62,9.8,5.08
7.7,0.31,0.23,2,0.069,8.22483797325285,29,134,0.99382,3.11,0.62,9.8,5.06
5.7,0.265,0.28,6.9,0.036,10.534565664732,46,150,0.99299,3.36,0.44,10.8,6.96
5.4,0.255,0.33,1.2,0.051,8.87701661738507,29,122,0.99048,3.37,0.66,11.3,6.11
6.6,0.26,0.28,9.4,0.028,10.8261771182001,13,121,0.99254,3.17,0.34,12.1,5.73
4.8,0.17,0.28,2.9,0.03,7.59245798764235,22,111,0.9902,3.38,0.34,11.3,6.97
5.7,0.265,0.28,6.9,0.036,9.39373351135544,46,150,0.99299,3.36,0.44,10.8,7.13
6.2,0.2,0.33,5.4,0.028,10.0923528851843,21,75,0.99012,3.36,0.41,13.5,7.16
7.5,0.28,0.41,1.3,0.044,10.154901821607,11,126,0.99293,3.28,0.45,10.3,5.09
6.2,0.22,0.2,20.8,0.035,11.5968322932906,58,184,1.00022,3.11,0.53,9,6.01
7.5,0.28,0.41,1.3,0.044,11.0462960320607,11,126,0.99293,3.28,0.45,10.3,4.95
6.5,0.19,0.34,1.6,0.029,12.545240225737,39,116,0.98954,3.21,0.68,12.5,5.88
6,0.21,0.29,13.1,0.042,9.93112858530199,28,125,0.99936,3.39,0.45,8.6,4.94
6.1,0.22,0.46,1.8,0.16,8.73804067107335,34,74,0.9884,3.19,0.33,13.4,5.99
6.5,0.32,0.48,8,0.026,8.58741049976032,18,88,0.99144,3.22,0.79,12.7,3.86
7.1,0.21,0.72,1.6,0.167,8.16947046062401,65,120,0.99324,2.97,0.51,9.2,4.98
5.6,0.26,0.18,1.4,0.034,9.83520654742038,18,135,0.99174,3.32,0.35,10.2,6.2
7,0.15,0.28,14.7,0.051,9.5915412515208,29,149,0.99792,2.96,0.39,9,6.9
7,0.15,0.28,14.7,0.051,9.34657833042791,29,149,0.99792,2.96,0.39,9,6.87
7,0.15,0.28,14.7,0.051,10.0642111859858,29,149,0.99792,2.96,0.39,9,6.94
7,0.15,0.28,14.7,0.051,8.539736757785,29,149,0.99792,2.96,0.39,9,7.1
7,0.15,0.28,14.7,0.051,10.968231673214,29,149,0.99792,2.96,0.39,9,7.14
7,0.15,0.28,14.7,0.051,10.3048127677739,29,149,0.99792,2.96,0.39,9,6.87
7.4,0.27,0.28,1.8,0.04,9.80550084772992,45,121,0.99043,3.02,0.4,11.9,4.97
6.8,0.22,0.3,10.6,0.07,9.4593782236504,67,194,0.99654,2.89,0.42,9,5.94
6.2,0.24,0.25,12.5,0.055,10.6456924009231,47,134,0.99758,3.3,0.51,9,4.94
7,0.15,0.28,14.7,0.051,11.9155623334496,29,149,0.99792,2.96,0.39,9,6.69
5.5,0.17,0.23,2.9,0.039,9.63336543022686,10,108,0.99243,3.28,0.5,10,4.87
6.6,0.27,0.33,1.4,0.042,9.3262258840583,24,183,0.99215,3.29,0.46,10.7,5.16
5.4,0.46,0.15,2.1,0.026,9.5325258518049,29,130,0.98953,3.39,0.77,13.4,7.9
5.5,0.17,0.23,2.9,0.039,9.90100637049508,10,108,0.99243,3.28,0.5,10,4.84
7.8,0.19,0.32,7.4,0.015,10.9208145025183,47,124,0.99278,2.99,0.39,11,5.92
6.1,0.17,0.28,2.5,0.028,9.75474600080337,22,98,0.99072,3.16,0.37,11.1,6.99
7.4,0.2,0.35,6.1,0.025,10.915969445753,10,40,0.99244,2.79,0.52,10.9,4.84
6.7,0.39,0.24,2.7,0.017,12.5790886445179,22,80,0.99084,3.03,0.37,11.5,4.9
5.4,0.46,0.15,2.1,0.026,9.09551332867521,29,130,0.98953,3.39,0.77,13.4,7.82
6.9,0.4,0.17,12.9,0.033,9.98370954097502,59,186,0.99754,3.08,0.49,9.4,4.89
6.9,0.4,0.17,12.9,0.033,10.0352331642056,59,186,0.99754,3.08,0.49,9.4,4.92
6.3,0.24,0.29,13.7,0.035,10.6562365390624,53,134,0.99567,3.17,0.38,10.6,5.93
6.9,0.4,0.17,12.9,0.033,9.87306916366358,59,186,0.99754,3.08,0.49,9.4,4.9
7.4,0.27,0.31,2.4,0.014,10.4794540021103,15,143,0.99094,3.03,0.65,12,4.07
6.1,0.27,0.28,9.8,0.042,10.7247765841586,61,125,0.99532,3.14,0.42,10.2,6.07
6.3,0.24,0.29,13.7,0.035,9.72022383876028,53,134,0.99567,3.17,0.38,10.6,6.13
5,0.61,0.12,1.3,0.009,10.1519047542531,65,100,0.9874,3.26,0.37,13.5,5.1
6.7,0.42,0.39,12.1,0.04,11.5409504204848,61,248,0.99794,3.31,0.58,9.7,4.95
6.5,0.33,0.28,6.1,0.018,9.2778074827052,41,103,0.99122,3.24,0.32,12.2,6.06
6.5,0.33,0.28,6.1,0.018,8.1940284075181,41,103,0.99122,3.24,0.32,12.2,6.16
6.3,0.15,0.3,1.4,0.022,9.74004094605297,38,100,0.99099,3.42,0.57,11.4,7.02
7.4,0.25,0.29,6.8,0.02,10.0618410518511,31,113,0.99338,3.13,0.29,10.8,6.01
7.6,0.27,0.3,9.2,0.018,9.80718530884211,23,96,0.9938,3.08,0.29,11,6.1
6.4,0.27,0.45,8.3,0.05,9.69998831674192,52,196,0.9955,3.18,0.48,9.5,5.15
6.5,0.25,0.27,17.4,0.064,10.8751476102001,29,140,0.99776,3.2,0.49,10.1,6.08
6.4,0.34,0.44,8.2,0.043,9.59910105447738,54,201,0.99551,3.18,0.48,9.5,5.02
6.6,0.27,0.52,8.1,0.044,8.34812465001384,53,202,0.99548,3.18,0.48,9.5,4.96
6.6,0.26,0.52,8.2,0.047,8.91871536379417,52,191,0.99541,3.16,0.47,9.5,6.01
6.4,0.27,0.45,8.3,0.05,11.2760931463667,52,196,0.9955,3.18,0.48,9.5,4.88
6.5,0.26,0.5,8,0.051,8.85403034374899,46,197,0.99536,3.18,0.47,9.5,4.96
6.8,0.25,0.3,11.8,0.043,10.560094932751,53,133,0.99524,3.03,0.58,10.4,6.07
6.5,0.25,0.27,17.4,0.064,9.22296191490381,29,140,0.99776,3.2,0.49,10.1,6.02
7,0.39,0.21,10.7,0.098,10.622350776934,13,91,0.99657,3.03,0.47,9.3,4.89
7.9,0.21,0.39,2,0.057,8.81845038316799,21,138,0.99176,3.05,0.52,10.9,4.96
7,0.3,0.28,2.2,0.042,8.17139284379156,21,177,0.99166,3.2,0.57,11.4,4.79
8.1,0.2,0.3,1.3,0.036,9.80047238724613,7,49,0.99242,2.99,0.73,10.3,4.93
8.3,0.18,0.3,1.1,0.033,7.26460048783461,20,57,0.99109,3.02,0.51,11,5.98
7.9,0.21,0.39,2,0.057,8.02656688122732,21,138,0.99176,3.05,0.52,10.9,4.94
7.2,0.17,0.34,6.4,0.042,9.67375369207992,16,111,0.99278,2.99,0.4,10.8,6.01
8.1,0.2,0.3,1.3,0.036,9.61346479876894,7,49,0.99242,2.99,0.73,10.3,4.92
8.3,0.18,0.3,1.1,0.033,8.56720674496314,20,57,0.99109,3.02,0.51,11,6.13
7,0.39,0.21,10.7,0.098,8.6192825009146,13,91,0.99657,3.03,0.47,9.3,5
6.8,0.21,0.62,6.4,0.041,8.87985018184924,7,113,0.99358,2.96,0.59,10.2,4.92
7.2,0.17,0.34,6.4,0.042,9.99434550715841,16,111,0.99278,2.99,0.4,10.8,5.87
6.8,0.26,0.34,15.1,0.06,9.07946128051484,42,162,0.99705,3.24,0.52,10.5,2.89
7.9,0.21,0.39,2,0.057,7.88408997609146,21,138,0.99176,3.05,0.52,10.9,4.92
7,0.3,0.28,2.2,0.042,9.00164962211478,21,177,0.99166,3.2,0.57,11.4,4.78
7.4,0.34,0.28,12.1,0.049,10.6341204189009,31,149,0.99677,3.22,0.49,10.3,5.08
6.3,0.43,0.32,8.8,0.042,10.1719538432157,18,106,0.99172,3.28,0.33,12.9,7.06
6.8,0.41,0.3,8.8,0.045,8.20892038998672,28,131,0.9953,3.12,0.59,9.9,5.12
6.3,0.4,0.24,5.1,0.036,7.87032266888904,43,131,0.99186,3.24,0.44,11.3,5.96
5.1,0.35,0.26,6.8,0.034,7.79648668819839,36,120,0.99188,3.38,0.4,11.5,6.07
5.1,0.35,0.26,6.8,0.034,10.7149103415702,36,120,0.99188,3.38,0.4,11.5,6.01
6.3,0.3,0.2,3.7,0.039,8.62809375608117,34,132,0.99158,3,0.38,10.7,4.77
6.9,0.28,0.28,12.2,0.042,10.9365066763626,52,139,0.99522,3.03,0.56,10.4,6.11
7,0.33,0.28,5.7,0.033,9.10082010066276,39,204,0.99176,3.17,0.64,12.5,5.91
6.7,0.26,0.49,8.1,0.052,9.1717634215619,48,197,0.99558,3.19,0.48,9.5,5.24
6.7,0.46,0.21,4,0.034,9.54539166494344,12,88,0.99016,3.26,0.54,13,6.13
5.1,0.35,0.26,6.8,0.034,9.10116121006693,36,120,0.99188,3.38,0.4,11.5,6.2
5.1,0.23,0.18,1,0.053,8.61316227323334,13,99,0.98956,3.22,0.39,11.5,5.02
6.3,0.4,0.24,5.1,0.036,9.18743865395519,43,131,0.99186,3.24,0.44,11.3,5.96
7.1,0.44,0.23,5.8,0.035,10.5107605500274,24,100,0.99062,3.15,0.57,13.2,6.83
4.8,0.26,0.23,10.6,0.034,10.3018509732534,23,111,0.99274,3.46,0.28,11.5,7.06
6.8,0.31,0.19,3.5,0.086,8.68632270505832,30,130,0.993,2.83,0.44,9.6,4.93
6.8,0.31,0.19,3.5,0.086,9.3923888868361,30,130,0.993,2.83,0.44,9.6,5.14
6.5,0.41,0.22,4.8,0.052,10.6481739985693,49,142,0.9946,3.14,0.62,9.2,4.97
6.2,0.31,0.23,3.3,0.052,10.8219981925983,34,113,0.99429,3.16,0.48,8.4,5.1
8,0.27,0.33,1.2,0.05,9.21345390767936,41,103,0.99002,3,0.45,12.4,5.93
8,0.27,0.33,1.2,0.05,10.1573691944525,41,103,0.99002,3,0.45,12.4,6.26
6.5,0.41,0.22,4.8,0.052,9.99031633759822,49,142,0.9946,3.14,0.62,9.2,4.97
6.7,0.37,0.25,2.5,0.028,9.48987378144113,24,84,0.9909,3.14,0.36,11.7,5.93
6.6,0.21,0.5,8.7,0.036,11.7218264468964,41,191,0.99294,2.96,0.56,11,6.03
6.7,0.37,0.25,2.5,0.028,8.45475432322944,24,84,0.9909,3.14,0.36,11.7,6
6.4,0.32,0.23,16.2,0.055,9.7268686710355,36,176,0.9986,3.26,0.54,9.1,5.06
6.7,0.24,0.32,9,0.023,11.0216431411591,20,109,0.99262,3.34,0.35,12.6,5.9
6.4,0.32,0.23,16.2,0.055,9.35363416321703,36,176,0.9986,3.26,0.54,9.1,5.11
7.1,0.39,0.79,1.4,0.194,11.0897069995315,23,90,0.99212,3.17,0.46,10.5,5.97
8.2,0.31,0.43,7,0.047,9.05968111467086,18,87,0.99628,3.23,0.64,10.6,5.1
6.7,0.24,0.32,9,0.023,11.7966787345512,20,109,0.99262,3.34,0.35,12.6,6.05
5.9,0.17,0.29,3.1,0.03,11.1317696730332,32,123,0.98913,3.41,0.33,13.7,6.87
5.9,0.2,0.23,1.5,0.037,8.69649088296103,38,93,0.99021,3.36,0.49,12,6.11
6.6,0.32,0.26,4.6,0.031,9.34941905211128,26,120,0.99198,3.4,0.73,12.5,6.96
5.9,0.12,0.27,4.8,0.03,9.01404268939357,40,110,0.99226,3.55,0.68,12.1,6.17
5.9,0.18,0.29,4.6,0.032,11.6684631349834,68,137,0.99159,3.21,0.38,11.3,5.92
5.9,0.2,0.23,1.5,0.037,10.0876724103999,38,93,0.99021,3.36,0.49,12,6.14
5.4,0.17,0.27,2.7,0.049,10.8228864617775,28,104,0.99224,3.46,0.55,10.3,5.89
6.1,0.21,0.3,6.3,0.039,10.7101208217667,47,136,0.99068,3.27,0.31,12.7,6.06
7.3,0.25,0.26,7.2,0.048,10.5105401068076,52,207,0.99587,3.12,0.37,9.2,5.14
7.3,0.25,0.26,7.2,0.048,9.2750562243751,52,207,0.99587,3.12,0.37,9.2,4.96
6.2,0.22,0.3,12.4,0.054,10.9801887349866,108,152,0.99728,3.1,0.47,9.5,6
6.5,0.27,0.19,6.6,0.045,11.3710123135811,98,175,0.99364,3.16,0.34,10.1,5.9
6.5,0.27,0.19,6.6,0.045,7.74567170109788,98,175,0.99364,3.16,0.34,10.1,6.1
6.6,0.39,0.22,4,0.038,9.99475802887923,17,98,0.99018,3.25,0.53,13,7.08
6,0.31,0.38,4.8,0.04,10.7460585952885,41,101,0.98968,3.24,0.56,13.1,5.93
8.4,0.23,0.32,1.3,0.048,10.7615549244317,59,113,0.99178,3.1,0.55,11,6.02
7.3,0.25,0.26,7.2,0.048,9.361377947327,52,207,0.99587,3.12,0.37,9.2,5.19
6,0.22,0.25,11.1,0.056,10.0688113540206,112,177,0.9961,3.08,0.36,9.4,5.99
6.2,0.22,0.3,12.4,0.054,8.62795166592634,108,152,0.99728,3.1,0.47,9.5,5.9
6.1,0.23,0.27,9.8,0.055,10.7894546217087,74,134,0.99534,3.16,0.4,10.2,6.09
6.5,0.27,0.19,6.6,0.045,10.9510781914647,98,175,0.99364,3.16,0.34,10.1,6.02
7.3,0.36,0.54,13.3,0.054,8.64860351442186,63,193,0.99864,3.06,0.49,8.6,3.9
7.6,0.37,0.51,11.7,0.094,12.3466380098189,58,181,0.99776,2.91,0.51,9,5
6.7,0.26,0.51,8,0.062,9.2947007412865,50,194,0.99545,3.13,0.5,9.6,4.85
7.4,0.22,0.27,1.6,0.057,8.99917045558269,45,98,0.99299,3.29,0.44,9.9,6.93
6.1,0.22,0.28,16.55,0.059,11.1615817558246,54,135,0.99665,3.2,0.38,10.5,4.93
6,0.28,0.24,17.8,0.047,9.15663275492797,42,111,0.99896,3.1,0.45,8.9,6.07
6,0.28,0.24,17.8,0.047,10.2212004540495,42,111,0.99896,3.1,0.45,8.9,5.89
7.1,0.2,0.37,1.5,0.049,9.95829490728153,28,129,0.99226,3.15,0.52,10.8,4.99
6.8,0.33,0.31,7.4,0.045,11.3389062154727,34,143,0.99226,3.06,0.55,12.2,5.97
6,0.28,0.24,17.8,0.047,11.1300799455864,42,111,0.99896,3.1,0.45,8.9,5.88
7.2,0.24,0.36,2,0.029,9.5465392084812,21,63,0.99076,3.13,0.63,12.5,5.99
6.8,0.33,0.31,7.4,0.045,10.5752336053663,34,143,0.99226,3.06,0.55,12.2,6.17
7.2,0.24,0.36,2,0.029,10.1118593127334,21,63,0.99076,3.13,0.63,12.5,5.87
6,0.28,0.24,17.8,0.047,11.4523428561748,42,111,0.99896,3.1,0.45,8.9,6.07
6.2,0.27,0.26,12.1,0.046,11.2291213177101,43,127,0.9951,3.16,0.37,10.8,6.05
6.4,0.38,0.26,8.2,0.043,7.97168901422172,28,98,0.99234,2.99,0.31,11.4,5.8
7.1,0.2,0.37,1.5,0.049,9.60057834813899,28,129,0.99226,3.15,0.52,10.8,4.86
6,0.21,0.3,8.7,0.036,8.84210920421864,47,127,0.99368,3.18,0.39,10.6,5.09
7,0.34,0.1,3.5,0.044,9.52079703231002,17,63,0.9937,3.01,0.39,9.2,4.93
5.9,0.435,0.16,6.4,0.031,7.63453727258357,21,134,0.99151,3.24,0.46,12.2,5.88
7,0.25,0.33,2.1,0.021,9.12921150324082,17,76,0.99021,3.26,0.45,12.3,6.16
6.7,0.26,0.29,7.7,0.038,10.3831287273455,40,179,0.99479,3.23,0.56,10.4,5.96
7,0.24,0.3,12.3,0.035,9.97080426620573,72,172,0.9954,2.99,0.57,10.4,6.03
8.5,0.23,0.34,1.3,0.035,11.5827931320918,54,110,0.99176,3.07,0.55,11,6.98
6,0.21,0.3,8.7,0.036,10.4272098057787,47,127,0.99368,3.18,0.39,10.6,5.11
7,0.34,0.1,3.5,0.044,10.6797128899249,17,63,0.9937,3.01,0.39,9.2,5.03
6.1,0.22,0.38,2.8,0.144,8.6154846972519,12,65,0.9908,2.95,0.64,11.4,6.08
5.8,0.27,0.26,3.5,0.071,10.0076627865025,26,69,0.98994,3.1,0.38,11.5,6.09
5,0.455,0.18,1.9,0.036,9.46751293114682,33,106,0.98746,3.21,0.83,14,7.03
6.5,0.33,0.3,3.8,0.036,10.0629080876642,34,88,0.99028,3.25,0.63,12.5,7.11
6.5,0.33,0.3,3.8,0.036,10.6842799427762,34,88,0.99028,3.25,0.63,12.5,7.06
6.7,0.31,0.3,2.4,0.038,9.68460451357455,30,83,0.98867,3.09,0.36,12.8,7.05
7.1,0.37,0.3,6.2,0.04,9.92600206324039,49,139,0.99021,3.17,0.27,13.6,5.96
7.2,0.23,0.82,1.3,0.149,10.7498435624634,70,109,0.99304,2.93,0.42,9.2,5.92
6.5,0.33,0.3,3.8,0.036,9.78590646319195,34,88,0.99028,3.25,0.63,12.5,7
7.2,0.25,0.32,1.5,0.054,10.813397479923,24,105,0.99154,3.17,0.48,11.1,6
6.2,0.39,0.24,4.8,0.037,10.5931148021521,45,138,0.99174,3.23,0.43,11.2,6.91
4.7,0.455,0.18,1.9,0.036,8.11116186487355,33,106,0.98746,3.21,0.83,14,6.94
6.2,0.28,0.51,7.9,0.056,9.54210168263457,49,206,0.9956,3.18,0.52,9.4,4.89
6.6,0.31,0.28,1.4,0.035,8.75080519387149,28,107,0.98836,3,0.4,13.2,5.86
7.4,0.25,0.37,2.6,0.05,11.7076892174862,24,132,0.99138,3.04,0.53,11.2,5.86
7.3,0.36,0.34,14.8,0.057,9.49890482812425,46,173,0.99751,3.14,0.57,10.2,4.85
6.7,0.31,0.3,2.4,0.038,7.88119612984804,30,83,0.98867,3.09,0.36,12.8,7
8.6,0.31,0.3,0.9,0.045,9.26729091920025,16,109,0.99249,2.95,0.39,10.1,5.01
8.6,0.31,0.3,0.9,0.045,10.7792441168733,16,109,0.99249,2.95,0.39,10.1,4.99
8.6,0.22,0.33,1.2,0.031,9.47974410350515,38,95,0.99239,2.83,0.31,10.3,4.96
6.9,0.14,0.29,9.9,0.056,9.59478888831704,30,91,0.99512,3.19,0.33,9.9,6.23
6.5,0.22,0.31,3.9,0.046,12.1344916787388,17,106,0.99098,3.15,0.31,11.5,4.9
6.6,0.32,0.47,15.6,0.063,11.9164794259685,27,173,0.99872,3.18,0.56,9,4.99
6.2,0.3,0.28,1.6,0.036,8.60091177186895,28,106,0.988245,3.14,0.41,13.3,5.86
6.9,0.22,0.28,7.8,0.05,7.84647155070092,43,116,0.99326,3.22,0.6,11.5,7.98
8.7,0.31,0.21,5.6,0.039,8.95559949959901,28,67,0.99328,2.96,0.52,11,4.06
7.3,0.27,0.3,1.3,0.04,7.69818129391026,26,84,0.99222,3.28,0.53,10.7,5.86
7,0.46,0.2,16.7,0.046,10.2309933740244,50,184,0.99898,3.08,0.56,9.4,4.91
5.7,0.23,0.25,7.95,0.042,10.075693035706,16,108,0.99486,3.44,0.61,10.3,6.01
8.2,0.18,0.38,1.1,0.04,9.49455247320723,41,92,0.99062,2.88,0.6,12,5.93
6.2,0.27,0.32,6.3,0.048,9.67412666131777,47,159,0.99282,3.21,0.6,11,5.99
6.9,0.4,0.37,8.9,0.053,8.52739434448015,36,148,0.996,3.16,0.5,9.3,5.01
4.9,0.345,0.34,1,0.068,11.0250265068588,32,143,0.99138,3.24,0.4,10.1,4.98
7.2,0.23,0.39,1.5,0.053,9.96597232958065,26,106,0.99166,3.18,0.47,11.1,6.09
6.4,0.2,0.15,6.6,0.046,10.1604904470597,26,113,0.99408,2.99,0.58,9.9,6.16
6.1,0.27,0.32,6.2,0.048,8.27509587397367,47,161,0.99281,3.22,0.6,11,6.02
6.2,0.27,0.32,6.3,0.048,7.20653262316654,47,159,0.99282,3.21,0.6,11,6.04
6,0.3,0.33,2.1,0.042,10.5424875168334,31,127,0.98964,3.32,0.42,12.5,5.97
6.1,0.3,0.32,2.2,0.042,10.5397943512744,41,142,0.98952,3.31,0.44,12.7,7.09
5.7,0.14,0.3,5.4,0.045,10.416880017783,26,105,0.99469,3.32,0.45,9.3,5.06
6.9,0.4,0.37,8.9,0.053,9.4697689993943,36,148,0.996,3.16,0.5,9.3,5.02
6.3,0.33,0.2,17.9,0.066,11.5500413740164,36,161,0.9991,3.14,0.51,8.8,5.04
7,0.16,0.3,2.6,0.043,9.64309240415762,34,90,0.99047,2.88,0.47,11.2,5.96
8.4,0.22,0.3,1.3,0.038,9.48778412900155,45,122,0.99178,3.13,0.54,10.8,6.95
6.3,0.33,0.2,17.9,0.066,10.7749341830789,36,161,0.9991,3.14,0.51,8.8,4.98
7,0.16,0.3,2.6,0.043,11.1919127915776,34,90,0.99047,2.88,0.47,11.2,5.98
5.4,0.24,0.18,2.3,0.05,9.75449821992765,22,145,0.99207,3.24,0.46,10.3,5.02
7.7,0.31,0.36,4.3,0.026,10.8046750578409,15,87,0.99152,3.11,0.48,12,5.08
5.6,0.185,0.19,7.1,0.048,9.39533684751336,36,110,0.99438,3.26,0.41,9.5,6.04
7.2,0.58,0.27,5.8,0.032,9.7043771206049,40,118,0.99088,3.17,0.53,13,7.08
6,0.34,0.32,3.8,0.044,10.1352620266732,13,116,0.99108,3.39,0.44,11.8,6.88
7.3,0.38,0.23,6.5,0.05,9.35775636974082,18,102,0.99304,3.1,0.55,11.2,4.24
5.4,0.185,0.19,7.1,0.048,10.1085105031766,36,110,0.99438,3.26,0.41,9.5,5.96
6.3,0.27,0.51,7.6,0.049,9.31917883844323,35,200,0.99548,3.16,0.54,9.4,4.1
6.5,0.29,0.52,7.9,0.049,10.4302669457169,35,192,0.99551,3.16,0.51,9.5,6.1
6.4,0.17,0.3,2.8,0.034,11.548994861968,33,125,0.99152,3.03,0.49,10.4,6.01
6.7,0.18,0.31,10.6,0.035,9.38082222321948,42,143,0.99572,3.08,0.49,9.8,6.93
6.8,0.37,0.67,1.5,0.175,9.84007316756964,16,98,0.99244,3.06,0.56,10.3,6.05
6.3,0.27,0.51,7.6,0.049,9.89038968771582,35,200,0.99548,3.16,0.54,9.4,4
6.5,0.29,0.52,7.9,0.049,11.0451371966785,35,192,0.99551,3.16,0.51,9.5,5.9
6.1,0.24,0.26,1.7,0.033,9.94712517410666,61,134,0.9903,3.19,0.81,11.9,6.84
7,0.32,0.29,7.6,0.025,10.1973365124821,35,124,0.99162,3.15,0.65,12.8,6.91
6.9,0.27,0.25,7.5,0.03,9.90588553163203,18,117,0.99116,3.09,0.38,13,6.09
6.5,0.29,0.53,1.7,0.04,10.2567640967208,41,192,0.9922,3.26,0.59,10.4,6.9
6.5,0.29,0.52,1.7,0.034,9.94802775584969,41,193,0.99223,3.25,0.59,10.4,5.99
6.1,0.22,0.25,12.1,0.035,8.995084525374,54,135,0.99481,3.21,0.4,10.7,5.06
6.3,0.22,0.27,4.5,0.036,11.3102742932167,81,157,0.9928,3.05,0.76,10.7,6.76
5.6,0.23,0.25,8,0.043,9.85468684632211,31,101,0.99429,3.19,0.42,10.4,6
7,0.32,0.29,7.6,0.025,10.1336369169574,35,124,0.99162,3.15,0.65,12.8,6.81
6.8,0.11,0.27,8.6,0.044,9.69675413243475,45,104,0.99454,3.2,0.37,9.9,5.92
6.8,0.11,0.27,8.6,0.044,9.9421875109227,45,104,0.99454,3.2,0.37,9.9,5.95
7.3,0.23,0.41,14.6,0.048,9.9941984452069,73,223,0.99863,3.16,0.71,9.4,5.93
6.1,0.2,0.17,1.6,0.048,8.71298689366028,46,129,0.991,3.3,0.43,11.4,5.94
6.8,0.11,0.27,8.6,0.044,9.35058455477154,45,104,0.99454,3.2,0.37,9.9,5.99
7.3,0.23,0.41,14.6,0.048,9.25871056369608,73,223,0.99863,3.16,0.71,9.4,6.08
6.9,0.2,0.41,1.1,0.06,10.6803539486189,36,104,0.99317,2.99,0.39,9.2,4.99
6.7,0.19,0.32,3.7,0.041,10.2669542888445,26,76,0.99173,2.9,0.57,10.5,6.94
6.7,0.28,0.34,8.9,0.048,8.08530294045474,32,111,0.99455,3.25,0.54,11,7.07
6.7,0.28,0.34,8.9,0.048,8.94213094179043,32,111,0.99455,3.25,0.54,11,7.1
8,0.37,0.31,4.7,0.038,7.29267740405181,3,127,0.99186,2.9,0.72,12.1,4.99
6.7,0.28,0.34,8.9,0.048,8.63941581835457,32,111,0.99455,3.25,0.54,11,7.09
6.4,0.24,0.49,5.8,0.053,8.85102522198664,25,120,0.9942,3.01,0.98,10.5,5.91
6.4,0.24,0.49,5.8,0.053,9.41493475657951,25,120,0.9942,3.01,0.98,10.5,5.89
6.4,0.25,0.57,1,0.062,9.44538838740885,21,122,0.99238,3,0.4,9.5,5.08
6.1,0.25,0.48,15.8,0.052,10.4501311238832,25,94,0.99782,3.07,0.45,9.2,6.06
6.8,0.14,0.35,1.5,0.047,9.64579565828452,40,117,0.99111,3.07,0.72,11.1,5.86
6.5,0.38,0.26,5.2,0.042,10.4383071277875,33,112,0.99067,3.06,0.5,12.3,6.8
6.8,0.14,0.35,1.5,0.047,9.51542054377068,40,117,0.99111,3.07,0.72,11.1,6.06
6.4,0.25,0.57,1,0.062,9.24068943742416,21,122,0.99238,3,0.4,9.5,5.16
6.1,0.25,0.48,15.8,0.052,10.1664712156306,25,94,0.99782,3.07,0.45,9.2,6.18
6.8,0.22,0.32,5.9,0.054,11.0181149906241,40,152,0.9938,3.2,0.57,10.8,6.14
6,0.26,0.29,3.1,0.041,10.6027245990193,37,144,0.98944,3.22,0.39,12.8,6.86
6.4,0.24,0.49,5.8,0.053,10.3173726372792,25,120,0.9942,3.01,0.98,10.5,6
6.5,0.46,0.24,11.5,0.051,9.47301317851457,56,171,0.99588,3.08,0.56,9.8,6.02
6.5,0.18,0.48,18,0.054,9.962688134889,56,183,1.00038,2.98,0.61,8.5,5.99
7.2,0.4,0.24,8.5,0.055,10.3173983341133,45,151,0.99626,3.2,0.52,9.2,4.94
5.9,0.23,0.24,1.6,0.037,11.7622300379451,32,115,0.99076,3.21,0.51,11.4,6.17
6.4,0.18,0.48,18,0.054,9.90406446428119,56,183,1.00038,2.98,0.61,8.5,5.94
6.2,0.32,0.12,4.8,0.054,9.5130332142018,6,97,0.99424,3.16,0.5,9.3,5.03
6.4,0.37,0.12,5.9,0.056,9.94384218539311,6,91,0.99536,3.06,0.46,8.4,3.96
7,0.23,0.42,1.1,0.062,9.10247821746898,35,100,0.99318,3.04,0.4,9.2,4.92
7.2,0.4,0.24,8.5,0.055,9.94073482073544,45,151,0.99626,3.2,0.52,9.2,4.93
7.6,0.19,0.37,13.1,0.033,10.808305120744,52,151,0.99726,3.18,0.79,10.4,5.82
6.2,0.32,0.45,2.9,0.029,10.2433053054742,37,94,0.98998,3.25,0.6,12.4,6.01
7.6,0.19,0.37,13.1,0.033,10.1859813850581,52,151,0.99726,3.18,0.79,10.4,6.04
6.4,0.26,0.26,1.1,0.052,9.65953557773861,22,176,0.99304,3.09,0.54,9.3,5.13
5.9,0.25,0.27,1.5,0.029,10.1494358798119,37,81,0.9892,3.2,0.46,12.2,5.83
6.1,0.28,0.3,7.75,0.031,12.3537346336061,33,139,0.99296,3.22,0.46,11,5.94
6.9,0.19,0.38,1.15,0.023,9.52126366409736,30,105,0.99047,3.11,0.38,11.4,4.84
6.4,0.29,0.57,1,0.06,9.98584598518274,15,120,0.9924,3.06,0.41,9.5,5.03
7.5,0.26,0.38,5.7,0.021,9.97595243332629,23,125,0.99338,3.13,0.62,11.1,6.09
7.3,0.33,0.22,1.4,0.041,11.3250461308392,40,177,0.99287,3.14,0.48,9.9,4.98
7.3,0.34,0.22,1.4,0.044,9.03508237533329,43,176,0.99286,3.14,0.46,9.9,5.03
6.4,0.29,0.57,1,0.06,9.25997318376773,15,120,0.9924,3.06,0.41,9.5,4.99
6.3,0.24,0.29,1.6,0.052,11.0106869419779,48,185,0.9934,3.21,0.5,9.4,5.08
6.2,0.24,0.22,7.9,0.053,8.79753579152793,45,149,0.99545,3.23,0.52,9.3,4.87
7.4,0.16,0.27,15.5,0.05,9.75489662754474,25,135,0.9984,2.9,0.43,8.7,7.2
7.4,0.16,0.27,15.5,0.05,9.10648640699861,25,135,0.9984,2.9,0.43,8.7,6.96
7.4,0.16,0.27,15.5,0.05,10.5293872143097,25,135,0.9984,2.9,0.43,8.7,7.04
7.4,0.16,0.27,15.5,0.05,9.54891707615437,25,135,0.9984,2.9,0.43,8.7,7.21
7.2,0.17,0.28,17.55,0.05,9.53260630096659,33,154,0.99971,2.94,0.43,9,6.99
6.8,0.16,0.36,1.3,0.034,8.617876279526,32,98,0.99058,3.02,0.58,11.3,5.9
6.2,0.24,0.22,7.9,0.053,9.45922936667726,45,149,0.99545,3.23,0.52,9.3,5
6.8,0.3,0.27,11.6,0.028,9.40384928631058,22,97,0.99314,2.96,0.38,11.7,5.86
6.5,0.43,0.18,13.15,0.032,10.2456605826461,25,131,0.99565,3.23,0.51,10.7,5.08
6.9,0.19,0.35,13.5,0.038,10.9317311288817,49,118,0.99546,3,0.63,10.7,5.89
6.8,0.16,0.36,1.3,0.034,8.98049693857696,32,98,0.99058,3.02,0.58,11.3,5.85
6.4,0.41,0.01,6.1,0.048,9.60625203665266,20,70,0.99362,3.19,0.42,10,5
6.4,0.41,0.01,6.1,0.048,9.28904205741438,20,70,0.99362,3.19,0.42,10,5.09
7.4,0.36,0.32,1.9,0.036,10.3210244065486,27,119,0.99196,3.15,0.49,11.2,5.94
6.1,0.17,0.21,1.9,0.09,10.3279579910513,44,130,0.99255,3.07,0.41,9.7,4.94
5.5,0.28,0.21,1.6,0.032,11.484918103833,23,85,0.99027,3.42,0.42,12.5,4.9
6.6,0.5,0.26,11.3,0.029,9.45624925097859,32,110,0.99302,3.27,0.78,12.9,8.08
7.1,0.44,0.27,8.4,0.057,11.5577939843779,60,160,0.99257,3.16,0.36,11.8,6.12
6.9,0.38,0.28,8.3,0.062,9.62890619297335,22,166,0.99506,3.16,0.72,10.6,5.13
7.1,0.44,0.27,8.4,0.057,7.48854822555746,60,160,0.99257,3.16,0.36,11.8,5.93
6.2,0.24,0.28,12.2,0.049,9.34821795995138,54,133,0.9952,3.19,0.37,10.7,5.95
6.1,0.28,0.27,8,0.048,10.9549093552893,41,162,0.99498,3.21,0.51,9.9,5.01
7.6,0.26,0.32,1.3,0.048,10.3479850837534,23,76,0.9903,2.96,0.46,12,6.1
7.5,0.16,0.38,12.7,0.043,9.61094790655462,70.5,163,0.99706,3.15,0.82,10.4,7.05
6.5,0.36,0.16,1.3,0.054,10.5760915803183,11,107,0.99398,3.19,0.39,8.5,4.95
7.4,0.37,0.26,9.6,0.05,10.3515533797374,33,134,0.99608,3.13,0.46,10.4,5.05
5.7,0.25,0.21,1.5,0.044,10.6453046347045,21,108,0.99142,3.3,0.59,11,5.85
5.8,0.23,0.21,1.5,0.044,7.77028600894347,21,110,0.99138,3.3,0.57,11,5.99
5.4,0.265,0.28,7.8,0.052,9.47034219738549,27,91,0.99432,3.19,0.38,10.4,6.02
5.7,0.25,0.27,10.8,0.05,9.56321094926274,58,116,0.99592,3.1,0.5,9.8,5.9
5.7,0.25,0.26,12.5,0.049,10.5157998051149,52.5,106,0.99691,3.08,0.45,9.4,6.05
5.9,0.23,0.28,8.6,0.046,9.69688237121805,37,142,0.99432,3.23,0.53,10.6,6.09
6.2,0.3,0.32,1.2,0.052,10.7532932820296,32,185,0.99266,3.28,0.44,10.1,4.92
6.5,0.33,0.24,14.5,0.048,11.8589915760638,20,96,0.99456,3.06,0.3,11.5,8.02
7.4,0.26,0.29,3.7,0.048,9.45106010516197,14,73,0.9915,3.06,0.45,11.4,5.89
7,0.2,0.4,1.1,0.058,9.2718222807954,30,93,0.99322,3.03,0.38,9.2,6.03
6.5,0.21,0.42,1.1,0.059,9.38969864151462,33,101,0.9927,3.12,0.38,9.7,5.99
6.8,0.27,0.24,4.6,0.098,9.27662559790909,36,127,0.99412,3.15,0.49,9.6,5.93
6.7,0.24,0.3,10.2,0.07,10.9408894214369,44,179,0.99666,2.86,0.46,8.9,6.09
6.4,0.5,0.2,2.4,0.059,10.0632509717503,19,112,0.99314,3.18,0.4,9.2,6
6.6,0.41,0.27,10.7,0.11,9.77940513157066,20,103,0.99672,3.08,0.41,9,6.04
6.4,0.25,0.28,4.9,0.03,10.2232813679763,29,98,0.99024,3.09,0.58,12.8,7.13
6.6,0.41,0.27,10.7,0.11,11.0905335238743,20,103,0.99672,3.08,0.41,9,5.96
8,0.25,0.35,1.1,0.054,9.61994225763771,13,136,0.99366,3.08,0.55,9.5,5.07
6.4,0.14,0.28,7.9,0.057,9.00353116466187,21,82,0.99425,3.26,0.36,10,5.85
6.6,0.21,0.34,5.6,0.046,8.77611306926926,30,140,0.99299,3.22,0.38,11,4.9
6.3,0.29,0.23,14.2,0.037,9.51015251161412,24,99,0.99528,3.08,0.38,10.6,6.04
6.9,0.37,0.23,9.5,0.057,9.09524828440524,54,166,0.99568,3.23,0.42,10,5.04
6.9,0.37,0.23,9.5,0.057,10.4007310494711,54,166,0.99568,3.23,0.42,10,4.89
5.7,0.31,0.28,4.1,0.03,9.17516310478858,22,86,0.99062,3.31,0.38,11.7,6.97
6.9,0.45,0.27,4.7,0.035,10.2271202921996,17,80,0.99058,3.12,0.36,12.5,7.02
6.9,0.3,0.45,1.4,0.039,10.2356477654364,36,122,0.99059,3.07,0.47,11.1,6.88
5.3,0.23,0.56,0.9,0.041,11.5003858846314,46,141,0.99119,3.16,0.62,9.7,5.06
6.7,0.28,0.42,3.5,0.035,10.9002088845776,43,105,0.99021,3.18,0.38,12.2,6.03
5,0.255,0.22,2.7,0.043,10.1718019056952,46,153,0.99238,3.75,0.76,11.3,6.05
5.5,0.21,0.25,1.2,0.04,9.63643197743633,18,75,0.99006,3.31,0.56,11.3,6.06
6.1,0.17,0.29,1.1,0.041,10.0126353590714,32,92,0.99036,3.26,0.57,11.2,6.15
7.5,0.21,0.29,1.5,0.046,8.99783084160751,35,107,0.99123,3.15,0.45,11.3,5.73
6.2,0.35,0.2,18.1,0.069,8.27616721119358,33,158,0.99908,3.15,0.5,8.8,5.76
6.2,0.35,0.2,18.1,0.069,11.1968048644715,33,158,0.99908,3.15,0.5,8.8,5.87
6.5,0.43,0.31,3.6,0.046,11.9852674397751,19,143,0.99022,3.15,0.34,12,7.96
6.5,0.4,0.31,3.5,0.046,9.35456829389236,22,147,0.99024,3.15,0.31,12,6.96
7.4,0.28,0.5,12.1,0.049,11.8822952684465,48,122,0.9973,3.01,0.44,9,4.95
6.3,0.23,0.22,17.45,0.054,10.3731820503593,42,151,0.99853,3.12,0.6,9.3,5.89
6,0.13,0.36,1.6,0.052,10.2645282896374,23,72,0.98974,3.1,0.5,11.5,6.84
6.3,0.17,0.23,5.7,0.048,9.92978052855986,44,147,0.99382,3.08,0.54,10,5.04
6.3,0.18,0.22,5.6,0.047,10.2472303861888,45,147,0.99383,3.09,0.54,10,4.98
6.7,0.31,0.34,6.8,0.059,10.7384535969041,51,215,0.99538,3.33,0.56,10.3,5.05
6.6,0.33,0.32,15.6,0.054,10.209664374585,62,227,0.99734,3.25,0.56,10.4,5
6.3,0.34,0.31,6,0.02,9.57966910160211,18,68,0.98981,3.22,0.29,13.4,6.82
6.8,0.29,0.32,1.8,0.032,9.44815030681232,18,130,0.99095,3.05,0.62,11.2,5.96
7.4,0.31,0.26,8.6,0.048,9.34861159608778,47,206,0.9964,3.26,0.36,9.1,5.05
7.4,0.31,0.26,8.6,0.048,9.60563268742575,47,206,0.9964,3.26,0.36,9.1,5.04
5.7,0.25,0.27,11.5,0.04,10.6284720356103,24,120,0.99411,3.33,0.31,10.8,6.1
6.8,0.27,0.28,7.8,0.038,10.0053939785245,26,89,0.9915,3.24,0.34,12.5,6.07
5.9,0.26,0.24,2.4,0.046,9.685808486817,27,132,0.99234,3.63,0.73,11.3,4.91
5.9,0.65,0.23,5,0.035,10.1424300101856,20,128,0.99016,3.46,0.48,12.8,5.95
7.4,0.31,0.26,8.6,0.048,10.1537206913082,47,206,0.9964,3.26,0.36,9.1,5.13
6.6,0.23,0.32,1.5,0.041,12.4249670498207,8,72,0.98949,3.22,0.39,12.7,6.03
6.8,0.18,0.35,5.4,0.054,9.81508286670595,53,143,0.99287,3.1,0.54,11,7.02
6.8,0.28,0.29,11.9,0.052,10.2143008341233,51,149,0.99544,3.02,0.58,10.4,6.14
5.9,0.27,0.27,9,0.051,9.81282678111899,43,136,0.9941,3.25,0.53,10.7,5.94
6.8,0.28,0.29,11.9,0.052,9.41813649979701,51,149,0.99544,3.02,0.58,10.4,6.24
6.8,0.26,0.29,11.9,0.052,8.53076393443806,54,160,0.99546,3.03,0.58,10.4,6
7.1,0.13,0.29,15.5,0.064,11.2520779928953,56,115.5,0.99737,3.16,0.41,9.7,7.12
6.2,0.2,0.25,15,0.055,9.4095188506318,8,120,0.99767,3.19,0.53,9.6,5.85
5.8,0.24,0.28,1.4,0.038,9.39130295026412,40,76,0.98711,3.1,0.29,13.9,6.98
7.6,0.48,0.31,9.4,0.046,6.48472394106292,6,194,0.99714,3.07,0.61,9.4,4.85
7.4,0.26,0.32,3.7,0.032,11.752226508525,29,193,0.99134,3.1,0.67,12.5,6.2
6.2,0.2,0.25,15,0.055,9.30479014728077,8,120,0.99767,3.19,0.53,9.6,6.06
6.1,0.3,0.47,1.4,0.049,10.2532771053473,50,187,0.9927,3.19,0.45,9.5,4.91
6.1,0.3,0.47,1.4,0.049,10.3370312586598,50,187,0.9927,3.19,0.45,9.5,4.96
6.3,0.34,0.52,6.3,0.047,10.0983514788536,63,186,0.99481,3.18,0.44,9.6,5.01
7.4,0.16,0.3,13.7,0.056,10.7372375459401,33,168,0.99825,2.9,0.44,8.7,6.99
7.4,0.16,0.3,13.7,0.056,8.81216620530525,33,168,0.99825,2.9,0.44,8.7,7
7.4,0.16,0.3,13.7,0.056,11.7250657572162,33,168,0.99825,2.9,0.44,8.7,7.05
7.4,0.16,0.3,13.7,0.056,10.5972937441795,33,168,0.99825,2.9,0.44,8.7,6.89
7.4,0.16,0.3,13.7,0.056,8.88260961751875,33,168,0.99825,2.9,0.44,8.7,7.03
7.4,0.16,0.3,13.7,0.056,8.84876708921005,33,168,0.99825,2.9,0.44,8.7,6.87
7.2,0.26,0.38,1.5,0.061,9.4448760238617,12,120,0.99192,3.18,0.46,10.4,4.95
7,0.31,0.35,1.6,0.063,11.0989291853721,13,119,0.99184,3.22,0.5,10.7,4.99
6.6,0.22,0.35,1.4,0.05,9.82306861361961,23,83,0.99019,3.17,0.48,12,6.83
5.8,0.23,0.31,3.5,0.044,11.3221709157475,35,158,0.98998,3.19,0.37,12.1,7
6,0.19,0.26,1.4,0.039,9.72215738711146,30,104,0.98998,3.32,0.41,12.4,6.04
6.7,0.21,0.34,1.5,0.035,9.33882402992936,45,123,0.98949,3.24,0.36,12.6,6.93
6.6,0.22,0.37,1.6,0.04,10.7523668845252,31,101,0.99009,3.15,0.66,12,4.96
6.8,0.34,0.27,5.2,0.06,10.5256410175537,14,169,0.99252,3.27,0.57,11.6,6.15
7.1,0.34,0.86,1.4,0.174,9.81907609967697,36,99,0.99288,2.92,0.5,9.3,5.01
6.3,0.24,0.22,11.9,0.05,8.95386986124205,65,179,0.99659,3.06,0.58,9.3,5.98
6.9,0.35,0.39,2.4,0.048,9.0779120437714,25,157,0.99133,3.2,0.54,11.1,7.1
6.8,0.24,0.33,3.2,0.049,9.62502004064409,68,161,0.99324,3.1,0.69,10.2,6.03
6.4,0.25,0.33,1.7,0.037,10.9500651954726,35,113,0.99164,3.23,0.66,10.6,5.94
5.8,0.19,0.33,4.2,0.038,9.11643404931601,49,133,0.99107,3.16,0.42,11.3,7.13
6.5,0.31,0.61,13,0.053,7.85358986767379,31,123,0.99708,3.09,0.5,9.3,5.91
7.5,0.38,0.56,9.7,0.055,10.2699986745933,15,170,0.99605,3.13,0.65,9.9,6.02
6.2,0.3,0.3,2.5,0.041,10.4273414260676,29,82,0.99065,3.31,0.61,11.8,6.99
6.4,0.33,0.28,4,0.04,9.87231436567656,24,81,0.9903,3.26,0.64,12.6,7.04
6.9,0.24,0.4,15.4,0.052,9.28483513289317,81,198,0.9986,3.2,0.69,9.4,5.07
7.6,0.27,0.32,1.2,0.043,8.52815461221169,23,72,0.99236,3.06,0.68,10.5,4.97
5.9,0.24,0.34,2,0.037,11.2963138133794,40,108,0.98948,3.19,0.5,12.3,6.21
5.3,0.33,0.3,1.2,0.048,10.7481468529329,25,119,0.99045,3.32,0.62,11.3,5.78
6.4,0.21,0.21,5.1,0.097,10.8298458121465,21,105,0.9939,3.07,0.46,9.6,4.88
7,0.22,0.3,1.4,0.04,7.66245305069438,14,63,0.98985,3.2,0.33,12,6.08
7.8,0.27,0.35,1.2,0.05,7.89019913016521,36,140,0.99138,3.09,0.45,11.2,5.02
6.7,0.2,0.24,6.5,0.044,9.90719582973314,28,100,0.99348,3.12,0.33,10.2,6.02
8.1,0.27,0.33,1.3,0.045,10.5217580114077,26,100,0.99066,2.98,0.44,12.4,6.05
6.7,0.2,0.24,6.5,0.044,10.7399682691549,28,100,0.99348,3.12,0.33,10.2,5.95
7.1,0.45,0.24,2.7,0.04,9.5081712560377,24,87,0.98862,2.94,0.38,13.4,7.94
5.8,0.22,0.29,1.3,0.036,9.11818373192985,25,68,0.98865,3.24,0.35,12.6,6
6.3,0.3,0.48,7.4,0.053,9.56964371787726,34,149,0.99472,3.18,0.53,9.8,4.96
7.9,0.36,0.53,12.9,0.049,9.2048640989642,63,139,0.99792,2.94,0.45,9.1,5.04
8,0.24,0.33,1.2,0.044,10.5099966982534,28,101,0.99035,3.03,0.43,12.5,5.85
6.7,0.41,0.27,2.6,0.033,10.7702313041636,25,85,0.99086,3.05,0.34,11.7,6.1
6.7,0.24,0.31,2.3,0.044,9.22181854529988,37,113,0.99013,3.29,0.46,12.9,5.78
6.9,0.26,0.38,10.5,0.044,9.58653805992396,33,139,0.99517,3.06,0.5,10.3,6.04
6.7,0.41,0.27,2.6,0.033,9.49848681884577,25,85,0.99086,3.05,0.34,11.7,6
5.9,0.32,0.2,14.4,0.05,9.59202710461718,29,144,0.99666,3.24,0.41,10.3,5.99
6.1,0.25,0.3,1.2,0.036,10.7214730645825,42,107,0.991,3.34,0.56,10.8,7.08
5.6,0.23,0.29,3.1,0.023,9.8735580565843,19,89,0.99068,3.25,0.51,11.2,5.94
6.6,0.23,0.32,1.7,0.024,9.3942550256844,26,102,0.99084,3.29,0.6,11.8,6.06
6,0.17,0.21,6,0.05,9.88556579978651,26,134,0.9939,3.08,0.54,9.8,5.9
7.1,0.38,0.42,11.8,0.041,9.34749302992868,32,193,0.99624,3.04,0.49,10,6.18
6.6,0.31,0.37,6.2,0.052,8.22510677489966,13,164,0.99602,3.24,0.39,8.8,4.12
7,0.44,0.24,12.1,0.056,8.54592289289273,68,210,0.99718,3.05,0.5,9.5,5.13
7,0.44,0.24,12.1,0.056,10.8595234528225,68,210,0.99718,3.05,0.5,9.5,5.06
8,0.33,0.32,4.6,0.041,11.2340384348279,31,180,0.99184,2.92,0.74,12.2,5.74
7,0.44,0.24,12.1,0.056,9.33565585770165,68,210,0.99718,3.05,0.5,9.5,4.94
6,0.19,0.29,1.2,0.046,8.14142513756445,29,92,0.99033,3.22,0.53,11.3,6.1
6.3,0.28,0.34,8.1,0.038,9.5419311336299,44,129,0.99248,3.26,0.29,12.1,5.99
6.1,0.38,0.14,3.9,0.06,8.59248281785633,27,113,0.99344,3.07,0.34,9.2,4
5.4,0.22,0.35,6.5,0.029,10.0643132994174,26,87,0.99092,3.29,0.44,12.5,6.99
6.2,0.345,0.27,10.1,0.056,9.80580149313887,38,187,0.99486,3.31,0.56,10.6,4.93
5.2,0.2,0.27,3.2,0.047,10.0562653470966,16,93,0.99235,3.44,0.53,10.1,6.78
6.2,0.29,0.23,12.4,0.048,11.2458710297802,33,201,0.99612,3.11,0.56,9.9,5.98
6,0.22,0.23,5,0.045,9.73256067209044,10,122,0.99261,2.94,0.63,10,5.94
7.5,0.35,0.37,2.5,0.066,8.3661734503209,29,89,0.98964,3.14,0.42,12.7,6.06
6.6,0.39,0.28,9.2,0.036,11.8692484424044,10,92,0.99206,3.07,0.35,12.1,6.08
6.3,0.23,0.33,6.9,0.052,11.1639288227332,23,118,0.9938,3.23,0.46,10.4,6.04
6.3,0.22,0.3,2,0.05,7.08341023299673,23,120,0.99204,3.24,0.47,10.4,5.77
6.4,0.29,0.18,15,0.04,9.84216168471432,21,116,0.99736,3.14,0.5,9.2,4.98
6.4,0.29,0.18,15,0.04,9.39357113329675,21,116,0.99736,3.14,0.5,9.2,5.03
7.5,0.23,0.3,1.2,0.03,8.19662500030124,27,80,0.99192,3.05,0.68,10.5,5.01
6.4,0.29,0.18,15,0.04,8.52077118737318,21,116,0.99736,3.14,0.5,9.2,5.06
5.7,0.28,0.36,1.8,0.041,10.151177599697,38,90,0.99002,3.27,0.98,11.9,6.98
6.4,0.27,0.29,3.9,0.034,8.6773151778011,62,140,0.99237,3.1,0.59,11.1,5.92
5.9,0.22,0.29,4.2,0.037,11.8058884053528,69,144,0.99214,3.13,0.74,10.8,7.07
7.6,0.36,0.48,13.5,0.038,11.4368931382146,44,116,0.9982,3.04,0.48,9.2,4.98
7.6,0.35,0.47,13.3,0.037,10.151920840783,42,116,0.99822,3.04,0.5,9.2,5.26
5.7,0.18,0.26,2.2,0.023,8.12073807201227,21,95,0.9893,3.07,0.54,12.3,5.93
6.6,0.36,0.47,1.4,0.145,10.7703799492524,26,124,0.99274,3.09,0.56,10.1,6.23
5.9,0.14,0.2,1.6,0.04,11.5006888744665,26,114,0.99105,3.25,0.45,11.4,6.05
5.5,0.23,0.19,2.2,0.044,9.88403173051784,39,161,0.99209,3.19,0.43,10.4,6.02
6.7,0.11,0.26,14.8,0.053,11.1655369645036,44,95,0.99676,3.2,0.35,9.8,6.05
7,0.24,0.24,1.8,0.047,9.01545044753047,29,91,0.99251,3.3,0.43,9.9,5.86
6.7,0.11,0.26,14.8,0.053,9.35867574072648,44,95,0.99676,3.2,0.35,9.8,6.19
7.5,0.29,0.24,9.9,0.058,10.8513989198476,25,115,0.99567,3.15,0.46,10.9,4.99
6,0.33,0.26,5.1,0.051,10.2733718951423,16,119,0.99416,3.15,0.41,9.2,4.91
6,0.33,0.26,5.1,0.051,9.31723791670376,16,119,0.99416,3.15,0.41,9.2,4.89
5.8,0.3,0.23,1.5,0.034,9.12626109031191,37,121,0.98871,2.96,0.34,12.1,5.93
3.8,0.31,0.02,11.1,0.036,10.1105526874123,20,114,0.99248,3.75,0.44,12.4,6.03
6.2,0.36,0.22,5.25,0.038,9.7929110808024,44,145,0.99184,3.22,0.4,11.2,5.96
6.9,0.52,0.54,7.9,0.036,11.0706153190294,23,169,0.99267,3.26,0.47,12.2,5.9
5.8,0.2,0.16,1.4,0.042,11.728606923754,44,99,0.98912,3.23,0.37,12.2,6.09
6.2,0.36,0.22,5.25,0.038,9.30520219192988,44,145,0.99184,3.22,0.4,11.2,5.93
6,0.31,0.27,2.3,0.042,11.6901152501543,19,120,0.98952,3.32,0.41,12.7,6.89
6,0.29,0.27,2.3,0.044,8.86565869365426,20,117,0.9895,3.31,0.41,12.7,7.13
5.7,0.22,0.29,3.5,0.04,12.0925867525026,27,146,0.98999,3.17,0.36,12.1,6.1
7.1,0.46,0.23,13.7,0.045,11.0577732649167,44,192,0.9981,3.11,0.53,9.4,4.86
6.6,0.21,0.3,9.9,0.041,12.4713352321468,64,174,0.995,3.07,0.5,10.1,6.02
6.9,0.42,0.2,15.4,0.043,10.3829884204354,57,201,0.99848,3.08,0.54,9.4,4.8
5.7,0.22,0.2,16,0.044,9.95688073975171,41,113,0.99862,3.22,0.46,8.9,6.09
5.7,0.22,0.2,16,0.044,9.60156697649958,41,113,0.99862,3.22,0.46,8.9,5.8
5.7,0.22,0.2,16,0.044,11.1459413048639,41,113,0.99862,3.22,0.46,8.9,6.07
5.2,0.31,0.2,2.4,0.027,8.78736005103674,27,117,0.98886,3.56,0.45,13,6.89
5.6,0.18,0.29,2.3,0.04,9.1339820780323,5,47,0.99126,3.07,0.45,10.1,4.07
6.2,0.24,0.27,16.8,0.04,10.2321826370812,48,129,0.99691,3.23,0.38,10.5,5.93
5.7,0.26,0.24,17.8,0.059,12.0999699401531,23,124,0.99773,3.3,0.5,10.1,4.94
6,0.2,0.26,6.8,0.049,11.1166568373348,22,93,0.9928,3.15,0.42,11,5.88
6,0.2,0.26,6.8,0.049,9.34176911107572,22,93,0.9928,3.15,0.42,11,6.03
7.6,0.28,0.17,1.6,0.046,10.7754591794415,28,117,0.99288,3.08,0.43,10,5.01
6.6,0.26,0.27,11.8,0.048,10.9044688702788,28,112,0.99606,2.87,0.49,9.7,5.91
5.7,0.26,0.24,17.8,0.059,12.3945368388406,23,124,0.99773,3.3,0.5,10.1,5.18
7.2,0.21,0.36,15.7,0.045,10.0631095086327,68,183,0.99922,3.25,0.76,9.4,5.02
6.9,0.22,0.32,5.8,0.041,10.3480488858839,20,119,0.99296,3.17,0.55,11.2,6.15
7.2,0.21,0.36,15.7,0.045,9.09728180483033,68,183,0.99922,3.25,0.76,9.4,4.98
7.4,0.22,0.28,9,0.046,10.8959156939683,22,121,0.99468,3.1,0.55,10.8,4.91
7.2,0.21,0.36,15.7,0.045,10.1594416089071,68,183,0.99922,3.25,0.76,9.4,4.95
6.9,0.22,0.32,5.8,0.041,7.89474201316453,20,119,0.99296,3.17,0.55,11.2,6.01
7,0.2,0.35,8.8,0.037,9.42786102971797,31,103,0.99388,3.13,0.49,11,6.22
5.6,0.26,0,10.2,0.038,11.0111551156195,13,111,0.99315,3.44,0.46,12.4,5.97
6.3,0.28,0.3,6.6,0.208,9.37580542679368,60,154,0.99478,3.1,0.4,9.4,6.12
7.1,0.39,0.39,11.1,0.034,8.50278884885404,25,204,0.99616,3.05,0.52,10,5.9
6.9,0.26,0.29,4.2,0.043,10.7152475621889,33,114,0.9902,3.16,0.31,12.5,6.08
6.1,0.24,0.25,1.6,0.044,9.06632033229442,24,115,0.9921,3.39,0.59,10.9,6.01
5.9,0.25,0.24,7.4,0.044,9.98959885968986,21,113,0.99462,3.38,0.58,10.5,5.9
6.1,0.24,0.27,11.5,0.05,9.34465293262496,51,133,0.99476,3.22,0.37,10.8,6.1
6.5,0.22,0.27,1.6,0.039,9.29094449139698,36,116,0.99178,3.38,0.57,11,6.98
6.2,0.26,0.29,2,0.036,9.14152580518364,16,87,0.99081,3.33,0.61,11.8,5.91
6.6,0.34,0.25,4.8,0.038,11.2515293145769,16,121,0.99198,3.36,0.71,12.6,5.85
5.6,0.225,0.24,9.8,0.054,9.92993301868935,59,140,0.99545,3.17,0.39,10.2,6.22
7.1,0.23,0.28,1.9,0.046,12.1942331895427,33,103,0.98997,3.12,0.31,12,5.16
6.9,0.26,0.29,4.2,0.043,8.91879543519143,33,114,0.9902,3.16,0.31,12.5,6
6.4,0.27,0.3,1.6,0.04,10.5515861914778,19,86,0.99089,3.32,0.65,11.5,6.17
6.3,0.41,0.22,7.3,0.035,7.63817922093245,23,117,0.99172,3.2,0.39,11.94,7.03
6.7,0.41,0.24,5.4,0.035,8.50359071088815,33,115,0.9901,3.12,0.44,12.89333333,6.9
7.2,0.585,0.2,10.4,0.086,9.20954482194385,17,94,0.99681,3.13,0.4,9.4,5.05
6.7,0.34,0.26,1.9,0.038,12.121910089527,58,138,0.9893,3,0.47,12.2,6.97
6.3,0.41,0.22,7.3,0.035,9.15745625959691,23,117,0.99172,3.2,0.39,11.94,7.09
6.7,0.41,0.24,5.4,0.035,9.64991071924493,33,115,0.9901,3.12,0.44,12.89333333,6.96
6.4,0.26,0.35,7.7,0.056,9.79374115773641,45,191,0.99527,3.16,0.5,9.5,5.12
6.3,0.28,0.22,11.5,0.036,9.95815007018686,27,150,0.99445,3,0.33,10.6,6.09
7.4,0.16,0.33,1.2,0.042,8.11731896582622,47,121,0.99198,3.04,0.68,10.5,6.97
8.4,0.27,0.3,2.2,0.037,10.0456233593528,36,129,0.99085,2.89,0.3,11.46666667,6.07
5.9,0.2,0.28,1,0.043,9.94635241181136,45,100,0.99033,3.4,0.41,11.4,5.82
6.4,0.24,0.26,8.2,0.054,8.73860542383485,47,182,0.99538,3.12,0.5,9.5,4.94
7.4,0.38,0.34,8.3,0.052,9.58530526172087,44,168,0.99627,3.11,0.52,9.2,5.05
6.4,0.24,0.26,8.2,0.054,10.8531258366618,47,182,0.99538,3.12,0.5,9.5,4.92
6.4,0.42,0.19,9.3,0.043,8.58409254723085,28,145,0.99433,3.23,0.53,10.98,4.76
6.4,0.23,0.26,8.1,0.054,10.6274839114466,47,181,0.9954,3.12,0.49,9.4,4.97
6.4,0.24,0.26,8.2,0.054,9.35754929700206,47,182,0.99538,3.12,0.5,9.5,4.97
7.4,0.38,0.34,8.3,0.052,12.1072295210444,44,168,0.99627,3.11,0.52,9.2,4.94
7.3,0.19,0.27,13.9,0.057,9.74315938646725,45,155,0.99807,2.94,0.41,8.8,7.83
7.3,0.19,0.27,13.9,0.057,11.5355507692334,45,155,0.99807,2.94,0.41,8.8,8.04
7.3,0.19,0.27,13.9,0.057,11.4031747129657,45,155,0.99807,2.94,0.41,8.8,8.11
7.3,0.19,0.27,13.9,0.057,11.1842791444273,45,155,0.99807,2.94,0.41,8.8,8.04
7.3,0.19,0.27,13.9,0.057,10.3553141874271,45,155,0.99807,2.94,0.41,8.8,8.06
7.3,0.19,0.27,13.9,0.057,10.6430030942808,45,155,0.99807,2.94,0.41,8.8,8.02
6.8,0.24,0.29,2,0.044,9.64886692864187,15,96,0.99232,3.23,0.64,10.4,8.09
7.3,0.19,0.27,13.9,0.057,10.1369282478094,45,155,0.99807,2.94,0.41,8.8,8
7.4,0.27,0.52,15.7,0.054,10.1046869634727,36,139,0.99788,3.04,0.62,10.03333333,5.86
5.7,0.28,0.35,1.2,0.052,8.4826890945251,39,141,0.99108,3.44,0.69,11.3,5.98
5.8,0.22,0.25,1.5,0.024,11.4886451277379,21,109,0.99234,3.37,0.58,10.4,5.99
7.1,0.2,0.35,3.2,0.034,10.3406459444861,21,107,0.99195,3.11,0.54,11.1,5.93
6.7,0.27,0.69,1.2,0.176,10.5513856714848,36,106,0.99288,2.96,0.43,9.2,6.06
7.1,0.23,0.3,2.6,0.034,11.2214172624306,62,148,0.99121,3.03,0.56,11.3,6.97
7.6,0.31,0.52,13.2,0.042,9.84378690998861,61,148,0.99839,2.98,0.47,9.1,5.93
7.2,0.34,0.28,10.4,0.108,9.80849329845963,43,187,0.99738,2.96,0.57,9.4,4.98
7,0.36,0.25,5.7,0.015,12.1888524340877,14,73,0.98963,2.82,0.59,13.2,6.13
6.4,0.31,0.28,2.5,0.039,9.27503582973016,34,137,0.98946,3.22,0.38,12.7,6
7.3,0.28,0.35,1.6,0.054,9.51973515312571,31,148,0.99178,3.18,0.47,10.7,4.89
6.4,0.31,0.27,7.4,0.049,9.42530595284452,48,169,0.99323,3.27,0.45,11.1,6.03
6.4,0.31,0.28,2.5,0.039,9.21438529508689,34,137,0.98946,3.22,0.38,12.7,6.03
5.9,0.28,0.34,3.6,0.04,10.3232394066774,50,194,0.9912,3.31,0.52,11.6,6.03
7.2,0.34,0.2,5.8,0.062,8.98000061437823,52,203,0.99461,3.17,0.44,9.8,6.05
7.3,0.28,0.35,1.6,0.054,8.7948227749676,31,148,0.99178,3.18,0.47,10.7,4.88
6.5,0.2,0.33,1.5,0.039,10.1465803275925,36,110,0.99008,3.22,0.65,12,6.13
6.2,0.24,0.27,2.9,0.039,10.3105296183238,30,123,0.98959,3.12,0.37,12.8,5.95
7.1,0.31,0.25,11.2,0.048,8.85501382573219,32,136,0.99663,3.14,0.4,9.5,5.01
6.3,0.19,0.33,10.1,0.063,11.6685416052412,63,133,0.99561,2.86,0.41,9.1,4.89
5.9,0.29,0.28,3.2,0.035,9.92424000728802,16,117,0.98959,3.26,0.42,12.6,6
6.5,0.3,0.28,11.45,0.041,8.52672360406413,29,109,0.99418,2.98,0.3,10.9,6.06
6.4,0.29,0.21,9.65,0.041,8.51407182815987,36,119,0.99334,2.99,0.34,10.93333333,5.96
6.5,0.22,0.19,4.5,0.096,11.819341299739,16,115,0.9937,3.02,0.44,9.6,4.9
7.1,0.23,0.23,3.5,0.038,10.548328451138,23,112,0.99157,3.05,0.37,11.36666667,5.91
6.1,0.26,0.28,1.7,0.043,10.5632206786708,24,98,0.98918,3.14,0.44,12.5,6
6.4,0.35,0.21,2.1,0.051,8.7026570392038,46,171,0.9932,3.16,0.5,9.5,5.02
6,0.32,0.32,4.8,0.041,9.53274727605569,40,186,0.99235,3.22,0.54,11,6.02
6.5,0.315,0.2,6.6,0.041,7.80204328592344,9,126,0.99494,2.94,0.51,8.8,5.02
5.7,0.31,0.29,7.3,0.05,10.6156941781794,33,143,0.99332,3.31,0.5,11.06666667,5.86
6.4,0.3,0.27,5,0.058,9.33780280602347,27,151,0.99198,3.22,0.49,12.2,6.06
7,0.24,0.26,1.7,0.041,8.46107157266724,31,110,0.99142,3.2,0.53,11,6.13
6.5,0.13,0.27,2.6,0.035,9.08823500127993,32,76,0.9914,3.21,0.76,11.33333333,5.95
6.4,0.26,0.21,8.2,0.05,8.96322372270982,51,182,0.99542,3.23,0.48,9.5,4.98
6.4,0.26,0.21,8.2,0.05,10.8438794973278,51,182,0.99542,3.23,0.48,9.5,4.79
6,0.27,0.31,5,0.043,9.57081784371524,54,170,0.9924,3.28,0.52,11,5.81
7.1,0.21,0.33,1.2,0.039,8.3847835183215,34,97,0.99112,3.11,0.75,11.2,6.14
6.3,0.28,0.22,9.5,0.04,7.43813065145519,30,111,0.99338,3.05,0.31,10.8,4.06
6.2,0.25,0.44,15.8,0.057,10.3411127427108,39,167,0.99804,3.14,0.51,9.2,5.09
7.3,0.22,0.37,15.5,0.048,9.36181090547995,70,203,0.99899,3.25,0.77,9.4,4.98
6.2,0.25,0.44,15.8,0.057,9.94470285097259,39,167,0.99804,3.14,0.51,9.2,5.14
6.4,0.18,0.28,17.05,0.047,11.2761556570312,53,139,0.99724,3.25,0.35,10.5,6.11
6.3,0.2,0.26,12.7,0.046,9.60022507484032,60,143,0.99526,3.26,0.35,10.8,5.94
6.6,0.24,0.22,12.3,0.051,10.382427428989,35,146,0.99676,3.1,0.67,9.4,5.03
7.4,0.27,0.26,11.8,0.053,10.613269727233,55,173,0.99699,3.11,0.6,9.8,5.05
7.4,0.27,0.26,11.8,0.053,9.30003257768565,55,173,0.99699,3.11,0.6,9.8,4.86
7.4,0.27,0.26,11.8,0.053,10.3913269708996,55,173,0.99699,3.11,0.6,9.8,5.01
6.6,0.24,0.22,12.3,0.051,12.1908940732332,35,146,0.99676,3.1,0.67,9.4,5.04
7.4,0.27,0.26,11.8,0.053,8.20137210188955,55,173,0.99699,3.11,0.6,9.8,4.92
7.1,0.38,0.29,13.6,0.041,11.2077031776692,30,137,0.99461,3.02,0.96,12.1,6.04
6.8,0.43,0.26,5.2,0.043,8.7856051327542,40,176,0.99116,3.17,0.41,12.3,5.96
5.2,0.22,0.46,6.2,0.066,10.6393123552013,41,187,0.99362,3.19,0.42,9.733333333,5.05
5.9,0.29,0.16,7.9,0.044,10.0550548423845,48,197,0.99512,3.21,0.36,9.4,4.92
5.9,0.29,0.16,7.9,0.044,8.78259241896301,48,197,0.99512,3.21,0.36,9.4,4.95
6.3,0.19,0.32,2.8,0.046,9.91888406076944,18,80,0.99043,2.92,0.47,11.05,6.01
5.7,0.29,0.16,7.9,0.044,10.1732847043202,48,197,0.99512,3.21,0.36,9.4,4.83
5.7,0.24,0.47,6.3,0.069,10.3359237840083,35,182,0.99391,3.11,0.46,9.733333333,4.93
5.8,0.3,0.38,4.9,0.039,9.79200002813563,22,86,0.98963,3.23,0.58,13.1,6.93
7.1,0.27,0.27,10.4,0.041,10.0545853323155,26,114,0.99335,3.04,0.52,11.5,6.9
5.8,0.3,0.38,4.9,0.039,10.2627001352698,22,86,0.98963,3.23,0.58,13.1,7.03
7.1,0.27,0.27,10.4,0.041,11.0091947026322,26,114,0.99335,3.04,0.52,11.5,7.1
6.3,0.305,0.22,16,0.061,10.2184317646011,26,141,0.99824,3.08,0.5,9.1,4.97
5.7,0.24,0.47,6.3,0.069,9.54761543389985,35,182,0.99391,3.11,0.46,9.75,4.9
6.2,0.22,0.28,2.2,0.04,9.7244834474713,24,125,0.9917,3.19,0.48,10.5,6.13
6.6,0.22,0.23,17.3,0.047,9.62776853960085,37,118,0.99906,3.08,0.46,8.8,5.87
6.6,0.22,0.23,17.3,0.047,9.94887380914736,37,118,0.99906,3.08,0.46,8.8,6
6.6,0.22,0.23,17.3,0.047,11.0875979110261,37,118,0.99906,3.08,0.46,8.8,5.98
6.6,0.22,0.23,17.3,0.047,8.34587699447537,37,118,0.99906,3.08,0.46,8.8,6.07
6.2,0.22,0.28,2.2,0.04,10.5396097015535,24,125,0.9917,3.19,0.48,10.5,6
6.2,0.22,0.28,2.2,0.04,9.0271227035491,24,125,0.9917,3.19,0.48,10.5,6.09
6.1,0.22,0.5,6.6,0.045,8.67821210120519,30,122,0.99415,3.22,0.49,9.9,6.06
6.2,0.21,0.52,6.5,0.047,10.686004120869,28,123,0.99418,3.22,0.49,9.9,5.92
6.3,0.32,0.26,12.3,0.044,8.88546435658288,24,205,0.99611,3.11,0.58,9.9,5.09
6.9,0.44,0.27,5,0.038,10.7041356574043,33,166,0.99124,3.2,0.42,12.2,5.99
6.1,0.31,0.34,2.8,0.042,8.51079816018793,59.5,162,0.99179,3.27,0.47,10.8,5.99
6.6,0.38,0.28,2.8,0.043,10.7676720545094,17,67,0.98924,3.21,0.47,13.2,6.1
6.9,0.56,0.26,10.9,0.06,10.343645059803,55,193,0.9969,3.21,0.44,9.4,5.06
7.2,0.24,0.24,1.7,0.045,9.50774347849332,18,161,0.99196,3.25,0.53,11.2,5.95
6.5,0.29,0.3,9.15,0.051,8.62110011565398,25,166,0.99339,3.24,0.56,11.33333333,6.01
6.7,0.28,0.28,4.5,0.051,10.8077322861675,14,92,0.99224,3.36,0.58,11.9,6.03
6.5,0.29,0.3,9.15,0.051,10.3291988454423,25,166,0.99339,3.24,0.56,11.35,6.13
7.2,0.47,0.16,5.9,0.048,10.7425561675467,14,125,0.99428,3.09,0.49,9.8,5.04
6.7,0.34,0.31,16.4,0.051,9.37299803969375,20,146,0.99834,3.06,0.54,9.1,4.94
6.6,0.27,0.25,1.2,0.033,8.66022119630385,36,111,0.98918,3.16,0.37,12.4,5.99
6.7,0.34,0.31,16.4,0.051,10.4110520840343,20,146,0.99834,3.06,0.54,9.1,5.05
7.2,0.47,0.16,5.9,0.048,8.65316190078481,14,125,0.99428,3.09,0.49,9.8,4.81
5,0.35,0.25,7.8,0.031,9.22187827718866,24,116,0.99241,3.39,0.4,11.3,6.1
5,0.35,0.25,7.8,0.031,11.5137351401641,24,116,0.99241,3.39,0.4,11.3,5.98
4.4,0.46,0.1,2.8,0.024,10.4015306042199,31,111,0.98816,3.48,0.34,13.1,5.96
6.6,0.38,0.29,2.9,0.035,11.5277251042335,15,101,0.98916,3.04,0.37,12.5,5.86
7.3,0.3,0.25,2.5,0.045,9.73506432323145,32,122,0.99329,3.18,0.54,10.3,5.01
6.4,0.28,0.22,12.8,0.039,7.98429120839787,51,150,0.99535,3.23,0.43,10.7,6.09
6.9,0.29,0.25,12.2,0.04,8.91560834124135,29,136,0.99552,3.05,0.65,10.4,6.12
6.3,0.39,0.22,2.8,0.048,11.1239960280284,53,173,0.99304,3.24,0.45,9.8,4.98
6.6,0.38,0.29,2.9,0.035,7.92475714350677,15,101,0.98916,3.04,0.37,12.5,5.97
6.6,0.18,0.26,17.3,0.051,10.9027874464592,17,149,0.9984,3,0.43,9.4,6.05
6,0.28,0.29,19.3,0.051,10.4499648522017,36,174,0.99911,3.14,0.5,9,5.13
6,0.28,0.29,19.3,0.051,11.3195037670861,36,174,0.99911,3.14,0.5,9,4.93
6,0.28,0.29,19.3,0.051,9.92821098814347,36,174,0.99911,3.14,0.5,9,5.06
6.6,0.35,0.26,2.7,0.045,11.393616199315,19,129,0.98952,3.24,0.48,13,6.89
7.1,0.42,0.2,2.8,0.038,8.1596194609608,28,109,0.98968,3.23,0.47,13.4,5.81
6.7,0.32,0.32,1.7,0.031,11.187066576212,31,114,0.98946,3.12,0.35,12.5,5.99
6.6,0.26,0.56,15.4,0.053,11.7857760083435,32,141,0.9981,3.11,0.49,9.3,5.03
6.6,0.26,0.56,15.4,0.053,10.79867697321,32,141,0.9981,3.11,0.49,9.3,4.87
6.2,0.32,0.24,4.1,0.051,8.18920545771891,34,149,0.99306,3.36,0.52,11,5.23
6.3,0.25,0.27,6.6,0.054,8.6456185949774,40,158,0.99378,3.2,0.48,10.3,5.01
6.4,0.23,0.27,2.1,0.042,10.3813685223668,35,100,0.99094,3.03,0.63,10.9,5.89
6.2,0.2,0.28,1.1,0.039,9.30835180286234,24,78,0.9899,3.36,0.47,12.1,6.09
7,0.28,0.28,1.4,0.039,8.04363687890135,12,83,0.99173,3.18,0.65,11.1,4.96
7.1,0.36,0.2,1.6,0.271,8.89472944558084,24,140,0.99356,3.11,0.63,9.8,5.17
5.7,0.25,0.22,9.8,0.049,9.43082897520178,50,125,0.99571,3.2,0.45,10.1,5.87
5.7,0.22,0.33,1.9,0.036,8.93116582390626,37,110,0.98945,3.26,0.58,12.4,5.99
6,0.2,0.38,1.3,0.034,10.7523635952213,37,104,0.98865,3.11,0.52,12.7,5.83
6.4,0.32,0.26,7.9,0.05,9.26293449218043,53,180,0.99514,3.14,0.5,9.6,4.97
6.4,0.32,0.26,7.9,0.05,10.0351030304712,53,180,0.99514,3.14,0.5,9.6,5.13
6,0.555,0.26,4.5,0.053,11.4188317954373,17,126,0.9943,3.24,0.46,9.1,4.98
5.9,0.22,0.45,22.6,0.12,10.0813166919799,55,122,0.99636,3.1,0.35,12.8,5.09
6.4,0.32,0.26,7.9,0.05,9.9070607783232,53,180,0.99514,3.14,0.5,9.6,5.09
6.2,0.3,0.33,3.5,0.037,9.96142483440717,37,155,0.98987,3.18,0.37,12.4,6.05
5.8,0.28,0.18,1.2,0.058,9.98188667633679,7,108,0.99288,3.23,0.58,9.55,3.96
5.8,0.555,0.26,4.5,0.053,9.34461583112464,17,126,0.9943,3.24,0.46,9.1,5.04
6.4,0.13,0.28,0.9,0.045,9.30653986738864,32,87,0.99175,3.47,0.52,11.2,6.02
6.7,0.48,0.49,2.9,0.03,9.75958660548957,28,122,0.98926,3.13,0.4,13,5.84
6.7,0.48,0.49,2.9,0.03,9.52523582168803,28,122,0.98926,3.13,0.4,13,6.01
6.1,0.28,0.23,4.2,0.038,9.04684916023763,13,95,0.98898,2.97,0.7,13.1,6.17
6,0.19,0.37,9.7,0.032,9.70732112229867,17,50,0.9932,3.08,0.66,12,5.99
6.8,0.31,0.25,10.5,0.043,10.5545870849517,30,165,0.9972,3.36,0.55,10.55,6.1
7.5,0.24,0.29,1.1,0.046,11.1741293313391,34,84,0.9902,3.04,0.39,11.45,6.04
6.8,0.23,0.39,16.1,0.053,11.9284882666004,71,194,0.9988,3.18,0.64,10.2,6.14
7.5,0.24,0.29,1.1,0.046,9.05409499301806,34,84,0.9902,3.04,0.39,11.45,6.03
6.3,0.29,0.3,8.1,0.212,10.6410002468306,60,150,0.9958,3.1,0.4,9.3,4.91
6.8,0.2,0.25,6.2,0.052,9.17627044921645,22,106,0.9935,3.09,0.54,10.8,4.95
7.8,0.27,0.33,2.4,0.053,11.3842283611555,36,175,0.992,3.2,0.55,11,6.16
6.6,0.54,0.21,16.3,0.055,11.1513658834545,41,182,0.9986,3.35,0.54,10.4,5.93
6.5,0.32,0.23,8.5,0.051,10.7251394807496,20,138,0.9943,3.03,0.42,10.7,4.79
6.4,0.28,0.23,6,0.051,9.58342204904801,50,162,0.994,3.15,0.52,10.2,5.05
6.6,0.19,0.28,1.1,0.044,8.75198985405928,38,100,0.9904,3.22,0.69,11.2,6.16
5.1,0.305,0.13,1.75,0.036,9.81012100787976,17,73,0.99,3.4,0.51,12.33333333,5.12
5.8,0.26,0.3,2.6,0.034,9.05246894210174,75,129,0.9902,3.2,0.38,11.5,4.19
6.7,0.23,0.17,1.3,0.061,9.1346889170914,14,100,0.9925,3.07,0.55,9.5,4.95
6.1,0.27,0.32,1.1,0.034,10.3348210033719,24,110,0.9898,3.36,0.4,12.5,5.87
6.1,0.27,0.32,1.1,0.034,11.1400079896255,24,110,0.9898,3.36,0.4,12.5,5.96
6.8,0.4,0.29,2.8,0.044,10.2217833883254,27,97,0.9904,3.12,0.42,11.2,5.99
6.1,0.4,0.18,9,0.051,11.1472395717461,28.5,259,0.9964,3.19,0.5,8.8,4.9
7.1,0.28,0.26,2.8,0.039,12.0331922373166,50,118,0.9908,3.06,0.59,11.2,6.04
6.8,0.17,0.17,5.1,0.049,11.0194939999456,26,82,0.993,3,0.38,9.8,5.97
9,0.2,0.33,3.5,0.049,10.386984903958,10,40,0.9944,3.14,0.36,9.8,6.03
5.8,0.31,0.31,7.5,0.052,10.7590103890989,55,230,0.9949,3.19,0.46,9.8,5.02
6.3,0.36,0.2,2,0.048,9.86631860370655,48,191,0.9929,3.17,0.51,9.6,4.89
9,0.2,0.33,3.5,0.049,11.3017052426539,10,40,0.9944,3.14,0.36,9.8,6.01
6.7,0.18,0.25,14.3,0.048,10.1422904537927,79,149,0.9975,3.12,0.37,9.7,4.88
6.6,0.16,0.25,9.8,0.049,11.8236357018764,59.5,137,0.995,3.16,0.38,10,6.04
5.8,0.13,0.22,12.7,0.058,10.5694369675576,24,183,0.9956,3.32,0.42,11.7,5.78
5.8,0.27,0.22,12.7,0.058,11.063833751885,42,206,0.9946,3.32,0.38,12.3,6.27
6.8,0.17,0.17,5.1,0.049,10.0326028669301,26,82,0.993,3,0.38,9.8,6.03
6.4,0.37,0.19,3.5,0.068,10.0577902326535,18,101,0.9934,3.03,0.38,9,5.85
7.3,0.26,0.53,12.7,0.047,10.1401331830016,60.5,164.5,0.9984,3.06,0.45,9.1,6
7.3,0.28,0.54,12.9,0.049,9.93684332605848,62,162.5,0.9984,3.06,0.45,9.1,5.76
7.3,0.28,0.54,12.9,0.049,11.5130824151337,62,162.5,0.9984,3.06,0.45,9.1,6.03
5.8,0.12,0.21,1.3,0.056,9.733330853085,35,121,0.9908,3.32,0.33,11.4,5.77
6.1,0.25,0.18,10.5,0.049,9.9607558938094,41,124,0.9963,3.14,0.35,10.5,4.96
6.4,0.24,0.27,1.5,0.04,10.5422626420324,35,105,0.98914,3.13,0.3,12.4,5.99
7.3,0.26,0.53,12.7,0.047,8.93275113014373,60.5,156,0.9984,3.06,0.45,9.1,5.96
7.3,0.28,0.54,12.9,0.049,10.0738880578116,62,152,0.9984,3.06,0.45,9.1,5.92
8.3,0.18,0.37,1.2,0.049,8.64555840862138,6,94,0.9937,3.18,0.52,10.1,5.07
7.1,0.09,0.3,6.2,0.032,10.1107287501971,24,134,0.993,2.99,0.39,10.9,6.08
8.3,0.14,0.36,8.8,0.026,12.9240248929316,13,60,0.9956,3.13,0.35,11.05,4.84
5.8,0.28,0.3,3.9,0.026,9.20016139728402,36,105,0.98963,3.26,0.58,12.75,5.99
6,0.23,0.34,1.3,0.025,10.3212606312281,23,111,0.98961,3.36,0.37,12.7,5.88
5.8,0.28,0.3,3.9,0.026,9.10580378814185,36,105,0.98963,3.26,0.58,12.75,5.84
6.5,0.2,0.31,2.1,0.033,9.07229881137753,32,95,0.989435,2.96,0.61,12,5.94
6.4,0.46,0.22,14.7,0.047,9.33490276717995,51,183,0.998275,3.39,0.6,10.5,5.14
6.9,0.28,0.37,9.1,0.037,8.39823327372786,16,76,0.9948,3.05,0.54,11.1,5.01
6.8,0.23,0.33,1.9,0.047,10.5091331526387,20,101,0.9914,3.1,0.46,11.1,5.92
7,0.23,0.32,1.8,0.048,9.62193601779769,25,113,0.9915,3.11,0.47,11.1,6.09
6.4,0.55,0.26,9.6,0.027,9.18674589875702,20,104,0.9924,3.22,0.73,13.1,5.94
5.7,0.28,0.3,3.9,0.026,11.6087801305757,36,105,0.98963,3.26,0.58,12.75,6.14
6,0.23,0.34,1.3,0.025,11.768496560375,23,111,0.98961,3.36,0.37,12.7,6.12
6.8,0.45,0.3,11.8,0.094,8.53294921568257,23,97,0.997,3.09,0.44,9.6,5.04
6.1,0.2,0.4,1.9,0.028,10.6686247770359,32,138,0.9914,3.26,0.72,11.7,5.03
5.9,0.21,0.23,7.9,0.033,12.893442903555,22,130,0.9944,3.38,0.59,10.9,5.82
6.9,0.22,0.32,9.3,0.04,10.2599091192448,22,110,0.9958,3.34,0.54,10.7,7.13
5.4,0.27,0.22,4.6,0.022,9.23179498480053,29,107,0.98889,3.33,0.54,13.8,6.01
6,0.26,0.26,2.2,0.035,10.6839532306845,10,72,0.989465,3.11,0.48,12.15,5.92
5.6,0.18,0.3,10.2,0.028,12.3865957257437,28,131,0.9954,3.49,0.42,10.8,6.95
5.6,0.26,0.27,10.6,0.03,8.05705648014381,27,119,0.9947,3.4,0.34,10.7,6.9
7,0.23,0.35,1.4,0.036,10.1146136441344,31,113,0.9912,3.16,0.48,10.8,7
5.8,0.28,0.66,9.1,0.039,10.8113795224243,26,159,0.9965,3.66,0.55,10.8,4.92
8.6,0.36,0.26,11.1,0.03,10.5100152690086,43.5,171,0.9948,3.03,0.49,12,4.72
5.8,0.28,0.66,9.1,0.039,9.19517477982466,26,159,0.9965,3.66,0.55,10.8,4.98
6.4,0.3,0.27,4.4,0.055,9.67273976937929,17,135,0.9925,3.23,0.44,12.2,5.82
6.2,0.2,0.32,2.8,0.05,10.923161995855,17,126,0.9936,3.18,0.55,9.4,5.98
5.8,0.29,0.15,1.1,0.029,9.66179472372214,12,83,0.9898,3.3,0.4,11.4,5.91
5.7,0.22,0.28,1.3,0.027,11.0368636469605,26,101,0.98948,3.35,0.38,12.5,7.06
5.6,0.22,0.32,1.2,0.024,8.40229178670861,29,97,0.98823,3.2,0.46,13.05,7
6.8,0.32,0.23,3.3,0.026,10.9561437072753,31,99,0.9896,3.1,0.4,12.4,6.14
6.2,0.2,0.26,9.7,0.03,9.92087950414134,39,102,0.9908,3.08,0.56,12.9,6.99
6.1,0.35,0.24,2.3,0.034,11.8474268959149,25,133,0.9906,3.34,0.59,12,6.82
5.9,0.3,0.29,1.1,0.036,11.8929132198612,23,56,0.9904,3.19,0.38,11.3,5
4.8,0.13,0.32,1.2,0.042,10.2306325843781,40,98,0.9898,3.42,0.64,11.8,6.98
6,0.2,0.26,14.7,0.045,9.91262341591534,53,125,0.998365,2.99,0.69,9.4,6.05
5.7,0.2,0.24,13.8,0.047,9.42534208073915,44,112,0.99837,2.97,0.66,8.8,6
6,0.27,0.26,1.3,0.038,9.76916994249803,32,138,0.99125,3.46,0.43,11.1,6.03
6.3,0.37,0.51,6.3,0.048,9.59025605282926,35,146,0.9943,3.1,1.01,10.5,6.05
6.4,0.23,0.37,7.9,0.05,9.64828999306534,60,150,0.99488,2.86,0.49,9.3,5.97
5.9,0.34,0.25,2,0.042,10.6109005315315,12,110,0.99034,3.02,0.54,11.4,5.91
5,0.33,0.23,11.8,0.03,10.1294778437463,23,158,0.99322,3.41,0.64,11.8,5.84
5.4,0.29,0.38,1.2,0.029,10.2023631701766,31,132,0.98895,3.28,0.36,12.4,5.93
8,0.33,0.35,10,0.035,9.39627507763113,22,108,0.99457,3.12,0.36,11.6,6.06
6.4,0.3,0.33,5.2,0.05,8.34007934468973,30,137,0.99304,3.26,0.58,11.1,5.19
6.4,0.33,0.3,7.2,0.041,8.61750697323171,42,168,0.99331,3.22,0.49,11.1,5.85
7,0.33,0.78,9.9,0.042,11.0300348732197,21,251,0.99435,3.01,0.55,11,6.06
6.7,0.45,0.3,5.3,0.036,11.3267233950507,27,165,0.99122,3.12,0.46,12.2,5.88
6.5,0.36,0.31,13.55,0.053,9.15825530905836,20,113,0.99544,3.2,0.56,11,5.98
5.8,0.42,0.3,2.2,0.035,10.2118871209364,26,129,0.989,3.32,0.47,12.9,6.04
6.7,0.53,0.29,4.3,0.069,8.97822161059487,20,114,0.99014,3.22,0.59,13.4,6.02
6.7,0.66,0,13,0.033,11.5667389350919,32,75,0.99551,3.15,0.5,10.7,5.97
6.5,0.36,0.31,13.55,0.053,10.129545107184,20,113,0.99544,3.2,0.56,11,5.92
6.5,0.16,0.33,1,0.027,8.53214733987213,23,75,0.9908,3.3,0.39,11.4,7.1
6.9,0.23,0.35,6.9,0.03,10.3315011715727,45,116,0.99244,2.8,0.54,11,5.86
6.4,0.17,0.34,13.4,0.044,10.218503940889,45,139,0.99752,3.06,0.43,9.1,6.01
6.8,0.38,0.29,9.9,0.037,10.5271415765439,40,146,0.99326,3.11,0.37,11.5,6.01
6.5,0.29,0.32,3,0.036,7.7380909867419,38,93,0.9906,3.16,0.59,12,6.11
6.9,0.29,0.32,5.8,0.04,10.034467427633,16,112,0.993,3.04,0.58,11.2,5.01
6.6,0.28,0.3,12.9,0.033,11.3505458891576,31,177,0.99479,3.12,0.39,11.2,6.01
6.2,0.36,0.27,3.2,0.032,9.46114053441964,13,73,0.98942,2.9,0.69,12.6,6.94
6,0.615,0.04,0.8,0.032,10.3729039497449,8,50,0.99036,3.14,0.4,11,4.08
5.9,0.44,0.36,2.5,0.03,9.36126353418697,12,73,0.99201,3.22,0.48,10.8,6
5.9,0.42,0.36,2.4,0.034,10.6904758393961,19,77,0.99184,3.25,0.48,10.9,5.16
5.8,0.34,0.21,7.2,0.041,11.0201595822958,48,146,0.99441,3.16,0.49,9.8,4.97
5.8,0.27,0.2,7.3,0.04,9.69344112448455,42,145,0.99442,3.15,0.48,9.8,5.13
7.1,0.33,0.18,6.3,0.094,7.77089179932539,27,166,0.99474,2.9,0.49,9.5,4.88
6.1,0.44,0.28,4.25,0.032,9.36623992909515,43,132,0.9916,3.26,0.47,11.26666667,6.92
7.3,0.28,0.37,1.2,0.039,10.6175941624632,26,99,0.99198,3.01,0.62,10.8,5.03
5.2,0.5,0.18,2,0.036,9.62325213069848,23,129,0.98949,3.36,0.77,13.4,6.85
6.1,0.44,0.28,4.25,0.032,10.9143505063233,43,132,0.9916,3.26,0.47,11.3,7.12
6.4,0.62,0.12,4.7,0.06,8.99798217196527,33,196,0.99556,3.22,0.48,8.9,4.98
6.4,0.38,0.19,4.5,0.038,10.1945942873638,36,119,0.99151,3.07,0.42,11.2,5.97
7.5,0.305,0.38,1.4,0.047,10.855107938167,30,95,0.99158,3.22,0.52,11.5,7.05
6.5,0.5,0.22,4.1,0.036,8.99502124744558,35,131,0.9902,3.26,0.55,13,6.96
6.6,0.4,0.3,5.3,0.038,7.52624854071036,20,125,0.99204,3.36,0.73,12.6,6.06
6.4,0.4,0.25,4.2,0.032,8.96765602546826,15,91,0.98988,3.26,0.52,13.1,6.04
8.3,0.49,0.23,6.65,0.034,10.7138036924392,6,158,0.99344,3.05,0.48,11.2,5.06
6.3,0.3,0.91,8.2,0.034,10.4350840966511,50,199,0.99394,3.39,0.49,11.7,6.07
6.1,0.19,0.37,2.6,0.041,11.2580363551812,24,99,0.99153,3.18,0.5,10.9,5.9
6.1,0.19,0.37,2.6,0.041,10.067870425737,24,99,0.99153,3.18,0.5,10.9,6.15
5.6,0.24,0.34,2,0.041,8.54512258007944,14,73,0.98981,3.04,0.45,11.6,7.01
5.7,0.25,0.32,12.2,0.041,8.6073939839658,43,127,0.99524,3.23,0.53,10.4,6.97
6.6,0.21,0.39,2.3,0.041,9.6165621242824,31,102,0.99221,3.22,0.58,10.9,7.01
6.3,0.3,0.91,8.2,0.034,11.0528975486024,50,199,0.99394,3.39,0.49,11.7,5.84
6.2,0.28,0.41,5,0.043,9.74631222032695,50,188,0.99318,3.23,0.64,10.8,5.98
5.8,0.29,0.38,10.7,0.038,9.59877323425008,49,136,0.99366,3.11,0.59,11.2,5.95
5.8,0.345,0.15,10.8,0.033,10.337785622559,26,120,0.99494,3.25,0.49,10,6.25
6.5,0.51,0.25,1.7,0.048,8.0768621334984,39,177,0.99212,3.28,0.57,10.56666667,5.17
6,0.24,0.41,1.3,0.036,10.751176114797,42,118,0.99018,3.04,0.64,11.73333333,6.04
6.5,0.51,0.25,1.7,0.048,7.73705887971537,39,177,0.99212,3.28,0.57,10.6,4.96
6.9,0.54,0.26,12.7,0.049,11.4396485549061,59,195,0.99596,3.26,0.54,10.5,6.08
6,0.24,0.41,1.3,0.036,10.8077566275705,42,118,0.99018,3.04,0.64,11.75,5.99
6.6,0.26,0.36,1.2,0.035,8.78976814829806,43,126,0.99094,3.01,0.63,11.4,6.03
5.7,0.24,0.3,1.3,0.03,8.1689270816845,25,98,0.98968,3.37,0.43,12.4,6.88
6.5,0.21,0.35,5.7,0.043,11.6430420994701,47,197,0.99392,3.24,0.5,10.1,6.25
6.8,0.29,0.22,3.4,0.035,10.79237533458,40,122,0.99024,3.09,0.47,12.3,6.15
5,0.24,0.34,1.1,0.034,9.24243116213215,49,158,0.98774,3.32,0.32,13.1,7.02
5.9,0.18,0.28,1,0.037,9.45399459846731,24,88,0.99094,3.29,0.55,10.65,7
5.8,0.26,0.29,1,0.042,9.39810950559878,35,101,0.99044,3.36,0.48,11.4,6.91
6.7,0.61,0.21,1.65,0.117,10.4102317253317,40,240,0.9938,3.11,0.57,9.3,5
5.7,0.695,0.06,6.8,0.042,10.39222304995,9,84,0.99432,3.44,0.44,10.2,4.99
5.6,0.695,0.06,6.8,0.042,10.5453011900858,9,84,0.99432,3.44,0.44,10.2,5
5.7,0.39,0.25,4.9,0.033,9.2788036214918,49,113,0.98966,3.26,0.58,13.1,7.05
6.1,0.38,0.47,1.4,0.051,11.2432852299111,59,210,0.99309,3.24,0.5,9.6,5.05
6.3,0.36,0.28,2.5,0.035,10.5696443788306,18,73,0.98868,3.1,0.47,12.8,7.2
6,0.29,0.41,10.8,0.048,10.7757235089858,55,149,0.9937,3.09,0.59,10.96666667,7.04
6,0.29,0.41,10.8,0.048,8.70650693987414,55,149,0.9937,3.09,0.59,10.96666667,7.03
6,0.29,0.41,10.8,0.048,8.23596590015893,55,149,0.9937,3.09,0.59,10.96666667,6.96
6,0.29,0.41,10.8,0.048,9.12706697763199,55,149,0.9937,3.09,0.59,11,7.02
7.1,0.43,0.25,2.8,0.036,10.5127605462689,43,132,0.98975,3.21,0.47,13.4,5.9
6.6,0.25,0.25,1.3,0.04,10.0187095012308,28,85,0.98984,2.87,0.48,11.2,5.94
8,0.23,0.41,1.1,0.048,10.2121785306974,35,150,0.99168,3.09,0.47,11.2,4.95
7.3,0.17,0.36,8.2,0.028,10.4184586430404,44,111,0.99272,3.14,0.41,12.4,6.01
6,0.17,0.33,6,0.036,11.0283682923797,30,111,0.99362,3.32,0.58,10.13333333,6.96
6.1,0.16,0.34,6.1,0.034,11.0061136528446,31,114,0.99365,3.32,0.58,10.13333333,7.01
7.3,0.17,0.36,8.2,0.028,9.31321802238336,44,111,0.99272,3.14,0.41,12.4,5.93
6.4,0.31,0.53,8.8,0.057,9.80091409294884,36,221,0.99642,3.17,0.44,9.1,5.09
6.1,0.16,0.34,6.1,0.034,9.93408484881722,31,114,0.99365,3.32,0.58,10.15,7.02
6,0.17,0.33,6,0.036,8.48777990284729,30,111,0.99362,3.32,0.58,10.15,7.02
5.9,0.44,0.33,1.2,0.049,10.2061818351554,12,117,0.99134,3.46,0.44,11.5,4.9
6.6,0.285,0.49,11.4,0.035,8.56341880775845,57,137,0.99732,3.08,0.54,8.9,6.05
4.9,0.335,0.14,1.3,0.036,11.2329418891175,69,168,0.99212,3.47,0.46,10.46666667,4.97
4.9,0.335,0.14,1.3,0.036,9.0220995227794,69,168,0.99212,3.47,0.46,10.46666667,5.23
6,0.28,0.52,6.2,0.028,8.17053675166149,37,104,0.99161,3.28,0.51,11.8,7.2
5.8,0.35,0.29,3.2,0.034,9.51557533569306,41,151,0.9912,3.35,0.58,11.63333333,7.03
5.7,0.21,0.37,4.5,0.04,8.99513368882942,58,140,0.99332,3.29,0.62,10.6,5.89
6,0.28,0.52,6.2,0.028,8.71252858120054,37,104,0.99161,3.28,0.51,11.8,7.06
6.6,0.285,0.49,11.4,0.035,11.6978774999445,57,137,0.99732,3.08,0.54,8.9,5.94
4.7,0.335,0.14,1.3,0.036,10.0627256289098,69,168,0.99212,3.47,0.46,10.5,5.15
6.8,0.63,0.04,1.3,0.058,12.1597470847998,25,133,0.99271,3.17,0.39,10.2,3.96
5.6,0.27,0.37,0.9,0.025,11.1434527887976,11,49,0.98845,3.29,0.33,13.1,5.9
6.8,0.32,0.33,0.7,0.027,10.0390010277377,15,66,0.9899,3.11,0.31,11.8,6.09
6.5,0.33,0.32,1,0.041,10.3410140641527,39,120,0.99004,3.06,0.37,12.2,6.03
6,0.24,0.34,1,0.036,8.84706074682705,52,184,0.99097,3.44,0.44,11.45,5.87
7.2,0.26,0.32,10.4,0.062,9.88671194339191,23,114,0.9966,3.23,0.49,10.5,4.94
6.8,0.63,0.04,1.3,0.058,12.0510998663605,25,133,0.99271,3.17,0.39,10.2,3.93
6.7,0.16,0.32,12.5,0.035,10.3695614393982,18,156,0.99666,2.88,0.36,9,5.91
6.7,0.16,0.32,12.5,0.035,8.40738425365088,18,156,0.99666,2.88,0.36,9,6.08
6.7,0.16,0.32,12.5,0.035,9.48159411523195,18,156,0.99666,2.88,0.36,9,5.99
6.7,0.16,0.32,12.5,0.035,9.58352399017488,18,156,0.99666,2.88,0.36,9,6.22
6.9,0.19,0.31,19.25,0.043,10.280964508839,38,167,0.99954,2.93,0.52,9.1,7.06
6,0.36,0.32,1.1,0.053,9.35587066222467,26,173,0.99414,3.38,0.54,8.8,5.13
6.7,0.35,0.32,9,0.032,8.50039043944141,29,113,0.99188,3.13,0.65,12.9,7.02
6.1,0.15,0.4,1.2,0.03,9.21852286668699,19,84,0.98926,3.19,0.96,13,6.15
6.7,0.35,0.32,9,0.032,8.76206683134403,29,113,0.99188,3.13,0.65,12.9,7.02
7,0.27,0.74,1.3,0.173,9.44546974320643,34,121,0.99334,3.04,0.46,9.2,5.94
6.8,0.3,0.33,12.8,0.041,8.39821333402537,60,168,0.99659,3.1,0.56,9.8,5.06
6.4,0.69,0.09,7.6,0.044,9.32070169601351,34,144,0.9948,3.26,0.38,10.1,6.06
5.9,0.12,0.28,1.4,0.037,11.8679292339141,36,83,0.99074,3.33,0.42,10.9,7.12
6.3,0.36,0.5,8.3,0.053,11.2440049413159,51,202,0.9955,3.2,0.51,9.6,5.99
5.7,0.27,0.16,9,0.053,9.85040340944194,32,111,0.99474,3.36,0.37,10.4,5.98
6.1,0.22,0.4,1.85,0.031,10.155030301747,25,111,0.98966,3.03,0.3,11.8,7.16
5.6,0.205,0.16,12.55,0.051,12.6199686520986,31,115,0.99564,3.4,0.38,10.8,6.04
7.2,0.33,0.28,1.4,0.034,9.97661927578428,26,109,0.99246,3.28,0.57,10.6,5.94
5.9,0.21,0.31,1.8,0.033,10.9759776992802,45,142,0.98984,3.35,0.5,12.7,5.99
5.7,0.27,0.16,9,0.053,10.5610980701039,32,111,0.99474,3.36,0.37,10.4,5.84
6.4,0.28,0.28,3,0.04,9.54396790325981,19,98,0.99216,3.25,0.47,11.1,6.1
6.1,0.22,0.4,1.85,0.031,8.64500834672571,25,111,0.98966,3.03,0.3,11.8,6.83
6.7,0.15,0.32,7.9,0.034,11.0278744897899,17,81,0.99512,3.29,0.31,10,6.07
5.5,0.315,0.38,2.6,0.033,10.6866954249695,10,69,0.9909,3.12,0.59,10.8,5.83
4.8,0.225,0.38,1.2,0.074,12.2264548898191,47,130,0.99132,3.31,0.4,10.3,5.81
6.6,0.27,0.32,1.3,0.044,10.5695581073552,18,93,0.99044,3.11,0.56,12.25,5.12
6.1,0.32,0.33,10.7,0.036,9.34371381903886,27,98,0.99521,3.34,0.52,10.2,6.1
6,0.25,0.28,7.7,0.053,10.8101786098836,37,132,0.99489,3.06,0.5,9.4,5.85
6.4,0.42,0.46,8.4,0.05,11.0910968983865,58,180,0.99495,3.18,0.46,9.7,6.06
6.1,0.32,0.33,10.7,0.036,10.9869157465868,27,98,0.99521,3.34,0.52,10.2,6.01
6.9,0.31,0.33,12.7,0.038,9.70084450019551,33,116,0.9954,3.04,0.65,10.4,6.03
7.2,0.21,0.31,10.5,0.035,9.54420782708295,36,122,0.99478,3.12,0.4,10.6,6.13
6.8,0.32,0.43,1.6,0.05,10.0445787561622,4,65,0.99346,3.27,0.47,10.7,5.02
7.9,0.3,0.6,1.85,0.048,10.6797798679083,13,106,0.99331,3.24,0.49,11.85,5.08
5.3,0.31,0.38,10.5,0.031,7.85209061697886,53,140,0.99321,3.34,0.46,11.7,5.98
5.2,0.185,0.22,1,0.03,9.2668117229768,47,123,0.99218,3.55,0.44,10.15,5.76
5.5,0.16,0.31,1.2,0.026,9.76762030978545,31,68,0.9898,3.33,0.44,11.63333333,6.13
6,0.17,0.36,1.7,0.042,10.8711445903453,14,61,0.99144,3.22,0.54,10.8,6.19
6,0.16,0.36,1.6,0.042,11.1245343735536,13,61,0.99143,3.22,0.54,10.8,6.16
6.1,0.24,0.32,9,0.031,9.87996466005652,41,134,0.99234,3.25,0.26,12.3,7.03
5.5,0.16,0.31,1.2,0.026,10.3346763388795,31,68,0.9898,3.33,0.44,11.65,6.1
6,0.32,0.46,1.5,0.05,9.76470128084558,56,189,0.99308,3.24,0.49,9.6,5.04
6,0.27,0.32,3.6,0.035,10.1614120571208,36,133,0.99215,3.23,0.46,10.8,6
6,0.14,0.37,1.2,0.032,11.1182306202156,63,148,0.99185,3.32,0.44,11.2,4.81
5,0.24,0.19,5,0.043,10.6001921823167,17,101,0.99438,3.67,0.57,10,5.09
6.1,0.26,0.25,2.9,0.047,9.81503927785032,289,440,0.99314,3.44,0.64,10.5,3.09
6.3,0.23,0.5,10.4,0.043,9.59485943005319,61,132,0.99542,2.86,0.46,9.1,6.11
5.6,0.26,0.5,11.4,0.029,9.84541937859919,25,93,0.99428,3.23,0.49,10.5,5.84
6.1,0.34,0.24,18.35,0.05,10.4158286222363,33,184,0.99943,3.12,0.61,9.3,4.93
6.2,0.35,0.25,18.4,0.051,11.5347811896266,28,182,0.99946,3.13,0.62,9.3,5.98
6,0.14,0.37,1.2,0.032,11.5712217241468,63,148,0.99185,3.32,0.44,11.2,5.19
7.3,0.36,0.62,7.1,0.033,11.3786611089807,48,185,0.99472,3.14,0.62,10.6,5.94
5.1,0.25,0.36,1.3,0.035,11.3070931890004,40,78,0.9891,3.23,0.64,12.1,6.92
5.5,0.16,0.26,1.5,0.032,9.28145451700491,35,100,0.99076,3.43,0.77,12,6.24
6.4,0.19,0.35,10.2,0.043,8.84776531879342,40,106,0.99632,3.16,0.5,9.7,6
6,0.38,0.26,3.5,0.035,8.96754301909678,38,111,0.98872,3.18,0.47,13.6,6.92
6,0.38,0.26,3.5,0.035,11.4192565917091,38,111,0.98872,3.18,0.47,13.6,7.09
6.5,0.2,0.35,3.9,0.04,8.51147186280358,27,140,0.99102,2.98,0.53,11.8,6.14
6.6,0.17,0.26,7.4,0.052,9.29462939410634,45,128,0.99388,3.16,0.37,10,5.88
6.6,0.17,0.26,7.4,0.052,10.5003740877617,45,128,0.99388,3.16,0.37,10,6.01
6.2,0.15,0.27,11,0.035,11.767085809343,46,116,0.99602,3.12,0.38,9.1,6.08
5.9,0.48,0.3,1.5,0.037,9.90494938064923,19,78,0.99057,3.47,0.42,11.9,7.11
5.3,0.4,0.25,3.9,0.031,11.048549247469,45,130,0.99072,3.31,0.58,11.75,6.95
5.9,0.26,0.29,5.4,0.046,10.174090546935,34,116,0.99224,3.24,0.41,11.4,5.74
5.2,0.3,0.34,1.5,0.038,9.07714031553079,18,96,0.98942,3.56,0.48,13,7.98
6.4,0.32,0.25,5,0.055,9.89934337804842,28,138,0.99171,3.27,0.5,12.4,8.03
6.6,0.19,0.25,1.2,0.052,8.96645084301006,34,181,0.99352,3.3,0.42,9.4,7.08
6.8,0.27,0.3,13,0.047,9.5446284111996,69,160,0.99705,3.16,0.5,9.6,5.95
6.8,0.27,0.3,13,0.047,10.0316179983552,69,160,0.99705,3.16,0.5,9.6,5.96
6.8,0.27,0.3,13,0.047,11.2944050651327,69,160,0.99705,3.16,0.5,9.6,5.95
6.4,0.28,0.45,8.6,0.057,9.19246031885656,47,223,0.99654,3.16,0.51,9.1,5.11
7.1,0.24,0.34,1.2,0.045,8.92867632754441,6,132,0.99132,3.16,0.46,11.2,3.93
5,0.27,0.4,1.2,0.076,11.0606780165463,42,124,0.99204,3.32,0.47,10.1,5.88
5.8,0.27,0.4,1.2,0.076,10.818386948111,47,130,0.99185,3.13,0.45,10.3,5.85
5.9,0.27,0.32,2,0.034,10.1285437157531,31,102,0.98952,3.16,0.56,12.3,6.11
5.8,0.315,0.19,19.4,0.031,9.60512313571759,28,106,0.99704,2.97,0.4,10.55,5.94
6,0.59,0,0.8,0.037,8.63799595649789,30,95,0.99032,3.1,0.4,10.9,4.03
6.7,0.3,0.5,12.1,0.045,9.909823398175,38,127,0.9974,3.04,0.53,8.9,5.79
6.7,0.3,0.5,12.1,0.045,11.1599910264075,38,127,0.9974,3.04,0.53,8.9,6.02
6.4,0.31,0.31,12.9,0.045,11.1911273237086,55,161,0.99546,3.02,0.59,10.2,4.95
6.9,0.25,0.29,2.4,0.038,10.3258702682594,28,76,0.99088,3.01,0.36,11.7,7.07
4.4,0.32,0.39,4.3,0.03,9.86768670351029,31,127,0.98904,3.46,0.36,12.8,7.89
3.9,0.225,0.4,4.2,0.03,10.0198587050412,29,118,0.989,3.57,0.36,12.8,8.11
6.4,0.31,0.31,12.9,0.045,9.14815161684248,55,161,0.99546,3.02,0.59,10.2,4.92
5.5,0.62,0.33,1.7,0.037,9.8572056636175,24,118,0.98758,3.15,0.39,13.55,5.89
6.2,0.3,0.42,2.2,0.036,8.67839268988545,28,128,0.9901,3.13,0.38,11.6,6.08
6.7,0.3,0.5,12.1,0.045,9.73758187960079,38,127,0.9974,3.04,0.53,8.9,6.11
4.7,0.785,0,3.4,0.036,11.0484499754844,23,134,0.98981,3.53,0.92,13.8,6.04
6,0.31,0.32,7.4,0.175,8.57650658183993,47,159,0.9952,3.19,0.5,9.4,5.95
6,0.32,0.3,7.3,0.174,8.1934877008682,46,159,0.99519,3.18,0.49,9.4,4.98
6.4,0.105,0.29,1.1,0.035,12.3693839289001,44,140,0.99142,3.17,0.55,10.7,6.98
5.7,0.33,0.32,1.4,0.043,10.5541765734786,28,93,0.9897,3.31,0.5,12.3,6.01
5.9,0.32,0.19,14.5,0.042,10.4803456536417,37,115,0.99684,3.16,0.43,10.3,5.01
6,0.2,0.33,1.1,0.039,10.2908944079723,45,126,0.99051,3.31,0.45,11.6,6.89
6.4,0.105,0.29,1.1,0.035,9.53264309731105,44,140,0.99142,3.17,0.55,10.7,7.12
5.8,0.28,0.34,2.2,0.037,8.70268778415239,24,125,0.98986,3.36,0.33,12.8,7.95
6.4,0.31,0.5,5.8,0.038,11.0075484299089,42,111,0.99189,3.18,0.53,11.9,7.16
6,0.35,0.46,0.9,0.033,11.2052920019889,9,65,0.98934,3.24,0.35,12.1,3.97
5.1,0.26,0.34,6.4,0.034,10.920029324641,26,99,0.99449,3.23,0.41,9.2,6.02
6.6,0.28,0.09,10.9,0.051,7.51187820237613,37,131,0.99566,2.93,0.62,9.5,6.08
6,0.17,0.3,7.3,0.039,10.6901701257742,39,104,0.99252,2.91,0.57,11,6.09
7.3,0.35,0.67,8.3,0.053,11.2222977272123,10,100,0.9959,3.19,0.5,10.9,5.12
6,0.26,0.24,1.3,0.053,9.80152857529626,66,150,0.9924,3.21,0.62,10.4,6.02
5.4,0.375,0.4,3.3,0.054,10.1498198891333,29,147,0.99482,3.42,0.52,9.1,5.07
5.1,0.26,0.33,1.1,0.027,9.40471711351961,46,113,0.98946,3.35,0.43,11.4,7.04
5.8,0.36,0.5,1,0.127,8.98282488535024,63,178,0.99212,3.1,0.45,9.7,5.15
5.7,0.4,0.35,5.1,0.026,10.5891423753137,17,113,0.99052,3.18,0.67,12.4,6.03
6.2,0.76,0.01,3.2,0.041,11.359312742513,18,120,0.99026,3.2,0.94,13.7,6.91
5.8,0.385,0.25,3.7,0.031,10.7448889234219,38,122,0.99128,3.2,0.63,11.2,5.85
6,0.27,0.4,1.7,0.021,10.3002560195067,18,82,0.9891,3.24,0.95,13.13333333,6.05
5.7,0.4,0.35,5.1,0.026,12.0568367135041,17,113,0.99052,3.18,0.67,12.4,5.88
5.8,0.36,0.5,1,0.127,9.08360023810939,63,178,0.99212,3.1,0.45,9.7,4.97
7,0.24,0.47,1.3,0.043,7.66852562112994,18,131,0.99176,3.19,0.45,11,6.07
6.5,0.28,0.34,4.6,0.054,8.91106472334039,22,130,0.99193,3.2,0.46,12,6.85
6.4,0.23,0.35,10.3,0.042,10.4030704264312,54,140,0.9967,3.23,0.47,9.2,4.99
6,0.34,0.29,6.1,0.046,10.3881196686634,29,134,0.99462,3.48,0.57,10.7,6.11
6.7,0.22,0.33,1.2,0.036,9.3412873472301,36,86,0.99058,3.1,0.76,11.4,5.89
6.4,0.23,0.35,10.3,0.042,9.46143602554851,54,140,0.9967,3.23,0.47,9.2,4.86
6,0.32,0.33,9.9,0.032,9.20032150505134,22,90,0.99258,3.1,0.43,12.1,6.92
5.8,0.29,0.27,1.6,0.062,11.3103109715997,17,140,0.99138,3.23,0.35,11.1,6.14
5.9,0.32,0.26,1.5,0.057,8.65329795784592,17,141,0.9917,3.24,0.36,10.7,4.93
5.6,0.33,0.28,1.2,0.031,9.83281213299117,33,97,0.99126,3.49,0.58,10.9,5.85
5.9,0.37,0.3,1.5,0.033,10.5719586307075,35,95,0.98986,3.36,0.56,12,7.04
5.6,0.295,0.26,1.1,0.035,9.54940521309639,40,102,0.99154,3.47,0.56,10.6,5.85
6.7,0.5,0.36,11.5,0.096,9.1459634715189,18,92,0.99642,3.11,0.49,9.6,4.99
5.3,0.275,0.24,7.4,0.038,8.96990127619937,28,114,0.99313,3.38,0.51,11,5.96
5.2,0.405,0.15,1.45,0.038,10.0147889635539,10,44,0.99125,3.52,0.4,11.6,4.04
6.8,0.34,0.36,8.9,0.029,10.8250712542803,44,128,0.99318,3.28,0.35,11.95,7.06
5.7,0.22,0.25,1.1,0.05,9.91510893834833,97,175,0.99099,3.44,0.62,11.1,6.03
6.2,0.28,0.57,1,0.043,11.2632383115091,50,92,0.99004,3.17,0.36,11.5,5.84
5.6,0.34,0.25,2.5,0.046,10.716069831253,47,182,0.99093,3.21,0.4,11.3,5.06
4.8,0.29,0.23,1.1,0.044,8.93953111307796,38,180,0.98924,3.28,0.34,11.9,5.96
5.1,0.3,0.3,2.3,0.048,11.1009471668222,40,150,0.98944,3.29,0.46,12.2,6.04
7,0.36,0.35,2.5,0.048,9.81476940398306,67,161,0.99146,3.05,0.56,11.1,6.21
6.4,0.33,0.44,8.9,0.055,9.98984431562001,52,164,0.99488,3.1,0.48,9.6,5.05
7,0.36,0.35,2.5,0.048,11.3519443956174,67,161,0.99146,3.05,0.56,11.1,5.9
6.4,0.33,0.44,8.9,0.055,10.0473043810869,52,164,0.99488,3.1,0.48,9.6,4.99
6.2,0.23,0.38,1.6,0.044,11.8096663321392,12,113,0.99176,3.3,0.73,11.4,4.9
5.2,0.25,0.23,1.4,0.047,10.7276254102786,20,77,0.99001,3.32,0.62,11.4,4.86
6.2,0.35,0.29,3.9,0.041,9.28060728645868,22,79,0.99005,3.1,0.59,12.06666667,6.02
7.1,0.23,0.39,13.7,0.058,10.9029125953459,26,172,0.99755,2.9,0.46,9,6.02
7.1,0.23,0.39,13.7,0.058,7.09375969677091,26,172,0.99755,2.9,0.46,9,6.08
7.5,0.38,0.33,9.2,0.043,10.1293482091426,19,116,0.99444,3.08,0.42,11.4,6.15
6.4,0.35,0.51,7.8,0.055,9.9595729621701,53,177,0.99502,3.12,0.45,9.6,5.04
6,0.43,0.34,7.6,0.045,10.4957419644089,25,118,0.99222,3.03,0.37,11,6
6,0.52,0.33,7.7,0.046,7.75768463525949,24,119,0.99224,3.04,0.38,11,6.01
5.5,0.31,0.29,3,0.027,10.0816663081575,16,102,0.99067,3.23,0.56,11.2,6.09
5.9,0.22,0.3,1.3,0.052,9.6246616007372,42,86,0.99069,3.31,0.47,11.55,5.9
6.2,0.36,0.32,4,0.036,10.2017383307471,44,92,0.98936,3.2,0.5,13.3,6.91
6,0.41,0.23,1.1,0.066,10.2132640375867,22,148,0.99266,3.3,0.47,9.633333333,4.9
6.2,0.355,0.35,2,0.046,10.4659541577803,31,95,0.98822,3.06,0.46,13.6,6.09
5.7,0.41,0.21,1.9,0.048,10.3907415336604,30,112,0.99138,3.29,0.55,11.2,6.07
5.3,0.6,0.34,1.4,0.031,11.1022033639872,3,60,0.98854,3.27,0.38,13,5.84
5.8,0.23,0.31,4.5,0.046,9.73887549582961,42,124,0.99324,3.31,0.64,10.8,6.07
6.6,0.24,0.33,10.1,0.032,9.64061556484512,8,81,0.99626,3.19,0.51,9.8,5.88
6.1,0.32,0.28,6.6,0.021,11.8292825480954,29,132,0.99188,3.15,0.36,11.45,7.02
5,0.2,0.4,1.9,0.015,8.39510840200721,20,98,0.9897,3.37,0.55,12.05,6.11
6,0.42,0.41,12.4,0.032,11.0769386295562,50,179,0.99622,3.14,0.6,9.7,4.92
5.7,0.21,0.32,1.6,0.03,10.0506005609864,33,122,0.99044,3.33,0.52,11.9,6.06
5.6,0.2,0.36,2.5,0.048,10.7064769716631,16,125,0.99282,3.49,0.49,10,5.97
7.4,0.22,0.26,1.2,0.035,8.98533836224442,18,97,0.99245,3.12,0.41,9.7,6.12
6.2,0.38,0.42,2.5,0.038,8.9917262008482,34,117,0.99132,3.36,0.59,11.6,7.07
5.9,0.54,0,0.8,0.032,9.86998251070121,12,82,0.99286,3.25,0.36,8.8,5.06
6.6,0.34,0.4,8.1,0.046,12.433579418561,68,170,0.99494,3.15,0.5,9.533333333,5.82
5,0.235,0.27,11.75,0.03,9.21777299896465,34,118,0.9954,3.07,0.5,9.4,5.98
5.5,0.32,0.13,1.3,0.037,10.9473814922107,45,156,0.99184,3.26,0.38,10.7,4.98
6.5,0.33,0.38,8.3,0.048,11.1116729214512,68,174,0.99492,3.14,0.5,9.6,4.97
6.6,0.34,0.4,8.1,0.046,9.29869958829874,68,170,0.99494,3.15,0.5,9.55,5.97
6.2,0.41,0.22,1.9,0.023,8.81757207609957,5,56,0.98928,3.04,0.79,13,6.93
6.1,0.34,0.29,2.2,0.036,9.34349477865563,25,100,0.98938,3.06,0.44,11.8,6.14
5.7,0.21,0.32,0.9,0.038,9.71432331252376,38,121,0.99074,3.24,0.46,10.6,5.94
6.5,0.23,0.38,1.3,0.032,9.09831001667726,29,112,0.99298,3.29,0.54,9.7,4.8
6.6,0.32,0.36,8,0.047,10.3225422488113,57,168,0.9949,3.15,0.46,9.6,4.9
6.5,0.24,0.19,1.2,0.041,11.1194437660667,30,111,0.99254,2.99,0.46,9.4,6.05
6,0.21,0.38,0.8,0.02,9.08148570799623,22,98,0.98941,3.26,0.32,11.8,6.05
7.4,0.7,0,1.9,0.076,1.70975355068565,11,34,0.9978,3.51,0.56,9.4,5.14
7.8,0.88,0,2.6,0.098,0.807793237328473,25,67,0.9968,3.2,0.68,9.8,4.98
7.8,0.76,0.04,2.3,0.092,1.4169439071003,15,54,0.997,3.26,0.65,9.8,4.79
11.2,0.28,0.56,1.9,0.075,2.22280657814843,17,60,0.998,3.16,0.58,9.8,5.93
7.4,0.7,0,1.9,0.076,1.80397936269732,11,34,0.9978,3.51,0.56,9.4,5.03
7.9,0.6,0.06,1.6,0.069,2.08471033896306,15,59,0.9964,3.3,0.46,9.4,5
7.3,0.65,0,1.2,0.065,1.65055794401189,15,21,0.9946,3.39,0.47,10,6.91
7.8,0.58,0.02,2,0.073,1.81662102737641,9,18,0.9968,3.36,0.57,9.5,6.95
7.5,0.5,0.36,6.1,0.071,4.03733291420072,17,102,0.9978,3.35,0.8,10.5,5.06
7.5,0.5,0.36,6.1,0.071,0.909883342991299,17,102,0.9978,3.35,0.8,10.5,5.1
5.6,0.615,0,1.6,0.089,3.45454334797877,16,59,0.9943,3.58,0.52,9.9,5.21
7.8,0.61,0.29,1.6,0.114,-0.0923215805252324,9,29,0.9974,3.26,1.56,9.1,4.94
8.9,0.62,0.18,3.8,0.176,2.5471895041594,52,145,0.9986,3.16,0.88,9.2,4.91
8.9,0.62,0.19,3.9,0.17,1.25180081344442,51,148,0.9986,3.17,0.93,9.2,4.99
8.5,0.28,0.56,1.8,0.092,2.48872750764111,35,103,0.9969,3.3,0.75,10.5,7.09
8.1,0.56,0.28,1.7,0.368,3.82162230144042,16,56,0.9968,3.11,1.28,9.3,5.13
7.4,0.59,0.08,4.4,0.086,2.87993704466592,6,29,0.9974,3.38,0.5,9,3.8
7.9,0.32,0.51,1.8,0.341,2.3555358410384,17,56,0.9969,3.04,1.08,9.2,5.94
8.9,0.22,0.48,1.8,0.077,2.85419883364371,29,60,0.9968,3.39,0.53,9.4,5.84
7.6,0.39,0.31,2.3,0.082,1.33295989536357,23,71,0.9982,3.52,0.65,9.7,5.11
7.9,0.43,0.21,1.6,0.106,1.99383326713833,10,37,0.9966,3.17,0.91,9.5,5.18
8.5,0.49,0.11,2.3,0.084,3.21195717919081,9,67,0.9968,3.17,0.53,9.4,5.12
6.3,0.39,0.16,1.4,0.08,0.950175646942103,11,23,0.9955,3.34,0.56,9.3,4.84
7.6,0.41,0.24,1.8,0.08,0.908560716110295,4,11,0.9962,3.28,0.59,9.5,4.95
7.9,0.43,0.21,1.6,0.106,3.04780522904215,10,37,0.9966,3.17,0.91,9.5,4.86
7.1,0.71,0,1.9,0.08,1.39177891480746,14,35,0.9972,3.47,0.55,9.4,5.15
7.8,0.645,0,2,0.082,0.855559626120751,8,16,0.9964,3.38,0.59,9.8,5.88
6.7,0.675,0.07,2.4,0.089,0.607455003624972,17,82,0.9958,3.35,0.54,10.1,5.07
6.9,0.685,0,2.5,0.105,1.302901854574,22,37,0.9966,3.46,0.57,10.6,5.97
8.3,0.655,0.12,2.3,0.083,3.33016215430225,15,113,0.9966,3.17,0.66,9.8,4.86
6.9,0.605,0.12,10.7,0.073,3.21886125185695,40,83,0.9993,3.45,0.52,9.4,5.98
7.8,0.645,0,5.5,0.086,3.52920418158229,5,18,0.9986,3.4,0.55,9.6,6.17
7.8,0.6,0.14,2.4,0.086,2.43705574711625,3,15,0.9975,3.42,0.6,10.8,5.83
8.1,0.38,0.28,2.1,0.066,2.72715968595349,13,30,0.9968,3.23,0.73,9.7,6.87
5.7,1.13,0.09,1.5,0.172,2.10054350395155,7,19,0.994,3.5,0.48,9.8,3.9
7.3,0.45,0.36,5.9,0.074,2.27194063251622,12,87,0.9978,3.33,0.83,10.5,5.11
7.3,0.45,0.36,5.9,0.074,0.180755162502368,12,87,0.9978,3.33,0.83,10.5,4.96
8.8,0.61,0.3,2.8,0.088,2.88395748054288,17,46,0.9976,3.26,0.51,9.3,3.99
7.5,0.49,0.2,2.6,0.332,2.16881030594304,8,14,0.9968,3.21,0.9,10.5,6.07
4.6,0.52,0.15,2.1,0.054,1.97875573248445,8,65,0.9934,3.9,0.56,13.1,4.04
7.7,0.935,0.43,2.2,0.114,2.70734623847813,22,114,0.997,3.25,0.73,9.2,4.99
8.7,0.29,0.52,1.6,0.113,1.83635651926185,12,37,0.9969,3.25,0.58,9.5,5.14
6.4,0.4,0.23,1.6,0.066,2.53532020720535,5,12,0.9958,3.34,0.56,9.2,4.95
5.6,0.31,0.37,1.4,0.074,2.69301611827103,12,96,0.9954,3.32,0.58,9.2,5
8.8,0.66,0.26,1.7,0.074,-0.478424962825155,4,23,0.9971,3.15,0.74,9.2,4.91
6.6,0.52,0.04,2.2,0.069,1.97849689389585,8,15,0.9956,3.4,0.63,9.4,5.96
6.6,0.5,0.04,2.1,0.068,4.03659868586227,6,14,0.9955,3.39,0.64,9.4,5.85
8.6,0.38,0.36,3,0.081,3.2942053684441,30,119,0.997,3.2,0.56,9.4,5.03
7.6,0.51,0.15,2.8,0.11,0.39175980579712,33,73,0.9955,3.17,0.63,10.2,6.16
7.7,0.62,0.04,3.8,0.084,0.619491011640291,25,45,0.9978,3.34,0.53,9.5,4.87
10.2,0.42,0.57,3.4,0.07,2.38084680911255,4,10,0.9971,3.04,0.63,9.6,4.91
7.5,0.63,0.12,5.1,0.111,0.806649823888044,50,110,0.9983,3.26,0.77,9.4,5
7.3,0.39,0.31,2.4,0.074,0.979571766147039,9,46,0.9962,3.41,0.54,9.4,5.94
8.8,0.4,0.4,2.2,0.079,2.00208153153939,19,52,0.998,3.44,0.64,9.2,4.96
7.7,0.69,0.49,1.8,0.115,3.19646091840899,20,112,0.9968,3.21,0.71,9.3,4.89
7.5,0.52,0.16,1.9,0.085,3.85330552719404,12,35,0.9968,3.38,0.62,9.5,6.98
7,0.735,0.05,2,0.081,2.18028352467999,13,54,0.9966,3.39,0.57,9.8,5.08
7.2,0.725,0.05,4.65,0.086,0.45913153709829,4,11,0.9962,3.41,0.39,10.9,5.02
7.2,0.725,0.05,4.65,0.086,2.06797112432149,4,11,0.9962,3.41,0.39,10.9,4.97
7.5,0.52,0.11,1.5,0.079,3.04508822605034,11,39,0.9968,3.42,0.58,9.6,4.97
6.6,0.705,0.07,1.6,0.076,1.90234801309715,6,15,0.9962,3.44,0.58,10.7,4.83
9.3,0.32,0.57,2,0.074,1.5180234459581,27,65,0.9969,3.28,0.79,10.7,4.95
8,0.705,0.05,1.9,0.074,2.40912820841142,8,19,0.9962,3.34,0.95,10.5,6.01
7.7,0.63,0.08,1.9,0.076,0.621951215741078,15,27,0.9967,3.32,0.54,9.5,6.04
7.7,0.67,0.23,2.1,0.088,2.03879748607906,17,96,0.9962,3.32,0.48,9.5,4.94
7.7,0.69,0.22,1.9,0.084,2.12858130005349,18,94,0.9961,3.31,0.48,9.5,5.1
8.3,0.675,0.26,2.1,0.084,1.12277372374831,11,43,0.9976,3.31,0.53,9.2,4.12
9.7,0.32,0.54,2.5,0.094,2.73679606027896,28,83,0.9984,3.28,0.82,9.6,5.01
8.8,0.41,0.64,2.2,0.093,2.59220034283041,9,42,0.9986,3.54,0.66,10.5,4.87
8.8,0.41,0.64,2.2,0.093,0.250816121956304,9,42,0.9986,3.54,0.66,10.5,4.9
6.8,0.785,0,2.4,0.104,0.883441855777943,14,30,0.9966,3.52,0.55,10.7,6.03
6.2,0.45,0.2,1.6,0.069,2.5066866814317,3,15,0.9958,3.41,0.56,9.2,5.13
7.8,0.43,0.7,1.9,0.464,0.805221321179395,22,67,0.9974,3.13,1.28,9.4,5
7.4,0.5,0.47,2,0.086,1.84713392942789,21,73,0.997,3.36,0.57,9.1,4.89
6.3,0.3,0.48,1.8,0.069,2.24872083401686,18,61,0.9959,3.44,0.78,10.3,5.91
6.9,0.55,0.15,2.2,0.076,1.66067382092587,19,40,0.9961,3.41,0.59,10.1,5.01
9.3,0.39,0.44,2.1,0.107,1.89085615574674,34,125,0.9978,3.14,1.22,9.5,5.04
7,0.62,0.08,1.8,0.076,0.756909712075414,8,24,0.9978,3.48,0.53,9,5
7.9,0.52,0.26,1.9,0.079,2.19354402088157,42,140,0.9964,3.23,0.54,9.5,4.89
8.6,0.49,0.29,2,0.11,1.15516714402155,19,133,0.9972,2.93,1.98,9.8,4.93
7.7,0.49,0.26,1.9,0.062,1.48527090590979,9,31,0.9966,3.39,0.64,9.6,5.07
5,1.02,0.04,1.4,0.045,2.10902266408802,41,85,0.9938,3.75,0.48,10.5,4.12
4.7,0.6,0.17,2.3,0.058,1.93244728019346,17,106,0.9932,3.85,0.6,12.9,5.82
6.8,0.775,0,3,0.102,3.32050728292494,8,23,0.9965,3.45,0.56,10.7,4.86
7,0.5,0.25,2,0.07,0.636732612870453,3,22,0.9963,3.25,0.63,9.2,5.02
7.6,0.9,0.06,2.5,0.079,0.924067909931147,5,10,0.9967,3.39,0.56,9.8,5.1
8.1,0.545,0.18,1.9,0.08,2.27796683345472,13,35,0.9972,3.3,0.59,9,5.93
8.3,0.61,0.3,2.1,0.084,0.954172388361008,11,50,0.9972,3.4,0.61,10.2,6
7.8,0.5,0.3,1.9,0.075,0.529586666280769,8,22,0.9959,3.31,0.56,10.4,6.02
8.1,0.545,0.18,1.9,0.08,2.34676401509094,13,35,0.9972,3.3,0.59,9,5.85
8.1,0.575,0.22,2.1,0.077,1.5440347536454,12,65,0.9967,3.29,0.51,9.2,5.06
7.2,0.49,0.24,2.2,0.07,1.20285061282706,5,36,0.996,3.33,0.48,9.4,4.83
8.1,0.575,0.22,2.1,0.077,1.38520532407481,12,65,0.9967,3.29,0.51,9.2,5.12
7.8,0.41,0.68,1.7,0.467,2.23014048063504,18,69,0.9973,3.08,1.31,9.3,5.11
6.2,0.63,0.31,1.7,0.088,0.726902581653232,15,64,0.9969,3.46,0.79,9.3,4.88
8,0.33,0.53,2.5,0.091,2.8329268269939,18,80,0.9976,3.37,0.8,9.6,5.88
7.8,0.56,0.19,1.8,0.104,1.3591848275082,12,47,0.9964,3.19,0.93,9.5,5.03
8.4,0.62,0.09,2.2,0.084,1.93976369548822,11,108,0.9964,3.15,0.66,9.8,4.99
8.4,0.6,0.1,2.2,0.085,2.70464272355407,14,111,0.9964,3.15,0.66,9.8,4.92
10.1,0.31,0.44,2.3,0.08,1.15440127431509,22,46,0.9988,3.32,0.67,9.7,6.01
7.8,0.56,0.19,1.8,0.104,1.52589541866867,12,47,0.9964,3.19,0.93,9.5,4.98
9.4,0.4,0.31,2.2,0.09,1.2418892788072,13,62,0.9966,3.07,0.63,10.5,6.01
8.3,0.54,0.28,1.9,0.077,1.20361288338727,11,40,0.9978,3.39,0.61,10,6.13
7.8,0.56,0.12,2,0.082,1.48750648025478,7,28,0.997,3.37,0.5,9.4,5.96
8.8,0.55,0.04,2.2,0.119,1.91083490065178,14,56,0.9962,3.21,0.6,10.9,5.92
7,0.69,0.08,1.8,0.097,2.3245575019689,22,89,0.9959,3.34,0.54,9.2,5.95
7.3,1.07,0.09,1.7,0.178,1.03281128768168,10,89,0.9962,3.3,0.57,9,4.97
7.3,0.695,0,2.5,0.075,1.55444987083341,3,13,0.998,3.49,0.52,9.2,5.03
8,0.71,0,2.6,0.08,2.78533729275465,11,34,0.9976,3.44,0.53,9.5,5.14
7.8,0.5,0.17,1.6,0.082,3.58753889702921,21,102,0.996,3.39,0.48,9.5,5.14
9,0.62,0.04,1.9,0.146,2.46346833840829,27,90,0.9984,3.16,0.7,9.4,5.05
8.2,1.33,0,1.7,0.081,0.924922453732034,3,12,0.9964,3.53,0.49,10.9,4.98
8.1,1.33,0,1.8,0.082,3.19680341700781,3,12,0.9964,3.54,0.48,10.9,4.86
8,0.59,0.16,1.8,0.065,1.92651368709858,3,16,0.9962,3.42,0.92,10.5,6.9
8,0.745,0.56,2,0.118,1.92897636485652,30,134,0.9968,3.24,0.66,9.4,4.99
5.6,0.5,0.09,2.3,0.049,1.17023697218432,17,99,0.9937,3.63,0.63,13,4.86
6.6,0.5,0.01,1.5,0.06,2.44894431347778,17,26,0.9952,3.4,0.58,9.8,5.88
7.9,1.04,0.05,2.2,0.084,4.10522792560186,13,29,0.9959,3.22,0.55,9.9,5.98
8.4,0.745,0.11,1.9,0.09,3.3269896683831,16,63,0.9965,3.19,0.82,9.6,4.96
8.3,0.715,0.15,1.8,0.089,1.22309254375049,10,52,0.9968,3.23,0.77,9.5,4.94
7.2,0.415,0.36,2,0.081,3.01552166367567,13,45,0.9972,3.48,0.64,9.2,4.9
7.8,0.56,0.19,2.1,0.081,3.92656617980532,15,105,0.9962,3.33,0.54,9.5,5.09
7.8,0.56,0.19,2,0.081,2.97214776247394,17,108,0.9962,3.32,0.54,9.5,5.02
8.4,0.745,0.11,1.9,0.09,2.86370568520277,16,63,0.9965,3.19,0.82,9.6,4.85
8.3,0.715,0.15,1.8,0.089,3.99986215912904,10,52,0.9968,3.23,0.77,9.5,4.97
5.2,0.34,0,1.8,0.05,-0.300889600683643,27,63,0.9916,3.68,0.79,14,6.01
6.3,0.39,0.08,1.7,0.066,2.17887713535903,3,20,0.9954,3.34,0.58,9.4,5.08
8.1,0.67,0.55,1.8,0.117,1.66622840322588,32,141,0.9968,3.17,0.62,9.4,5.17
5.8,0.68,0.02,1.8,0.087,3.58171544895707,21,94,0.9944,3.54,0.52,10,4.84
7.6,0.49,0.26,1.6,0.236,1.69754505916229,10,88,0.9968,3.11,0.8,9.3,5
6.9,0.49,0.1,2.3,0.074,3.13542167749835,12,30,0.9959,3.42,0.58,10.2,5.91
8.2,0.4,0.44,2.8,0.089,2.9747692338114,11,43,0.9975,3.53,0.61,10.5,5.92
7.3,0.33,0.47,2.1,0.077,2.21272245609924,5,11,0.9958,3.33,0.53,10.3,5.93
9.2,0.52,1,3.4,0.61,1.0223895765603,32,69,0.9996,2.74,2,9.4,3.94
7.5,0.6,0.03,1.8,0.095,1.78000025274627,25,99,0.995,3.35,0.54,10.1,4.94
7.5,0.6,0.03,1.8,0.095,2.61502027858879,25,99,0.995,3.35,0.54,10.1,4.92
7.1,0.43,0.42,5.5,0.07,3.60478791697298,29,129,0.9973,3.42,0.72,10.5,4.87
7.1,0.43,0.42,5.5,0.071,2.65556052973388,28,128,0.9973,3.42,0.71,10.5,4.99
7.1,0.43,0.42,5.5,0.07,1.9933739210348,29,129,0.9973,3.42,0.72,10.5,4.8
7.1,0.68,0,2.2,0.073,1.48498650035851,12,22,0.9969,3.48,0.5,9.3,4.95
6.8,0.6,0.18,1.9,0.079,2.44604705119252,18,86,0.9968,3.59,0.57,9.3,5.89
7.6,0.68,0.02,1.3,0.072,1.36655516727074,9,20,0.9965,3.17,1.08,9.2,3.84
7.8,0.53,0.04,1.7,0.076,1.49274040271959,17,31,0.9964,3.33,0.56,10,5.82
7.4,0.6,0.26,7.3,0.07,3.02049482072407,36,121,0.9982,3.37,0.49,9.4,5.05
7.3,0.59,0.26,7.2,0.07,0.418249160330374,35,121,0.9981,3.37,0.49,9.4,4.97
6.8,0.64,0.1,2.1,0.085,1.66904981461478,18,101,0.9956,3.34,0.52,10.2,5.21
7.3,0.55,0.03,1.6,0.072,3.98806719176642,17,42,0.9956,3.37,0.48,9,4.03
6.8,0.63,0.07,2.1,0.089,2.22389129455496,11,44,0.9953,3.47,0.55,10.4,6.11
7.5,0.705,0.24,1.8,0.36,0.928301931065945,15,63,0.9964,3,1.59,9.5,5.13
7.9,0.885,0.03,1.8,0.058,3.60603962571042,4,8,0.9972,3.36,0.33,9.1,3.97
8,0.42,0.17,2,0.073,0.792769130373506,6,18,0.9972,3.29,0.61,9.2,5.97
8,0.42,0.17,2,0.073,2.22351064218609,6,18,0.9972,3.29,0.61,9.2,6.06
7.4,0.62,0.05,1.9,0.068,1.39802642549292,24,42,0.9961,3.42,0.57,11.5,6.19
7.3,0.38,0.21,2,0.08,0.38179181903246,7,35,0.9961,3.33,0.47,9.5,5.1
6.9,0.5,0.04,1.5,0.085,2.52916646765733,19,49,0.9958,3.35,0.78,9.5,5.13
7.3,0.38,0.21,2,0.08,2.06820027146405,7,35,0.9961,3.33,0.47,9.5,5.03
7.5,0.52,0.42,2.3,0.087,1.87982972463661,8,38,0.9972,3.58,0.61,10.5,6.2
8.8,0.61,0.14,2.4,0.067,1.78092180159922,10,42,0.9969,3.19,0.59,9.5,5
8.8,0.61,0.14,2.4,0.067,0.729895890783401,10,42,0.9969,3.19,0.59,9.5,4.96
8.9,0.61,0.49,2,0.27,1.58312738500356,23,110,0.9972,3.12,1.02,9.3,5.08
7.2,0.73,0.02,2.5,0.076,2.61118979969885,16,42,0.9972,3.44,0.52,9.3,5
6.8,0.61,0.2,1.8,0.077,0.971643353186119,11,65,0.9971,3.54,0.58,9.3,5.04
8.9,0.31,0.57,2,0.111,1.10153256500916,26,85,0.9971,3.26,0.53,9.7,5
7.4,0.39,0.48,2,0.082,2.34796273521702,14,67,0.9972,3.34,0.55,9.2,4.9
7.7,0.705,0.1,2.6,0.084,2.25858699382809,9,26,0.9976,3.39,0.49,9.7,5.09
8.2,0.5,0.35,2.9,0.077,1.81883112748531,21,127,0.9976,3.23,0.62,9.4,4.94
6.4,0.37,0.25,1.9,0.074,2.10343269003602,21,49,0.9974,3.57,0.62,9.8,5.9
7.6,0.55,0.21,2.2,0.071,2.00592610903793,7,28,0.9964,3.28,0.55,9.7,4.96
7.6,0.55,0.21,2.2,0.071,2.99429030321633,7,28,0.9964,3.28,0.55,9.7,4.97
7.8,0.59,0.33,2,0.074,2.18435298843365,24,120,0.9968,3.25,0.54,9.4,5.07
7.3,0.58,0.3,2.4,0.074,2.38160156774115,15,55,0.9968,3.46,0.59,10.2,4.83
11.5,0.3,0.6,2,0.067,2.44366295412494,12,27,0.9981,3.11,0.97,10.1,6.04
5.4,0.835,0.08,1.2,0.046,1.08603991273702,13,93,0.9924,3.57,0.85,13,7.02
6.9,1.09,0.06,2.1,0.061,1.48734576697528,12,31,0.9948,3.51,0.43,11.4,4
9.6,0.32,0.47,1.4,0.056,2.2496519214119,9,24,0.99695,3.22,0.82,10.3,7.11
6.8,0.5,0.11,1.5,0.075,2.45103029403093,16,49,0.99545,3.36,0.79,9.5,5.09
7,0.42,0.35,1.6,0.088,1.40329332778374,16,39,0.9961,3.34,0.55,9.2,5.14
7,0.43,0.36,1.6,0.089,0.407237191454028,14,37,0.99615,3.34,0.56,9.2,6.13
12.8,0.3,0.74,2.6,0.095,1.9446676608905,9,28,0.9994,3.2,0.77,10.8,6.92
12.8,0.3,0.74,2.6,0.095,2.35476642108002,9,28,0.9994,3.2,0.77,10.8,6.97
7.8,0.57,0.31,1.8,0.069,2.47857604369726,26,120,0.99625,3.29,0.53,9.3,5.1
7.8,0.44,0.28,2.7,0.1,1.93363150766426,18,95,0.9966,3.22,0.67,9.4,5.06
11,0.3,0.58,2.1,0.054,-0.199883065252991,7,19,0.998,3.31,0.88,10.5,6.97
9.7,0.53,0.6,2,0.039,3.04652975133932,5,19,0.99585,3.3,0.86,12.4,6.07
8,0.725,0.24,2.8,0.083,1.30249084397896,10,62,0.99685,3.35,0.56,10,5.94
8.2,0.57,0.26,2.2,0.06,3.06219613260684,28,65,0.9959,3.3,0.43,10.1,4.96
7.8,0.735,0.08,2.4,0.092,1.14047502511224,10,41,0.9974,3.24,0.71,9.8,6.05
8.7,0.625,0.16,2,0.101,2.72242187113053,13,49,0.9962,3.14,0.57,11,5.07
8.1,0.725,0.22,2.2,0.072,1.1348171315367,11,41,0.9967,3.36,0.55,9.1,5.03
7.5,0.49,0.19,1.9,0.076,1.97086606500365,10,44,0.9957,3.39,0.54,9.7,4.97
7.8,0.53,0.33,2.4,0.08,1.54557682473287,24,144,0.99655,3.3,0.6,9.5,4.94
7.8,0.34,0.37,2,0.082,1.74433797675298,24,58,0.9964,3.34,0.59,9.4,6.02
7.4,0.53,0.26,2,0.101,2.65394175366105,16,72,0.9957,3.15,0.57,9.4,4.96
6.8,0.61,0.04,1.5,0.057,1.57097206327261,5,10,0.99525,3.42,0.6,9.5,4.83
8.6,0.645,0.25,2,0.083,1.01852584736473,8,28,0.99815,3.28,0.6,10,6.07
8.4,0.635,0.36,2,0.089,0.993668326865377,15,55,0.99745,3.31,0.57,10.4,3.99
7.7,0.43,0.25,2.6,0.073,2.78694448263304,29,63,0.99615,3.37,0.58,10.5,5.95
8.9,0.59,0.5,2,0.337,0.657233756895645,27,81,0.9964,3.04,1.61,9.5,6
9,0.82,0.14,2.6,0.089,3.13516873725405,9,23,0.9984,3.39,0.63,9.8,4.95
7.7,0.43,0.25,2.6,0.073,0.851077136077744,29,63,0.99615,3.37,0.58,10.5,6.11
5.2,0.48,0.04,1.6,0.054,2.28592930442824,19,106,0.9927,3.54,0.62,12.2,7.04
8,0.38,0.06,1.8,0.078,0.636936451176633,12,49,0.99625,3.37,0.52,9.9,6.04
8.5,0.37,0.2,2.8,0.09,0.752961885698625,18,58,0.998,3.34,0.7,9.6,6
6.9,0.52,0.25,2.6,0.081,2.99383170590928,10,37,0.99685,3.46,0.5,11,5.13
8.2,1,0.09,2.3,0.065,3.90600327684334,7,37,0.99685,3.32,0.55,9,5.9
7.2,0.63,0,1.9,0.097,2.06518528430626,14,38,0.99675,3.37,0.58,9,5.99
8.2,1,0.09,2.3,0.065,2.01235965362972,7,37,0.99685,3.32,0.55,9,5.81
8.9,0.635,0.37,1.7,0.263,3.98237494593683,5,62,0.9971,3,1.09,9.3,5.17
12,0.38,0.56,2.1,0.093,3.3880486137407,6,24,0.99925,3.14,0.71,10.9,6.03
7.7,0.58,0.1,1.8,0.102,2.11935436609012,28,109,0.99565,3.08,0.49,9.8,6.05
15,0.21,0.44,2.2,0.075,1.33243600991523,10,24,1.00005,3.07,0.84,9.2,7.06
15,0.21,0.44,2.2,0.075,1.97700070018997,10,24,1.00005,3.07,0.84,9.2,7.03
7.3,0.66,0,2,0.084,2.89408857206927,6,23,0.9983,3.61,0.96,9.9,5.86
7.1,0.68,0.07,1.9,0.075,2.14749351544395,16,51,0.99685,3.38,0.52,9.5,4.97
8.2,0.6,0.17,2.3,0.072,1.91667148567364,11,73,0.9963,3.2,0.45,9.3,5.03
7.7,0.53,0.06,1.7,0.074,2.00823673337124,9,39,0.99615,3.35,0.48,9.8,6.14
10.8,0.32,0.44,1.6,0.063,0.40811202139925,16,37,0.9985,3.22,0.78,10,5.75
7.1,0.6,0,1.8,0.074,3.09588534167345,16,34,0.9972,3.47,0.7,9.9,5.88
11.1,0.35,0.48,3.1,0.09,1.18656077807147,5,21,0.9986,3.17,0.53,10.5,4.87
7.7,0.775,0.42,1.9,0.092,3.27806429569187,8,86,0.9959,3.23,0.59,9.5,5.1
7.1,0.6,0,1.8,0.074,1.65963769981036,16,34,0.9972,3.47,0.7,9.9,5.94
8,0.57,0.23,3.2,0.073,1.66103933988383,17,119,0.99675,3.26,0.57,9.3,4.84
9.4,0.34,0.37,2.2,0.075,1.52202965396466,5,13,0.998,3.22,0.62,9.2,5.02
6.6,0.695,0,2.1,0.075,3.56424784333237,12,56,0.9968,3.49,0.67,9.2,5.05
10,0.31,0.47,2.6,0.085,2.62444228942649,14,33,0.99965,3.36,0.8,10.5,7.1
7.9,0.33,0.23,1.7,0.077,1.97267679077447,18,45,0.99625,3.29,0.65,9.3,5.08
7,0.975,0.04,2,0.087,1.72569807942682,12,67,0.99565,3.35,0.6,9.4,3.93
8,0.52,0.03,1.7,0.07,2.09304834163182,10,35,0.99575,3.34,0.57,10,5.02
7.9,0.37,0.23,1.8,0.077,3.10019788533634,23,49,0.9963,3.28,0.67,9.3,4.91
12.5,0.56,0.49,2.4,0.064,3.2025791547016,5,27,0.9999,3.08,0.87,10.9,5.16
11.8,0.26,0.52,1.8,0.071,4.2445016141439,6,10,0.9968,3.2,0.72,10.2,6.93
8.1,0.87,0,3.3,0.096,3.59808725207237,26,61,1.00025,3.6,0.72,9.8,4.09
7.9,0.35,0.46,3.6,0.078,3.27054981565643,15,37,0.9973,3.35,0.86,12.8,7.99
11.5,0.18,0.51,4,0.104,1.40143753415588,4,23,0.9996,3.28,0.97,10.1,6
7.9,0.545,0.06,4,0.087,1.58421583400774,27,61,0.9965,3.36,0.67,10.7,6.06
11.5,0.18,0.51,4,0.104,1.81320190003782,4,23,0.9996,3.28,0.97,10.1,5.98
10.9,0.37,0.58,4,0.071,1.12400562259673,17,65,0.99935,3.22,0.78,10.1,5.02
8.4,0.715,0.2,2.4,0.076,0.141836999323547,10,38,0.99735,3.31,0.64,9.4,4.98
7.5,0.65,0.18,7,0.088,2.18275084229832,27,94,0.99915,3.38,0.77,9.4,5.05
7.9,0.545,0.06,4,0.087,2.49939352060335,27,61,0.9965,3.36,0.67,10.7,6.23
6.9,0.54,0.04,3,0.077,4.29050842665345,7,27,0.9987,3.69,0.91,9.4,6.08
11.5,0.18,0.51,4,0.104,2.2745191470983,4,23,0.9996,3.28,0.97,10.1,5.98
8.9,0.4,0.32,5.6,0.087,2.88790049700482,10,47,0.9991,3.38,0.77,10.5,7.13
11.4,0.26,0.44,3.6,0.071,1.19975510965315,6,19,0.9986,3.12,0.82,9.3,6.06
7.7,0.27,0.68,3.5,0.358,1.247852498546,5,10,0.9972,3.25,1.08,9.9,7.03
7.6,0.52,0.12,3,0.067,1.19829513536167,12,53,0.9971,3.36,0.57,9.1,4.94
9.9,0.59,0.07,3.4,0.102,2.90880849133447,32,71,1.00015,3.31,0.71,9.8,5.03
9.9,0.59,0.07,3.4,0.102,2.47442139649848,32,71,1.00015,3.31,0.71,9.8,4.95
12,0.45,0.55,2,0.073,1.8977268872215,25,49,0.9997,3.1,0.76,10.3,5.89
7.5,0.4,0.12,3,0.092,2.27243822127094,29,53,0.9967,3.37,0.7,10.3,6.1
8.7,0.52,0.09,2.5,0.091,2.37300930666433,20,49,0.9976,3.34,0.86,10.6,7.06
11.6,0.42,0.53,3.3,0.105,0.0204386823057914,33,98,1.001,3.2,0.95,9.2,5.18
8.7,0.52,0.09,2.5,0.091,2.66289732085822,20,49,0.9976,3.34,0.86,10.6,7.11
11,0.2,0.48,2,0.343,2.97232125944592,6,18,0.9979,3.3,0.71,10.5,4.86
10.4,0.55,0.23,2.7,0.091,2.34821175916689,18,48,0.9994,3.22,0.64,10.3,6.08
6.9,0.36,0.25,2.4,0.098,1.63686550391733,5,16,0.9964,3.41,0.6,10.1,5.91
13.3,0.34,0.52,3.2,0.094,2.44041461798753,17,53,1.0014,3.05,0.81,9.5,6.02
10.8,0.5,0.46,2.5,0.073,0.853722259506327,5,27,1.0001,3.05,0.64,9.5,4.95
10.6,0.83,0.37,2.6,0.086,1.5262193961293,26,70,0.9981,3.16,0.52,9.9,4.99
7.1,0.63,0.06,2,0.083,1.86279137202972,8,29,0.99855,3.67,0.73,9.6,5.03
7.2,0.65,0.02,2.3,0.094,1.47379000150068,5,31,0.9993,3.67,0.8,9.7,5.09
6.9,0.67,0.06,2.1,0.08,1.11923192396882,8,33,0.99845,3.68,0.71,9.6,5.05
7.5,0.53,0.06,2.6,0.086,3.19859393442987,20,44,0.9965,3.38,0.59,10.7,5.97
11.1,0.18,0.48,1.5,0.068,1.21726957515478,7,15,0.9973,3.22,0.64,10.1,5.94
8.3,0.705,0.12,2.6,0.092,1.81982415884365,12,28,0.9994,3.51,0.72,10,5.05
7.4,0.67,0.12,1.6,0.186,1.82927728886198,5,21,0.996,3.39,0.54,9.5,5.16
10.3,0.53,0.48,2.5,0.063,2.15373255823591,6,25,0.9998,3.12,0.59,9.3,6.02
10.3,0.41,0.42,2.4,0.213,1.01443485593147,6,14,0.9994,3.19,0.62,9.5,6.09
10.3,0.43,0.44,2.4,0.214,2.0456846430092,5,12,0.9994,3.19,0.63,9.5,5.92
7.4,0.29,0.38,1.7,0.062,3.48025328965682,9,30,0.9968,3.41,0.53,9.5,6.06
7.9,0.53,0.24,2,0.072,3.280484186186,15,105,0.996,3.27,0.54,9.4,5.92
9,0.46,0.31,2.8,0.093,2.93963731083734,19,98,0.99815,3.32,0.63,9.5,5.89
8.6,0.47,0.3,3,0.076,4.23731863174849,30,135,0.9976,3.3,0.53,9.4,4.96
7.1,0.35,0.29,2.5,0.096,3.0119662694174,20,53,0.9962,3.42,0.65,11,6.14
9.6,0.56,0.23,3.4,0.102,1.49724515138822,37,92,0.9996,3.3,0.65,10.1,5.01
9.6,0.77,0.12,2.9,0.082,3.60927645400286,30,74,0.99865,3.3,0.64,10.4,5.98
9.8,0.66,0.39,3.2,0.083,2.06251718479248,21,59,0.9989,3.37,0.71,11.5,6.91
9.6,0.77,0.12,2.9,0.082,1.73187403144117,30,74,0.99865,3.3,0.64,10.4,6.11
9.8,0.66,0.39,3.2,0.083,2.18416199262832,21,59,0.9989,3.37,0.71,11.5,7.02
9.3,0.61,0.26,3.4,0.09,3.989985972925,25,87,0.99975,3.24,0.62,9.7,4.94
7.8,0.62,0.05,2.3,0.079,1.58534491059922,6,18,0.99735,3.29,0.63,9.3,5.03
10,0.49,0.2,11,0.071,3.83929563251309,13,50,1.0015,3.16,0.69,9.2,5.96
10,0.49,0.2,11,0.071,1.55649861937047,13,50,1.0015,3.16,0.69,9.2,5.96
10.3,0.44,0.5,4.5,0.107,4.3017960071422,5,13,0.998,3.28,0.83,11.5,4.94
10.7,0.46,0.39,2,0.061,2.21889899290011,7,15,0.9981,3.18,0.62,9.5,5.01
10.2,0.36,0.64,2.9,0.122,1.25809168351915,10,41,0.998,3.23,0.66,12.5,5.81
8,0.58,0.28,3.2,0.066,1.70746340107195,21,114,0.9973,3.22,0.54,9.4,6.03
8.4,0.56,0.08,2.1,0.105,3.8952183197569,16,44,0.9958,3.13,0.52,11,5.04
7.9,0.65,0.01,2.5,0.078,2.28951310481584,17,38,0.9963,3.34,0.74,11.7,6.85
11.9,0.695,0.53,3.4,0.128,2.2843514653611,7,21,0.9992,3.17,0.84,12.2,7
7.8,0.43,0.32,2.8,0.08,1.71976488903089,29,58,0.9974,3.31,0.64,10.3,4.96
12.4,0.49,0.58,3,0.103,1.13213167645032,28,99,1.0008,3.16,1,11.5,5.91
12.5,0.28,0.54,2.3,0.082,2.12596441734429,12,29,0.9997,3.11,1.36,9.8,7.06
12.2,0.34,0.5,2.4,0.066,2.62600714481637,10,21,1,3.12,1.18,9.2,5.93
10.9,0.39,0.47,1.8,0.118,2.0484811826892,6,14,0.9982,3.3,0.75,9.8,6.01
10.9,0.39,0.47,1.8,0.118,3.37751955579553,6,14,0.9982,3.3,0.75,9.8,6.21
11.9,0.57,0.5,2.6,0.082,2.75924964692514,6,32,1.0006,3.12,0.78,10.7,5.99
7,0.685,0,1.9,0.067,0.667697915285586,40,63,0.9979,3.6,0.81,9.9,4.85
6.6,0.815,0.02,2.7,0.072,1.00668371503046,17,34,0.9955,3.58,0.89,12.3,7.07
13.8,0.49,0.67,3,0.093,4.20557546840249,6,15,0.9986,3.02,0.93,12,6.09
9.6,0.56,0.31,2.8,0.089,0.897556265180799,15,46,0.9979,3.11,0.92,10,6.1
9.1,0.785,0,2.6,0.093,1.61702469825572,11,28,0.9994,3.36,0.86,9.4,5.92
10.7,0.67,0.22,2.7,0.107,2.89805161996709,17,34,1.0004,3.28,0.98,9.9,5.94
9.1,0.795,0,2.6,0.096,2.72322145116028,11,26,0.9994,3.35,0.83,9.4,5.92
7.7,0.665,0,2.4,0.09,3.93221233659542,8,19,0.9974,3.27,0.73,9.3,4.86
13.5,0.53,0.79,4.8,0.12,2.77203852668904,23,77,1.0018,3.18,0.77,13,5.04
6.7,0.75,0.01,2.4,0.078,3.69499052333225,17,32,0.9955,3.55,0.61,12.8,5.93
11.5,0.41,0.52,3,0.08,2.17709112345965,29,55,1.0001,3.26,0.88,11,5.13
10.5,0.42,0.66,2.95,0.116,3.41239379487969,12,29,0.997,3.24,0.75,11.7,6.97
11.9,0.43,0.66,3.1,0.109,2.04399912555158,10,23,1,3.15,0.85,10.4,6.9
12.6,0.38,0.66,2.6,0.088,2.89452913399201,10,41,1.001,3.17,0.68,9.8,5.87
8.2,0.7,0.23,2,0.099,0.514180823734162,14,81,0.9973,3.19,0.7,9.4,4.89
8.6,0.45,0.31,2.6,0.086,0.933400329421872,21,50,0.9982,3.37,0.91,9.9,6.03
11.9,0.58,0.66,2.5,0.072,1.92946754092272,6,37,0.9992,3.05,0.56,10,4.88
12.8,0.615,0.66,5.8,0.083,2.08508688558497,7,42,1.0022,3.07,0.73,10,7.04
10,0.42,0.5,3.4,0.107,3.09272855010687,7,21,0.9979,3.26,0.93,11.8,6.1
12.8,0.615,0.66,5.8,0.083,1.39467579712188,7,42,1.0022,3.07,0.73,10,7.12
10.4,0.575,0.61,2.6,0.076,1.43199682177865,11,24,1,3.16,0.69,9,4.88
10.3,0.34,0.52,2.8,0.159,2.28886661804389,15,75,0.9998,3.18,0.64,9.4,4.95
9.4,0.27,0.53,2.4,0.074,2.31532933527679,6,18,0.9962,3.2,1.13,12,6.96
6.9,0.765,0.02,2.3,0.063,1.70187770314581,35,63,0.9975,3.57,0.78,9.9,4.98
7.9,0.24,0.4,1.6,0.056,1.87349538072401,11,25,0.9967,3.32,0.87,8.7,6.06
9.1,0.28,0.48,1.8,0.067,1.3194759477806,26,46,0.9967,3.32,1.04,10.6,6.1
7.4,0.55,0.22,2.2,0.106,0.143893618842461,12,72,0.9959,3.05,0.63,9.2,5.06
14,0.41,0.63,3.8,0.089,2.34488272056276,6,47,1.0014,3.01,0.81,10.8,6.01
11.5,0.54,0.71,4.4,0.124,2.3387976057124,6,15,0.9984,3.01,0.83,11.8,7
11.5,0.45,0.5,3,0.078,2.48216082290035,19,47,1.0003,3.26,1.11,11,5.88
9.4,0.27,0.53,2.4,0.074,1.14784675050126,6,18,0.9962,3.2,1.13,12,6.99
11.4,0.625,0.66,6.2,0.088,1.03309433106241,6,24,0.9988,3.11,0.99,13.3,6.26
8.3,0.42,0.38,2.5,0.094,1.64608361895371,24,60,0.9979,3.31,0.7,10.8,6.24
8.3,0.26,0.42,2,0.08,0.908070410214068,11,27,0.9974,3.21,0.8,9.4,6.05
13.7,0.415,0.68,2.9,0.085,2.98521418541675,17,43,1.0014,3.06,0.8,10,6.18
8.3,0.26,0.42,2,0.08,1.72558278615684,11,27,0.9974,3.21,0.8,9.4,6.04
8.3,0.26,0.42,2,0.08,3.22698317714061,11,27,0.9974,3.21,0.8,9.4,6.05
7.7,0.51,0.28,2.1,0.087,0.822876001485407,23,54,0.998,3.42,0.74,9.2,4.88
7.8,0.54,0.26,2,0.088,-0.484176678799777,23,48,0.9981,3.41,0.74,9.2,6.04
8.3,0.66,0.15,1.9,0.079,2.29567950498518,17,42,0.9972,3.31,0.54,9.6,6.02
7.8,0.46,0.26,1.9,0.088,3.35691421032571,23,53,0.9981,3.43,0.74,9.2,5.85
5.6,0.85,0.05,1.4,0.045,2.23236116876658,12,88,0.9924,3.56,0.82,12.9,7.89
9.5,0.37,0.52,2,0.082,2.04045628159299,6,26,0.998,3.18,0.51,9.5,4.95
8.4,0.665,0.61,2,0.112,3.5119612619097,13,95,0.997,3.16,0.54,9.1,5.09
12.7,0.6,0.65,2.3,0.063,1.8393208605828,6,25,0.9997,3.03,0.57,9.9,5.17
12,0.37,0.76,4.2,0.066,1.56721498206222,7,38,1.0004,3.22,0.6,13,7.07
6.6,0.735,0.02,7.9,0.122,0.984665527413098,68,124,0.9994,3.47,0.53,9.9,4.96
11.5,0.59,0.59,2.6,0.087,3.36646140350944,13,49,0.9988,3.18,0.65,11,5.98
11.5,0.59,0.59,2.6,0.087,1.30335686114931,13,49,0.9988,3.18,0.65,11,6.09
6.6,0.735,0.02,7.9,0.122,3.35759211572316,68,124,0.9994,3.47,0.53,9.9,4.96
7.7,0.26,0.3,1.7,0.059,1.09090530343655,20,38,0.9949,3.29,0.47,10.8,5.89
12.2,0.48,0.54,2.6,0.085,1.31828451590832,19,64,1,3.1,0.61,10.5,5.86
11.4,0.6,0.49,2.7,0.085,2.40833874638268,10,41,0.9994,3.15,0.63,10.5,6.07
7.7,0.69,0.05,2.7,0.075,0.667889305076979,15,27,0.9974,3.26,0.61,9.1,5
8.7,0.31,0.46,1.4,0.059,1.93918090179167,11,25,0.9966,3.36,0.76,10.1,6.01
9.8,0.44,0.47,2.5,0.063,1.05329890083464,9,28,0.9981,3.24,0.65,10.8,5.99
12,0.39,0.66,3,0.093,1.36252768646269,12,30,0.9996,3.18,0.63,10.8,7.07
10.4,0.34,0.58,3.7,0.174,1.54521748090297,6,16,0.997,3.19,0.7,11.3,6.08
9,0.43,0.34,2.5,0.08,3.09601186244554,26,86,0.9987,3.38,0.62,9.5,5.99
9.1,0.45,0.35,2.4,0.08,2.30100605174811,23,78,0.9987,3.38,0.62,9.5,4.93
7.1,0.735,0.16,1.9,0.1,0.794043023299905,15,77,0.9966,3.27,0.64,9.3,5.05
9.9,0.4,0.53,6.7,0.097,2.79006244340698,6,19,0.9986,3.27,0.82,11.7,7.12
8.8,0.52,0.34,2.7,0.087,1.9236007920302,24,122,0.9982,3.26,0.61,9.5,5.13
8.6,0.725,0.24,6.6,0.117,1.98297478551658,31,134,1.0014,3.32,1.07,9.3,4.86
10.6,0.48,0.64,2.2,0.111,2.53520782780935,6,20,0.997,3.26,0.66,11.7,6
7,0.58,0.12,1.9,0.091,1.95309878820955,34,124,0.9956,3.44,0.48,10.5,4.89
11.9,0.38,0.51,2,0.121,1.05344101435483,7,20,0.9996,3.24,0.76,10.4,6.1
6.8,0.77,0,1.8,0.066,0.541619937650203,34,52,0.9976,3.62,0.68,9.9,5.04
6.6,0.84,0.03,2.3,0.059,1.18606998143514,32,48,0.9952,3.52,0.56,12.3,7.14
7.7,0.96,0.2,2,0.047,2.36661663368314,15,60,0.9955,3.36,0.44,10.9,4.87
10.5,0.24,0.47,2.1,0.066,1.54018263483739,6,24,0.9978,3.15,0.9,11,7.09
6.6,0.84,0.03,2.3,0.059,2.41941134333667,32,48,0.9952,3.52,0.56,12.3,7.17
6.4,0.67,0.08,2.1,0.045,1.75623318030236,19,48,0.9949,3.49,0.49,11.4,6.09
9.5,0.78,0.22,1.9,0.077,1.33735609057057,6,32,0.9988,3.26,0.56,10.6,5.89
9.1,0.52,0.33,1.3,0.07,2.75671564031886,9,30,0.9978,3.24,0.6,9.3,5
12.8,0.84,0.63,2.4,0.088,2.62143297139565,13,35,0.9997,3.1,0.6,10.4,6.07
10.5,0.24,0.47,2.1,0.066,2.19384589353227,6,24,0.9978,3.15,0.9,11,7.03
7.8,0.55,0.35,2.2,0.074,2.17987131432509,21,66,0.9974,3.25,0.56,9.2,5.09
11.9,0.37,0.69,2.3,0.078,3.46394739681718,12,24,0.9958,3,0.65,12.8,5.92
12.3,0.39,0.63,2.3,0.091,1.58105825053235,6,18,1.0004,3.16,0.49,9.5,5.03
10.4,0.41,0.55,3.2,0.076,2.64814017691043,22,54,0.9996,3.15,0.89,9.9,6
12.3,0.39,0.63,2.3,0.091,1.75068304114621,6,18,1.0004,3.16,0.49,9.5,4.95
8,0.67,0.3,2,0.06,1.47085488294858,38,62,0.9958,3.26,0.56,10.2,6.22
11.1,0.45,0.73,3.2,0.066,2.68499566358265,6,22,0.9986,3.17,0.66,11.2,5.92
10.4,0.41,0.55,3.2,0.076,1.82683776914544,22,54,0.9996,3.15,0.89,9.9,6.01
7,0.62,0.18,1.5,0.062,3.59707536883848,7,50,0.9951,3.08,0.6,9.3,4.98
12.6,0.31,0.72,2.2,0.072,1.60033782781056,6,29,0.9987,2.88,0.82,9.8,8.05
11.9,0.4,0.65,2.15,0.068,1.14544474044298,7,27,0.9988,3.06,0.68,11.3,5.82
15.6,0.685,0.76,3.7,0.1,2.6243329746192,6,43,1.0032,2.95,0.68,11.2,7.07
10,0.44,0.49,2.7,0.077,2.170582994438,11,19,0.9963,3.23,0.63,11.6,6.96
5.3,0.57,0.01,1.7,0.054,2.21651338831898,5,27,0.9934,3.57,0.84,12.5,7.01
12.5,0.38,0.6,2.6,0.081,2.06493838029127,31,72,0.9996,3.1,0.73,10.5,4.97
9.3,0.48,0.29,2.1,0.127,-0.57518139399065,6,16,0.9968,3.22,0.72,11.2,4.93
8.6,0.53,0.22,2,0.1,2.16880563042305,7,27,0.9967,3.2,0.56,10.2,6.13
11.9,0.39,0.69,2.8,0.095,2.66888303566919,17,35,0.9994,3.1,0.61,10.8,5.91
11.9,0.39,0.69,2.8,0.095,0.281649719330507,17,35,0.9994,3.1,0.61,10.8,6.08
6.8,0.56,0.03,1.7,0.084,3.0369212896388,18,35,0.9968,3.44,0.63,10,6.13
10.4,0.33,0.63,2.8,0.084,0.851579693729316,5,22,0.9998,3.26,0.74,11.2,6.95
7,0.23,0.4,1.6,0.063,2.80957486754369,21,67,0.9952,3.5,0.63,11.1,5.02
11.3,0.62,0.67,5.2,0.086,-0.183303567615612,6,19,0.9988,3.22,0.69,13.4,7.92
8.9,0.59,0.39,2.3,0.095,1.42143564980542,5,22,0.9986,3.37,0.58,10.3,4.85
9.2,0.63,0.21,2.7,0.097,3.1301085767683,29,65,0.9988,3.28,0.58,9.6,5.09
10.4,0.33,0.63,2.8,0.084,2.99956425611912,5,22,0.9998,3.26,0.74,11.2,7.1
11.6,0.58,0.66,2.2,0.074,1.41229107335481,10,47,1.0008,3.25,0.57,9,3.05
8.3,0.615,0.22,2.6,0.087,-0.741549110162879,6,19,0.9982,3.26,0.61,9.3,4.95
11,0.26,0.68,2.55,0.085,2.85183727329313,10,25,0.997,3.18,0.61,11.8,5.01
8.1,0.66,0.7,2.2,0.098,1.66285993931603,25,129,0.9972,3.08,0.53,9,4.8
11.5,0.315,0.54,2.1,0.084,2.23961481462689,5,15,0.9987,2.98,0.7,9.2,5.89
10,0.29,0.4,2.9,0.098,1.58789779642027,10,26,1.0006,3.48,0.91,9.7,4.8
10.3,0.5,0.42,2,0.069,0.643206878459566,21,51,0.9982,3.16,0.72,11.5,6
8.8,0.46,0.45,2.6,0.065,2.4615945508368,7,18,0.9947,3.32,0.79,14,6.16
8.7,0.82,0.02,1.2,0.07,2.70137522708929,36,48,0.9952,3.2,0.58,9.8,5
13,0.32,0.65,2.6,0.093,4.17375783140325,15,47,0.9996,3.05,0.61,10.6,5
9.6,0.54,0.42,2.4,0.081,0.373738792697014,25,52,0.997,3.2,0.71,11.4,5.93
12.5,0.37,0.55,2.6,0.083,2.93227944669553,25,68,0.9995,3.15,0.82,10.4,6.03
9.9,0.35,0.55,2.1,0.062,1.21217134367016,5,14,0.9971,3.26,0.79,10.6,5.14
10.5,0.28,0.51,1.7,0.08,3.5893488848544,10,24,0.9982,3.2,0.89,9.4,6.04
9.6,0.68,0.24,2.2,0.087,1.65112604445986,5,28,0.9988,3.14,0.6,10.2,5.15
9.3,0.27,0.41,2,0.091,1.47469672739438,6,16,0.998,3.28,0.7,9.7,4.83
10.4,0.24,0.49,1.8,0.075,2.56339919131743,6,20,0.9977,3.18,1.06,11,6.02
9.4,0.685,0.11,2.7,0.077,1.61893004492499,6,31,0.9984,3.19,0.7,10.1,6.17
9.4,0.3,0.56,2.8,0.08,1.47762722024102,6,17,0.9964,3.15,0.92,11.7,8.03
10.6,0.36,0.59,2.2,0.152,3.10823141354889,6,18,0.9986,3.04,1.05,9.4,4.93
10.6,0.36,0.6,2.2,0.152,2.76790102454579,7,18,0.9986,3.04,1.06,9.4,5.1
10.6,0.44,0.68,4.1,0.114,2.16061866209241,6,24,0.997,3.06,0.66,13.4,6.02
10.2,0.67,0.39,1.9,0.054,1.5134686530463,6,17,0.9976,3.17,0.47,10,4.94
10.2,0.67,0.39,1.9,0.054,2.76948977880469,6,17,0.9976,3.17,0.47,10,4.88
10.2,0.645,0.36,1.8,0.053,2.49689098404572,5,14,0.9982,3.17,0.42,10,6.01
11.6,0.32,0.55,2.8,0.081,1.32833634460151,35,67,1.0002,3.32,0.92,10.8,6.95
9.3,0.39,0.4,2.6,0.073,1.68291126108274,10,26,0.9984,3.34,0.75,10.2,5.75
9.3,0.775,0.27,2.8,0.078,2.90045081986143,24,56,0.9984,3.31,0.67,10.6,5.97
9.2,0.41,0.5,2.5,0.055,1.31358325884034,12,25,0.9952,3.34,0.79,13.3,7
8.7,0.69,0.31,3,0.086,1.7804932774458,23,81,1.0002,3.48,0.74,11.6,5.86
6.5,0.39,0.23,8.3,0.051,3.38138449909265,28,91,0.9952,3.44,0.55,12.1,5.86
10.7,0.35,0.53,2.6,0.07,3.70484904341727,5,16,0.9972,3.15,0.65,11,7.93
7.8,0.52,0.25,1.9,0.081,0.307279792745565,14,38,0.9984,3.43,0.65,9,6.05
7.2,0.34,0.32,2.5,0.09,0.984262579674327,43,113,0.9966,3.32,0.79,11.1,4.98
10.7,0.35,0.53,2.6,0.07,1.57454368954266,5,16,0.9972,3.15,0.65,11,7.99
8.7,0.69,0.31,3,0.086,2.75292574145084,23,81,1.0002,3.48,0.74,11.6,5.99
7.8,0.52,0.25,1.9,0.081,1.51427026299677,14,38,0.9984,3.43,0.65,9,6.01
10.4,0.44,0.73,6.55,0.074,1.43215796582462,38,76,0.999,3.17,0.85,12,7.02
10.4,0.44,0.73,6.55,0.074,2.12774476227286,38,76,0.999,3.17,0.85,12,7.03
10.5,0.26,0.47,1.9,0.078,1.67501212167799,6,24,0.9976,3.18,1.04,10.9,7.1
10.5,0.24,0.42,1.8,0.077,0.957701089685833,6,22,0.9976,3.21,1.05,10.8,6.78
10.2,0.49,0.63,2.9,0.072,2.55469648324851,10,26,0.9968,3.16,0.78,12.5,6.92
10.4,0.24,0.46,1.8,0.075,2.04429925660676,6,21,0.9976,3.25,1.02,10.8,6.99
11.2,0.67,0.55,2.3,0.084,-0.041219014471404,6,13,1,3.17,0.71,9.5,6.13
10,0.59,0.31,2.2,0.09,1.44718415895018,26,62,0.9994,3.18,0.63,10.2,5.99
13.3,0.29,0.75,2.8,0.084,2.23645210607363,23,43,0.9986,3.04,0.68,11.4,6.91
12.4,0.42,0.49,4.6,0.073,0.970828611485654,19,43,0.9978,3.02,0.61,9.5,5
10,0.59,0.31,2.2,0.09,0.898609871584593,26,62,0.9994,3.18,0.63,10.2,6.08
10.7,0.4,0.48,2.1,0.125,2.34873885011276,15,49,0.998,3.03,0.81,9.7,6.15
10.5,0.51,0.64,2.4,0.107,2.4929406284583,6,15,0.9973,3.09,0.66,11.8,7.01
10.5,0.51,0.64,2.4,0.107,2.64588582782926,6,15,0.9973,3.09,0.66,11.8,7.15
8.5,0.655,0.49,6.1,0.122,2.25894554648572,34,151,1.001,3.31,1.14,9.3,4.95
12.5,0.6,0.49,4.3,0.1,1.29580603545027,5,14,1.001,3.25,0.74,11.9,6
10.4,0.61,0.49,2.1,0.2,0.800952888323846,5,16,0.9994,3.16,0.63,8.4,2.95
10.9,0.21,0.49,2.8,0.088,1.74008000193691,11,32,0.9972,3.22,0.68,11.7,5.97
9.8,0.25,0.49,2.7,0.088,1.6190149388661,15,33,0.9982,3.42,0.9,10,5.83
8.2,0.39,0.49,2.3,0.099,3.0613845314634,47,133,0.9979,3.38,0.99,9.8,5.07
9.2,0.43,0.49,2.4,0.086,0.798445845066779,23,116,0.9976,3.23,0.64,9.5,4.99
10.4,0.64,0.24,2.8,0.105,2.55858724511528,29,53,0.9998,3.24,0.67,9.9,5.03
7.3,0.365,0.49,2.5,0.088,2.28429724357866,39,106,0.9966,3.36,0.78,11,4.92
7,0.38,0.49,2.5,0.097,2.25778789257922,33,85,0.9962,3.39,0.77,11.4,5.91
8.2,0.42,0.49,2.6,0.084,2.49485533032275,32,55,0.9988,3.34,0.75,8.7,6.12
9.9,0.63,0.24,2.4,0.077,2.72698473270489,6,33,0.9974,3.09,0.57,9.4,4.93
9.1,0.22,0.24,2.1,0.078,1.87604523147715,1,28,0.999,3.41,0.87,10.3,5.95
11.9,0.38,0.49,2.7,0.098,0.76744579239401,12,42,1.0004,3.16,0.61,10.3,4.92
11.9,0.38,0.49,2.7,0.098,3.53757034014006,12,42,1.0004,3.16,0.61,10.3,4.94
10,0.48,0.24,2.7,0.102,2.29410482951345,13,32,1,3.28,0.56,10,5.99
9.1,0.22,0.24,2.1,0.078,1.88858053938102,1,28,0.999,3.41,0.87,10.3,6.12
9.9,0.63,0.24,2.4,0.077,3.06494577744603,6,33,0.9974,3.09,0.57,9.4,4.94
8.1,0.825,0.24,2.1,0.084,1.78393299762697,5,13,0.9972,3.37,0.77,10.7,5.71
12.9,0.35,0.49,5.8,0.066,2.94341449806074,5,35,1.0014,3.2,0.66,12,6.88
11.2,0.5,0.74,5.15,0.1,-0.492313243589903,5,17,0.9996,3.22,0.62,11.2,5.13
9.2,0.59,0.24,3.3,0.101,2.39879956723502,20,47,0.9988,3.26,0.67,9.6,5.1
9.5,0.46,0.49,6.3,0.064,2.16395282755776,5,17,0.9988,3.21,0.73,11,6.15
11.2,0.66,0.24,2.5,0.085,2.25840292741056,16,53,0.9993,3.06,0.72,11,6.15
14.3,0.31,0.74,1.8,0.075,2.02258855252894,6,15,1.0008,2.86,0.79,8.4,5.9
9.1,0.47,0.49,2.6,0.094,-0.131967647991209,38,106,0.9982,3.08,0.59,9.1,5.1
12.4,0.35,0.49,2.6,0.079,1.67057806408699,27,69,0.9994,3.12,0.75,10.4,6.04
9,0.53,0.49,1.9,0.171,4.14958341920669,6,25,0.9975,3.27,0.61,9.4,5.86
6.8,0.51,0.01,2.1,0.074,3.18040056075715,9,25,0.9958,3.33,0.56,9.5,6.08
9.4,0.43,0.24,2.8,0.092,1.19080021353952,14,45,0.998,3.19,0.73,10,6.02
9.5,0.46,0.24,2.7,0.092,1.83266571909278,14,44,0.998,3.12,0.74,10,6.01
5,1.04,0.24,1.6,0.05,3.25714648945999,32,96,0.9934,3.74,0.62,11.5,5.08
15.5,0.645,0.49,4.2,0.095,0.655972948394788,10,23,1.00315,2.92,0.74,11.1,4.97
15.5,0.645,0.49,4.2,0.095,2.51385405565455,10,23,1.00315,2.92,0.74,11.1,5.19
15.6,0.645,0.49,4.2,0.095,1.60100192011085,10,23,1.00315,2.92,0.74,11.1,4.75
10.9,0.53,0.49,4.6,0.118,2.15313304710517,10,17,1.0002,3.07,0.56,11.7,5.99
13,0.47,0.49,4.3,0.085,2.42361422134229,6,47,1.0021,3.3,0.68,12.7,5.93
12.7,0.6,0.49,2.8,0.075,1.48463758836212,5,19,0.9994,3.14,0.57,11.4,5.03
9,0.44,0.49,2.4,0.078,2.66178886367223,26,121,0.9978,3.23,0.58,9.2,4.95
9,0.54,0.49,2.9,0.094,1.9513779100316,41,110,0.9982,3.08,0.61,9.2,5.11
7.6,0.29,0.49,2.7,0.092,1.72185790377293,25,60,0.9971,3.31,0.61,10.1,6.01
13,0.47,0.49,4.3,0.085,2.46207553137285,6,47,1.0021,3.3,0.68,12.7,6.15
12.7,0.6,0.49,2.8,0.075,1.99322634005545,5,19,0.9994,3.14,0.57,11.4,5.02
8.7,0.7,0.24,2.5,0.226,3.3301467075809,5,15,0.9991,3.32,0.6,9,6.03
9.8,0.5,0.49,2.6,0.25,1.97860211246467,5,20,0.999,3.31,0.79,10.7,6.1
11.5,0.35,0.49,3.3,0.07,2.03872245793721,10,37,1.0003,3.32,0.91,11,5.97
6.2,0.36,0.24,2.2,0.095,2.88809996666208,19,42,0.9946,3.57,0.57,11.7,6.05
10.2,0.24,0.49,2.4,0.075,3.57164360199596,10,28,0.9978,3.14,0.61,10.4,4.96
10.5,0.59,0.49,2.1,0.07,1.60779840933094,14,47,0.9991,3.3,0.56,9.6,4.19
10.6,0.34,0.49,3.2,0.078,0.773337860681614,20,78,0.9992,3.19,0.7,10,5.93
12.3,0.27,0.49,3.1,0.079,2.87927558274779,28,46,0.9993,3.2,0.8,10.2,5.99
9.9,0.5,0.24,2.3,0.103,2.72811887767532,6,14,0.9978,3.34,0.52,10,3.81
8.8,0.44,0.49,2.8,0.083,1.63674504060795,18,111,0.9982,3.3,0.6,9.5,4.94
8.8,0.47,0.49,2.9,0.085,1.23972853713468,17,110,0.9982,3.29,0.6,9.8,5.02
10.6,0.31,0.49,2.2,0.063,2.91663607007528,18,40,0.9976,3.14,0.51,9.8,5.89
12.3,0.5,0.49,2.2,0.089,-0.392589164323624,5,14,1.0002,3.19,0.44,9.6,4.91
11.7,0.49,0.49,2.2,0.083,0.847419630482269,5,15,1,3.19,0.43,9.2,5.02
12,0.28,0.49,1.9,0.074,3.07302949781891,10,21,0.9976,2.98,0.66,9.9,7.08
11.8,0.33,0.49,3.4,0.093,3.59820146546137,54,80,1.0002,3.3,0.76,10.7,6.96
7.6,0.51,0.24,2.4,0.091,2.97578238753197,8,38,0.998,3.47,0.66,9.6,6.03
11.1,0.31,0.49,2.7,0.094,2.70275519722723,16,47,0.9986,3.12,1.02,10.6,6.94
7.3,0.73,0.24,1.9,0.108,2.55319712341002,18,102,0.9967,3.26,0.59,9.3,4.92
5,0.42,0.24,2,0.06,1.88026971187306,19,50,0.9917,3.72,0.74,14,8.2
10.2,0.29,0.49,2.6,0.059,1.05390954512568,5,13,0.9976,3.05,0.74,10.5,6.94
9,0.45,0.49,2.6,0.084,1.74033694599069,21,75,0.9987,3.35,0.57,9.7,4.94
6.6,0.39,0.49,1.7,0.07,1.30997490463315,23,149,0.9922,3.12,0.5,11.5,6.13
9,0.45,0.49,2.6,0.084,-0.141037863109524,21,75,0.9987,3.35,0.57,9.7,4.97
9.9,0.49,0.58,3.5,0.094,-0.211656096123521,9,43,1.0004,3.29,0.58,9,4.98
8.9,0.595,0.41,7.9,0.086,3.23378472227189,30,109,0.9998,3.27,0.57,9.3,4.98
12.4,0.4,0.51,2,0.059,3.12028199909881,6,24,0.9994,3.04,0.6,9.3,5.98
8.5,0.585,0.18,2.1,0.078,1.9404829565176,5,30,0.9967,3.2,0.48,9.8,5.85
12.7,0.59,0.45,2.3,0.082,2.71278095613488,11,22,1,3,0.7,9.3,6.12
7.7,0.835,0,2.6,0.081,2.98233692925955,6,14,0.9975,3.3,0.52,9.3,4.89
8.3,0.58,0.13,2.9,0.096,2.25851752557261,14,63,0.9984,3.17,0.62,9.1,6.16
8.3,0.6,0.13,2.6,0.085,1.38819667863564,6,24,0.9984,3.31,0.59,9.2,6.02
9.4,0.41,0.48,4.6,0.072,1.98802196841476,10,20,0.9973,3.34,0.79,12.2,6.91
8.8,0.48,0.41,3.3,0.092,0.664479760520449,26,52,0.9982,3.31,0.53,10.5,6.13
10.1,0.65,0.37,5.1,0.11,0.649208732935813,11,65,1.0026,3.32,0.64,10.4,6
6.3,0.36,0.19,3.2,0.075,3.14423013811141,15,39,0.9956,3.56,0.52,12.7,5.98
13.2,0.38,0.55,2.7,0.081,1.70364255638069,5,16,1.0006,2.98,0.54,9.4,4.9
7.5,0.64,0,2.4,0.077,1.78741560550032,18,29,0.9965,3.32,0.6,10,6.03
8.2,0.39,0.38,1.5,0.058,-0.3265670667857,10,29,0.9962,3.26,0.74,9.8,4.9
9.6,0.6,0.5,2.3,0.079,2.32568224929047,28,71,0.9997,3.5,0.57,9.7,4.97
9.6,0.6,0.5,2.3,0.079,0.623887499631107,28,71,0.9997,3.5,0.57,9.7,4.99
11.5,0.31,0.51,2.2,0.079,3.19572826630423,14,28,0.9982,3.03,0.93,9.8,6.12
11.4,0.46,0.5,2.7,0.122,2.90911699804621,4,17,1.0006,3.13,0.7,10.2,4.85
11.3,0.37,0.41,2.3,0.088,1.85825373203556,6,16,0.9988,3.09,0.8,9.3,4.98
8.3,0.54,0.24,3.4,0.076,4.89047325327301,16,112,0.9976,3.27,0.61,9.4,4.88
8.2,0.56,0.23,3.4,0.078,1.3659144988338,14,104,0.9976,3.28,0.62,9.4,5.04
10,0.58,0.22,1.9,0.08,2.71651339427729,9,32,0.9974,3.13,0.55,9.5,5
7.9,0.51,0.25,2.9,0.077,2.01658571835975,21,45,0.9974,3.49,0.96,12.1,5.93
6.8,0.69,0,5.6,0.124,2.59953032097302,21,58,0.9997,3.46,0.72,10.2,5.05
6.8,0.69,0,5.6,0.124,1.85173791955512,21,58,0.9997,3.46,0.72,10.2,4.91
8.8,0.6,0.29,2.2,0.098,2.01719843432898,5,15,0.9988,3.36,0.49,9.1,4.98
8.8,0.6,0.29,2.2,0.098,2.15792136417135,5,15,0.9988,3.36,0.49,9.1,5.18
7.6,0.685,0.23,2.3,0.111,1.33404038690107,20,84,0.9964,3.21,0.61,9.3,5.23
8.7,0.54,0.26,2.5,0.097,1.94183153095802,7,31,0.9976,3.27,0.6,9.3,6.05
10.4,0.28,0.54,2.7,0.105,1.63652516667897,5,19,0.9988,3.25,0.63,9.5,4.9
10.1,0.935,0.22,3.4,0.105,1.88874260449114,11,86,1.001,3.43,0.64,11.3,3.88
7.9,0.35,0.21,1.9,0.073,3.99822282463893,46,102,0.9964,3.27,0.58,9.5,4.85
8.7,0.84,0,1.4,0.065,1.0272294482761,24,33,0.9954,3.27,0.55,9.7,5.06
9.6,0.88,0.28,2.4,0.086,1.74899552935953,30,147,0.9979,3.24,0.53,9.4,4.95
9.5,0.885,0.27,2.3,0.084,3.06186985967364,31,145,0.9978,3.24,0.53,9.4,4.9
7.7,0.915,0.12,2.2,0.143,3.85630562079408,7,23,0.9964,3.35,0.65,10.2,6.93
8.9,0.29,0.35,1.9,0.067,2.63349097261823,25,57,0.997,3.18,1.36,10.3,5.91
9.9,0.54,0.45,2.3,0.071,2.82484741845304,16,40,0.9991,3.39,0.62,9.4,5.16
9.5,0.59,0.44,2.3,0.071,1.63934929070947,21,68,0.9992,3.46,0.63,9.5,5.29
9.9,0.54,0.45,2.3,0.071,2.50320698208145,16,40,0.9991,3.39,0.62,9.4,4.93
9.5,0.59,0.44,2.3,0.071,2.31553352807991,21,68,0.9992,3.46,0.63,9.5,5.07
9.9,0.54,0.45,2.3,0.071,2.04439998104955,16,40,0.9991,3.39,0.62,9.4,4.97
7.8,0.64,0.1,6,0.115,2.74766891604677,5,11,0.9984,3.37,0.69,10.1,6.98
7.3,0.67,0.05,3.6,0.107,3.56219005576685,6,20,0.9972,3.4,0.63,10.1,4.95
8.3,0.845,0.01,2.2,0.07,2.76142095433569,5,14,0.9967,3.32,0.58,11,3.89
8.7,0.48,0.3,2.8,0.066,3.02212165816102,10,28,0.9964,3.33,0.67,11.2,7
6.7,0.42,0.27,8.6,0.068,2.71735686912106,24,148,0.9948,3.16,0.57,11.3,6.05
10.7,0.43,0.39,2.2,0.106,1.49414847661875,8,32,0.9986,2.89,0.5,9.6,4.97
9.8,0.88,0.25,2.5,0.104,1.45041099096815,35,155,1.001,3.41,0.67,11.2,5.03
15.9,0.36,0.65,7.5,0.096,0.386897808809702,22,71,0.9976,2.98,0.84,14.9,4.93
9.4,0.33,0.59,2.8,0.079,0.879227401097052,9,30,0.9976,3.12,0.54,12,5.89
8.6,0.47,0.47,2.4,0.074,1.69348004426742,7,29,0.9979,3.08,0.46,9.5,4.89
10.7,0.43,0.39,2.2,0.106,1.75889659724504,8,32,0.9986,2.89,0.5,9.6,4.94
7.2,0.52,0.07,1.4,0.074,2.12041002387527,5,20,0.9973,3.32,0.81,9.6,6.03
7.1,0.84,0.02,4.4,0.096,1.85042765615967,5,13,0.997,3.41,0.57,11,3.88
7.2,0.52,0.07,1.4,0.074,3.13114394228205,5,20,0.9973,3.32,0.81,9.6,5.99
7.5,0.42,0.31,1.6,0.08,1.74684548931677,15,42,0.9978,3.31,0.64,9,5.21
10.1,0.28,0.46,1.8,0.05,1.70895705106957,5,13,0.9974,3.04,0.79,10.2,6.02
12.1,0.4,0.52,2,0.092,0.279055030597898,15,54,1,3.03,0.66,10.2,4.85
9.4,0.59,0.14,2,0.084,1.96359361700543,25,48,0.9981,3.14,0.56,9.7,5.19
11.3,0.34,0.45,2,0.082,0.567644613482198,6,15,0.9988,2.94,0.66,9.2,5.89
10,0.73,0.43,2.3,0.059,1.46292974524288,15,31,0.9966,3.15,0.57,11,5
11.3,0.34,0.45,2,0.082,-0.8829863017348,6,15,0.9988,2.94,0.66,9.2,5.97
6.9,0.4,0.24,2.5,0.083,2.18393189612377,30,45,0.9959,3.26,0.58,10,5.04
8.2,0.73,0.21,1.7,0.074,2.87372304448129,5,13,0.9968,3.2,0.52,9.5,4.76
9.8,1.24,0.34,2,0.079,2.07029737348272,32,151,0.998,3.15,0.53,9.5,4.87
10.8,0.4,0.41,2.2,0.084,2.32762652348788,7,17,0.9984,3.08,0.67,9.3,6.04
10.8,0.4,0.41,2.2,0.084,1.45939271610138,7,17,0.9984,3.08,0.67,9.3,5.86
8.6,0.8,0.11,2.3,0.084,2.41531035936374,12,31,0.9979,3.4,0.48,9.9,5
8.3,0.78,0.1,2.6,0.081,0.908821148968678,45,87,0.9983,3.48,0.53,10,4.78
10.8,0.26,0.45,3.3,0.06,2.11502213172571,20,49,0.9972,3.13,0.54,9.6,5.05
13.3,0.43,0.58,1.9,0.07,3.62329917602882,15,40,1.0004,3.06,0.49,9,5.1
8,0.45,0.23,2.2,0.094,0.692319437648566,16,29,0.9962,3.21,0.49,10.2,5.96
8.5,0.46,0.31,2.25,0.078,0.336972217669867,32,58,0.998,3.33,0.54,9.8,4.96
8.1,0.78,0.23,2.6,0.059,3.659030287824,5,15,0.997,3.37,0.56,11.3,5.05
9.8,0.98,0.32,2.3,0.078,1.65389541794776,35,152,0.998,3.25,0.48,9.4,5.02
8.1,0.78,0.23,2.6,0.059,1.24793729524314,5,15,0.997,3.37,0.56,11.3,5.14
7.1,0.65,0.18,1.8,0.07,2.30934619719686,13,40,0.997,3.44,0.6,9.1,5.1
9.1,0.64,0.23,3.1,0.095,2.05666669760743,13,38,0.9998,3.28,0.59,9.7,5.22
7.7,0.66,0.04,1.6,0.039,2.97649176984861,4,9,0.9962,3.4,0.47,9.4,4.87
8.1,0.38,0.48,1.8,0.157,0.93683185167578,5,17,0.9976,3.3,1.05,9.4,5.05
7.4,1.185,0,4.25,0.097,1.61126265779263,5,14,0.9966,3.63,0.54,10.7,3.05
9.2,0.92,0.24,2.6,0.087,1.47039892748903,12,93,0.9998,3.48,0.54,9.8,4.97
8.6,0.49,0.51,2,0.422,2.30952721709889,16,62,0.9979,3.03,1.17,9,4.77
9,0.48,0.32,2.8,0.084,3.89625135768751,21,122,0.9984,3.32,0.62,9.4,4.95
9,0.47,0.31,2.7,0.084,2.02314937212008,24,125,0.9984,3.31,0.61,9.4,4.96
5.1,0.47,0.02,1.3,0.034,0.301394492698885,18,44,0.9921,3.9,0.62,12.8,6.16
7,0.65,0.02,2.1,0.066,2.16293413516268,8,25,0.9972,3.47,0.67,9.5,6
9.4,0.615,0.28,3.2,0.087,2.91892450168253,18,72,1.0001,3.31,0.53,9.7,4.95
11.8,0.38,0.55,2.1,0.071,1.03172473505405,5,19,0.9986,3.11,0.62,10.8,5.99
10.6,1.02,0.43,2.9,0.076,0.30961963895906,26,88,0.9984,3.08,0.57,10.1,5.93
7,0.65,0.02,2.1,0.066,1.36300505127991,8,25,0.9972,3.47,0.67,9.5,6.06
7,0.64,0.02,2.1,0.067,1.62209158553965,9,23,0.997,3.47,0.67,9.4,6.07
9.1,0.765,0.04,1.6,0.078,1.8260086209783,4,14,0.998,3.29,0.54,9.7,4.04
8.4,1.035,0.15,6,0.073,0.413636817773721,11,54,0.999,3.37,0.49,9.9,5.06
7,0.78,0.08,2,0.093,0.206836435354033,10,19,0.9956,3.4,0.47,10,4.92
7.4,0.49,0.19,3,0.077,1.43826519468139,16,37,0.9966,3.37,0.51,10.5,5.04
7.8,0.545,0.12,2.5,0.068,2.71506219420522,11,35,0.996,3.34,0.61,11.6,6.07
9.7,0.31,0.47,1.6,0.062,1.01883756838476,13,33,0.9983,3.27,0.66,10,6.04
10.6,1.025,0.43,2.8,0.08,0.505259743357794,21,84,0.9985,3.06,0.57,10.1,5.05
8.9,0.565,0.34,3,0.093,2.78926465321535,16,112,0.9998,3.38,0.61,9.5,4.95
8,0.43,0.36,2.3,0.075,-0.0261501167513689,10,48,0.9976,3.34,0.46,9.4,4.96
7.2,0.49,0.18,2.7,0.069,0.394389733452437,13,34,0.9967,3.29,0.48,9.2,5.96
8,0.43,0.36,2.3,0.075,2.32815147632841,10,48,0.9976,3.34,0.46,9.4,5.05
7.6,0.46,0.11,2.6,0.079,3.03375857147438,12,49,0.9968,3.21,0.57,10,5.08
8.4,0.56,0.04,2,0.082,2.37861355741207,10,22,0.9976,3.22,0.44,9.6,5.02
7.1,0.66,0,3.9,0.086,2.39463949464548,17,45,0.9976,3.46,0.54,9.5,5.18
8.4,0.56,0.04,2,0.082,2.27196387071572,10,22,0.9976,3.22,0.44,9.6,4.87
8.9,0.48,0.24,2.85,0.094,1.09481255406191,35,106,0.9982,3.1,0.53,9.2,5.14
7.6,0.42,0.08,2.7,0.084,2.10572046792816,15,48,0.9968,3.21,0.59,10,5.12
7.5,1.115,0.1,3.1,0.086,3.88911576332166,5,12,0.9958,3.54,0.6,11.2,3.84
9,0.66,0.17,3,0.077,0.316927048200796,5,13,0.9976,3.29,0.55,10.4,4.82
8.1,0.72,0.09,2.8,0.084,1.57045553199709,18,49,0.9994,3.43,0.72,11.1,6.1
6.4,0.57,0.02,1.8,0.067,2.01141663937003,4,11,0.997,3.46,0.68,9.5,4.84
6.4,0.865,0.03,3.2,0.071,1.45843509963354,27,58,0.995,3.61,0.49,12.7,5.98
9.5,0.55,0.66,2.3,0.387,1.90185783737726,12,37,0.9982,3.17,0.67,9.6,4.95
8.9,0.875,0.13,3.45,0.088,2.46795675423562,4,14,0.9994,3.44,0.52,11.5,5
7.3,0.835,0.03,2.1,0.092,3.51437809431665,10,19,0.9966,3.39,0.47,9.6,4.98
7,0.45,0.34,2.7,0.082,0.375756794615373,16,72,0.998,3.55,0.6,9.5,4.96
7.7,0.56,0.2,2,0.075,0.799542438336506,9,39,0.9987,3.48,0.62,9.3,5.2
7.7,0.965,0.1,2.1,0.112,2.4739973690018,11,22,0.9963,3.26,0.5,9.5,5.09
7.7,0.965,0.1,2.1,0.112,2.11684137923254,11,22,0.9963,3.26,0.5,9.5,5.16
8.2,0.59,0,2.5,0.093,2.12552835562088,19,58,1.0002,3.5,0.65,9.3,5.96
9,0.46,0.23,2.8,0.092,4.83478996055299,28,104,0.9983,3.1,0.56,9.2,4.75
9,0.69,0,2.4,0.088,5.02193840167172,19,38,0.999,3.35,0.6,9.3,5.06
8.3,0.76,0.29,4.2,0.075,1.72633514059593,12,16,0.9965,3.45,0.68,11.5,5.93
6.5,0.615,0,1.9,0.065,2.70938310898896,9,18,0.9972,3.46,0.65,9.2,4.69
11.6,0.41,0.58,2.8,0.096,2.0264638056402,25,101,1.00024,3.13,0.53,10,5.04
7.3,0.51,0.18,2.1,0.07,2.81983792395162,12,28,0.99768,3.52,0.73,9.5,6.05
8.2,0.34,0.38,2.5,0.08,1.85216436402469,12,57,0.9978,3.3,0.47,9,5.87
7.2,0.5,0.18,2.1,0.071,1.61686629429149,12,31,0.99761,3.52,0.72,9.6,6.02
7.3,0.51,0.18,2.1,0.07,1.50080933160973,12,28,0.99768,3.52,0.73,9.5,6.2
8.3,0.65,0.1,2.9,0.089,1.70561553994107,17,40,0.99803,3.29,0.55,9.5,5.01
8.3,0.65,0.1,2.9,0.089,1.2138805673394,17,40,0.99803,3.29,0.55,9.5,4.98
7.6,0.54,0.13,2.5,0.097,1.99695705727075,24,66,0.99785,3.39,0.61,9.4,4.96
8.3,0.65,0.1,2.9,0.089,0.489677448763527,17,40,0.99803,3.29,0.55,9.5,5.01
7.8,0.48,0.68,1.7,0.415,1.51893795496794,14,32,0.99656,3.09,1.06,9.1,6.01
7.8,0.91,0.07,1.9,0.058,2.20318328944916,22,47,0.99525,3.51,0.43,10.7,6.15
6.3,0.98,0.01,2,0.057,2.25566997011105,15,33,0.99488,3.6,0.46,11.2,6.04
8.1,0.87,0,2.2,0.084,1.31740665628012,10,31,0.99656,3.25,0.5,9.8,4.94
8.1,0.87,0,2.2,0.084,0.958260741505399,10,31,0.99656,3.25,0.5,9.8,4.94
8.8,0.42,0.21,2.5,0.092,1.77480625269858,33,88,0.99823,3.19,0.52,9.2,5.13
9,0.58,0.25,2.8,0.075,1.55639823666046,9,104,0.99779,3.23,0.57,9.7,4.87
9.3,0.655,0.26,2,0.096,2.01946546057028,5,35,0.99738,3.25,0.42,9.6,4.98
9.1,0.68,0.11,2.8,0.093,0.783856375867623,11,44,0.99888,3.31,0.55,9.5,5.77
9.2,0.67,0.1,3,0.091,2.92466065305914,12,48,0.99888,3.31,0.54,9.5,6.06
7.5,0.6,0.32,2.7,0.103,0.921607691782909,13,98,0.99938,3.45,0.62,9.5,5.16
7.1,0.59,0.02,2.3,0.082,1.91464089747924,24,94,0.99744,3.55,0.53,9.7,6.16
7.9,0.72,0.01,1.9,0.076,1.5505107173311,7,32,0.99668,3.39,0.54,9.6,5.21
7.1,0.59,0.02,2.3,0.082,3.47432034783604,24,94,0.99744,3.55,0.53,9.7,5.94
9.4,0.685,0.26,2.4,0.082,1.92228232237296,23,143,0.9978,3.28,0.55,9.4,4.99
7.9,0.4,0.29,1.8,0.157,1.95368597890652,1,44,0.9973,3.3,0.92,9.5,5.98
7.9,0.4,0.3,1.8,0.157,2.97604381483538,2,45,0.99727,3.31,0.91,9.5,5.92
7.2,1,0,3,0.102,0.913629852430532,7,16,0.99586,3.43,0.46,10,4.8
6.9,0.765,0.18,2.4,0.243,3.02741360315926,5.5,48,0.99612,3.4,0.6,10.3,5.94
6.9,0.635,0.17,2.4,0.241,2.11834285811844,6,18,0.9961,3.4,0.59,10.3,5.94
8.3,0.43,0.3,3.4,0.079,1.78303561637612,7,34,0.99788,3.36,0.61,10.5,4.96
7.1,0.52,0.03,2.6,0.076,2.03793335491768,21,92,0.99745,3.5,0.6,9.8,5.08
7,0.57,0,2,0.19,2.14795389171402,12,45,0.99676,3.31,0.6,9.4,6.02
6.5,0.46,0.14,2.4,0.114,2.6727640997644,9,37,0.99732,3.66,0.65,9.8,5.03
9,0.82,0.05,2.4,0.081,1.00034693427085,26,96,0.99814,3.36,0.53,10,5
6.5,0.46,0.14,2.4,0.114,1.11450604887584,9,37,0.99732,3.66,0.65,9.8,5.04
9.9,0.35,0.41,2.3,0.083,2.63326026548092,11,61,0.9982,3.21,0.5,9.5,5.2
9.9,0.35,0.41,2.3,0.083,2.00240677658197,11,61,0.9982,3.21,0.5,9.5,5.03
10,0.56,0.24,2.2,0.079,1.4532551254164,19,58,0.9991,3.18,0.56,10.1,5.99
8.6,0.63,0.17,2.9,0.099,2.72872854766242,21,119,0.998,3.09,0.52,9.3,4.86
7.4,0.37,0.43,2.6,0.082,3.06618822058485,18,82,0.99708,3.33,0.68,9.7,6.02
8.8,0.64,0.17,2.9,0.084,2.28010107200141,25,130,0.99818,3.23,0.54,9.6,4.9
7.1,0.61,0.02,2.5,0.081,1.7911566053774,17,87,0.99745,3.48,0.6,9.7,6.11
7.7,0.6,0,2.6,0.055,3.42680972173193,7,13,0.99639,3.38,0.56,10.8,4.89
10.1,0.27,0.54,2.3,0.065,1.41917300864097,7,26,0.99531,3.17,0.53,12.5,5.9
10.8,0.89,0.3,2.6,0.132,1.33529957903781,7,60,0.99786,2.99,1.18,10.2,5.09
8.7,0.46,0.31,2.5,0.126,3.69738726627674,24,64,0.99746,3.1,0.74,9.6,5.09
9.4,0.5,0.34,3.6,0.082,2.55111983620716,5,14,0.9987,3.29,0.52,10.7,6.18
9.4,0.5,0.34,3.6,0.082,1.7617372104976,5,14,0.9987,3.29,0.52,10.7,6.02
7.2,0.61,0.08,4,0.082,2.89760477235571,26,108,0.99641,3.25,0.51,9.4,5.04
8.6,0.55,0.09,3.3,0.068,0.52483757046376,8,17,0.99735,3.23,0.44,10,5.06
7.7,0.56,0.08,2.5,0.114,2.65865617445465,14,46,0.9971,3.24,0.66,9.6,5.92
8.4,0.52,0.22,2.7,0.084,0.756665754807565,4,18,0.99682,3.26,0.57,9.9,6
8.2,0.28,0.4,2.4,0.052,2.69080440057489,4,10,0.99356,3.33,0.7,12.8,6.98
8.4,0.25,0.39,2,0.041,2.92567814177869,4,10,0.99386,3.27,0.71,12.5,6.92
7.4,0.53,0.12,1.9,0.165,2.50391736057977,4,12,0.99702,3.26,0.86,9.2,4.8
7.6,0.48,0.31,2.8,0.07,0.291025710168957,4,15,0.99693,3.22,0.55,10.3,5.99
7.3,0.49,0.1,2.6,0.068,2.01142514393674,4,14,0.99562,3.3,0.47,10.5,4.94
10.8,0.45,0.33,2.5,0.099,2.76893868063722,20,38,0.99818,3.24,0.71,10.8,5.02
6.9,0.39,0.24,2.1,0.102,2.38353283245995,4,7,0.99462,3.44,0.58,11.4,3.91
12.6,0.41,0.54,2.8,0.103,2.2612151581172,19,41,0.99939,3.21,0.76,11.3,6.15
10.8,0.45,0.33,2.5,0.099,1.77868168090862,20,38,0.99818,3.24,0.71,10.8,4.87
9.8,0.51,0.19,3.2,0.081,1.83061265215966,8,30,0.9984,3.23,0.58,10.5,6.13
10.8,0.29,0.42,1.6,0.084,2.51814095709576,19,27,0.99545,3.28,0.73,11.9,6.08
9.1,0.66,0.15,3.2,0.097,3.34791743837124,9,59,0.99976,3.28,0.54,9.6,5.11
4.9,0.42,0,2.1,0.048,0.0995146969385641,16,42,0.99154,3.71,0.74,14,7.19
6.7,0.54,0.13,2,0.076,3.20051341415377,15,36,0.9973,3.61,0.64,9.8,4.95
6.7,0.54,0.13,2,0.076,3.1273772161458,15,36,0.9973,3.61,0.64,9.8,4.98
7.1,0.48,0.28,2.8,0.068,2.61902789036685,6,16,0.99682,3.24,0.53,10.3,5.06
7.1,0.46,0.14,2.8,0.076,1.5968686758463,15,37,0.99624,3.36,0.49,10.7,5.04
7.5,0.27,0.34,2.3,0.05,1.97606023693232,4,8,0.9951,3.4,0.64,11,7.16
7.1,0.46,0.14,2.8,0.076,2.44110606791225,15,37,0.99624,3.36,0.49,10.7,4.93
7.8,0.57,0.09,2.3,0.065,2.0421660313548,34,45,0.99417,3.46,0.74,12.7,7.89
5.9,0.61,0.08,2.1,0.071,2.8018727289722,16,24,0.99376,3.56,0.77,11.1,6.14
7.5,0.685,0.07,2.5,0.058,0.44133887882325,5,9,0.99632,3.38,0.55,10.9,4.01
10.4,0.44,0.42,1.5,0.145,2.17410893605745,34,48,0.99832,3.38,0.86,9.9,3.09
7.6,0.665,0.1,1.5,0.066,2.49713718485304,27,55,0.99655,3.39,0.51,9.3,4.91
6.7,0.28,0.28,2.4,0.012,1.84993974073188,36,100,0.99064,3.26,0.39,11.7,7
6.7,0.28,0.28,2.4,0.012,1.5422807978877,36,100,0.99064,3.26,0.39,11.7,7.06
10.1,0.31,0.35,1.6,0.075,1.12070172181815,9,28,0.99672,3.24,0.83,11.2,6.95
6,0.5,0.04,2.2,0.092,1.59646389829253,13,26,0.99647,3.46,0.47,10,4.98
11.1,0.42,0.47,2.65,0.085,0.210054732398763,9,34,0.99736,3.24,0.77,12.1,7.15
6.6,0.66,0,3,0.115,1.56213606459915,21,31,0.99629,3.45,0.63,10.3,4.95
10.6,0.5,0.45,2.6,0.119,0.846832115981924,34,68,0.99708,3.23,0.72,10.9,6.02
7.1,0.685,0.35,2,0.088,2.04066031416261,9,92,0.9963,3.28,0.62,9.4,4.97
6.4,0.64,0.21,1.8,0.081,1.07458890838881,14,31,0.99689,3.59,0.66,9.8,5.04
6.4,0.64,0.21,1.8,0.081,1.26081193745972,14,31,0.99689,3.59,0.66,9.8,4.84
7.4,0.68,0.16,1.8,0.078,2.87422439587506,12,39,0.9977,3.5,0.7,9.9,6.01
6.4,0.64,0.21,1.8,0.081,1.56671661059024,14,31,0.99689,3.59,0.66,9.8,5.03
6.4,0.63,0.21,1.6,0.08,0.925992897632058,12,32,0.99689,3.58,0.66,9.8,4.89
9.3,0.43,0.44,1.9,0.085,0.835310663743094,9,22,0.99708,3.28,0.55,9.5,5.03
9.3,0.43,0.44,1.9,0.085,0.948730767592283,9,22,0.99708,3.28,0.55,9.5,4.93
8,0.42,0.32,2.5,0.08,0.68601492340093,26,122,0.99801,3.22,1.07,9.7,5.09
9.3,0.36,0.39,1.5,0.08,-0.177592393678556,41,55,0.99652,3.47,0.73,10.9,6.04
9.3,0.36,0.39,1.5,0.08,1.44483166177033,41,55,0.99652,3.47,0.73,10.9,6.1
7.6,0.735,0.02,2.5,0.071,1.28150095073551,10,14,0.99538,3.51,0.71,11.7,6.96
8.2,0.26,0.34,2.5,0.073,2.40946802073945,16,47,0.99594,3.4,0.78,11.3,7
11.7,0.28,0.47,1.7,0.054,2.24496755202352,17,32,0.99686,3.15,0.67,10.6,7.22
7.2,0.62,0.06,2.7,0.077,1.14652573825355,15,85,0.99746,3.51,0.54,9.5,4.9
5.8,1.01,0.66,2,0.039,2.50109556417238,15,88,0.99357,3.66,0.6,11.5,6.14
7.5,0.42,0.32,2.7,0.067,1.02549364938801,7,25,0.99628,3.24,0.44,10.4,4.97
7.2,0.62,0.06,2.5,0.078,2.61784672883195,17,84,0.99746,3.51,0.53,9.7,5.04
7.2,0.62,0.06,2.7,0.077,2.18915898943446,15,85,0.99746,3.51,0.54,9.5,5.03
7.2,0.635,0.07,2.6,0.077,1.9192376970409,16,86,0.99748,3.51,0.54,9.7,5
6.8,0.49,0.22,2.3,0.071,1.1244966613523,13,24,0.99438,3.41,0.83,11.3,5.96
6.8,0.56,0.22,1.8,0.074,1.65775673144544,15,24,0.99438,3.4,0.82,11.2,6.06
7.6,0.63,0.03,2,0.08,3.07237092419855,27,43,0.99578,3.44,0.64,10.9,5.99
7.7,0.715,0.01,2.1,0.064,1.10963247511836,31,43,0.99371,3.41,0.57,11.8,6.18
7.3,0.35,0.24,2,0.067,2.68178818924993,28,48,0.99576,3.43,0.54,10,4.06
9.1,0.21,0.37,1.6,0.067,3.58783104992491,6,10,0.99552,3.23,0.58,11.1,6.98
10.4,0.38,0.46,2.1,0.104,2.05878172425573,6,10,0.99664,3.12,0.65,11.8,6.94
8.8,0.31,0.4,2.8,0.109,3.0954783066348,7,16,0.99614,3.31,0.79,11.8,7.02
7.1,0.47,0,2.2,0.067,1.65594689590841,7,14,0.99517,3.4,0.58,10.9,3.96
7.7,0.715,0.01,2.1,0.064,0.441354431572414,31,43,0.99371,3.41,0.57,11.8,6.15
8.8,0.61,0.19,4,0.094,3.00812320774976,30,69,0.99787,3.22,0.5,10,6.19
7.2,0.6,0.04,2.5,0.076,1.73827714087516,18,88,0.99745,3.53,0.55,9.5,4.81
9.2,0.56,0.18,1.6,0.078,2.41533644820185,10,21,0.99576,3.15,0.49,9.9,4.89
7.6,0.715,0,2.1,0.068,2.67600738263928,30,35,0.99533,3.48,0.65,11.4,6.1
8.4,0.31,0.29,3.1,0.194,2.01929409962143,14,26,0.99536,3.22,0.78,12,5.95
7.2,0.6,0.04,2.5,0.076,2.84405635599672,18,88,0.99745,3.53,0.55,9.5,5.14
8.8,0.61,0.19,4,0.094,1.30667593259118,30,69,0.99787,3.22,0.5,10,6.1
8.9,0.75,0.14,2.5,0.086,2.68645861744794,9,30,0.99824,3.34,0.64,10.5,4.98
9,0.8,0.12,2.4,0.083,1.88987623933781,8,28,0.99836,3.33,0.65,10.4,5.81
10.7,0.52,0.38,2.6,0.066,0.708950009832418,29,56,0.99577,3.15,0.79,12.1,7.08
6.8,0.57,0,2.5,0.072,1.41475484494173,32,64,0.99491,3.43,0.56,11.2,5.98
10.7,0.9,0.34,6.6,0.112,2.0232170895604,23,99,1.00289,3.22,0.68,9.3,4.93
7.2,0.34,0.24,2,0.071,2.25446419814657,30,52,0.99576,3.44,0.58,10.1,5.04
10.1,0.45,0.23,1.9,0.082,3.33070806127713,10,18,0.99774,3.22,0.65,9.3,5.92
7.2,0.66,0.03,2.3,0.078,2.01990838482156,16,86,0.99743,3.53,0.57,9.7,4.9
7.2,0.63,0.03,2.2,0.08,2.84359337733758,17,88,0.99745,3.53,0.58,9.8,5.83
7.1,0.59,0.01,2.3,0.08,0.822040090978578,27,43,0.9955,3.42,0.58,10.7,5.93
7.1,0.59,0.01,2.3,0.08,2.18762534487335,27,43,0.9955,3.42,0.58,10.7,6
8.3,0.31,0.39,2.4,0.078,2.84984636390201,17,43,0.99444,3.31,0.77,12.5,6.87
8.3,1.02,0.02,3.4,0.084,1.31232043052281,6,11,0.99892,3.48,0.49,11,3
8.9,0.31,0.36,2.6,0.056,-0.539168461737022,10,39,0.99562,3.4,0.69,11.8,5.11
7.4,0.635,0.1,2.4,0.08,1.11855183063025,16,33,0.99736,3.58,0.69,10.8,7.13
6.8,0.59,0.06,6,0.06,1.88555651190275,11,18,0.9962,3.41,0.59,10.8,6.97
9.2,0.58,0.2,3,0.081,1.55930794559608,15,115,0.998,3.23,0.59,9.5,5.03
6.1,0.56,0,2.2,0.079,3.82751659517431,6,9,0.9948,3.59,0.54,11.5,5.93
7.4,0.52,0.13,2.4,0.078,2.04883629881972,34,61,0.99528,3.43,0.59,10.8,6.12
7.3,0.305,0.39,1.2,0.059,1.81703534952461,7,11,0.99331,3.29,0.52,11.5,6.04
9.3,0.38,0.48,3.8,0.132,1.08218633980975,3,11,0.99577,3.23,0.57,13.2,5.98
10,0.46,0.44,2.9,0.065,0.609971299999153,4,8,0.99674,3.33,0.62,12.2,5.7
9.4,0.395,0.46,4.6,0.094,2.4614690305649,3,10,0.99639,3.27,0.64,12.2,6.91
7.3,0.305,0.39,1.2,0.059,1.94195268963865,7,11,0.99331,3.29,0.52,11.5,5.92
8.6,0.315,0.4,2.2,0.079,2.44150740110302,3,6,0.99512,3.27,0.67,11.9,6.16
5.3,0.715,0.19,1.5,0.161,3.07180842838531,7,62,0.99395,3.62,0.61,11,4.97
8.4,0.36,0.32,2.2,0.081,1.17075234049528,32,79,0.9964,3.3,0.72,11,6.09
8.4,0.62,0.12,1.8,0.072,2.0431751217422,38,46,0.99504,3.38,0.89,11.8,6.04
8.4,0.36,0.32,2.2,0.081,1.1691060631657,32,79,0.9964,3.3,0.72,11,6.25
8.4,0.62,0.12,1.8,0.072,3.61815207941544,38,46,0.99504,3.38,0.89,11.8,6.21
6.8,0.41,0.31,8.8,0.084,2.79392970731136,26,45,0.99824,3.38,0.64,10.1,6.07
8.6,0.47,0.27,2.3,0.055,1.23033938948006,14,28,0.99516,3.18,0.8,11.2,4.96
8.6,0.22,0.36,1.9,0.064,1.06173116111056,53,77,0.99604,3.47,0.87,11,7.02
9.4,0.24,0.33,2.3,0.061,0.678123781110879,52,73,0.99786,3.47,0.9,10.2,5.95
8.4,0.67,0.19,2.2,0.093,1.80683449491607,11,75,0.99736,3.2,0.59,9.2,3.79
8.6,0.47,0.27,2.3,0.055,1.89057785987665,14,28,0.99516,3.18,0.8,11.2,4.98
8.7,0.33,0.38,3.3,0.063,1.59937041077622,10,19,0.99468,3.3,0.73,12,6.97
6.6,0.61,0.01,1.9,0.08,1.82991988325115,8,25,0.99746,3.69,0.73,10.5,5.02
7.4,0.61,0.01,2,0.074,4.06255779499596,13,38,0.99748,3.48,0.65,9.8,5.05
7.6,0.4,0.29,1.9,0.078,1.71348885619005,29,66,0.9971,3.45,0.59,9.5,6.11
7.4,0.61,0.01,2,0.074,0.114390109245673,13,38,0.99748,3.48,0.65,9.8,4.91
6.6,0.61,0.01,1.9,0.08,2.22111911936206,8,25,0.99746,3.69,0.73,10.5,5
8.8,0.3,0.38,2.3,0.06,2.66367861324137,19,72,0.99543,3.39,0.72,11.8,6.04
8.8,0.3,0.38,2.3,0.06,1.85762876321729,19,72,0.99543,3.39,0.72,11.8,5.96
12,0.63,0.5,1.4,0.071,2.68792925569325,6,26,0.99791,3.07,0.6,10.4,3.89
7.2,0.38,0.38,2.8,0.068,0.15605800856772,23,42,0.99356,3.34,0.72,12.9,6.95
6.2,0.46,0.17,1.6,0.073,1.81312882929886,7,11,0.99425,3.61,0.54,11.4,4.96
9.6,0.33,0.52,2.2,0.074,4.09328894437165,13,25,0.99509,3.36,0.76,12.4,6.98
9.9,0.27,0.49,5,0.082,3.34117098319737,9,17,0.99484,3.19,0.52,12.5,6.93
8.3,0.3,0.49,3.8,0.09,2.99570947708381,11,24,0.99498,3.27,0.64,12.1,6.98
10.2,0.44,0.58,4.1,0.092,2.9270678963337,11,24,0.99745,3.29,0.99,12,7.14
8.3,0.28,0.48,2.1,0.093,2.33953044705184,6,12,0.99408,3.26,0.62,12.4,6.99
8.9,0.12,0.45,1.8,0.075,1.11781334908988,10,21,0.99552,3.41,0.76,11.9,7.06
8.9,0.12,0.45,1.8,0.075,2.6968548347109,10,21,0.99552,3.41,0.76,11.9,6.94
8.9,0.12,0.45,1.8,0.075,1.1817663280426,10,21,0.99552,3.41,0.76,11.9,6.93
8.3,0.28,0.48,2.1,0.093,1.35214584107155,6,12,0.99408,3.26,0.62,12.4,7.01
8.2,0.31,0.4,2.2,0.058,0.48961549857506,6,10,0.99536,3.31,0.68,11.2,7.18
10.2,0.34,0.48,2.1,0.052,2.83502630940139,5,9,0.99458,3.2,0.69,12.1,7.03
7.6,0.43,0.4,2.7,0.082,1.37494813602055,6,11,0.99538,3.44,0.54,12.2,6.13
8.5,0.21,0.52,1.9,0.09,1.56801046934609,9,23,0.99648,3.36,0.67,10.4,4.9
9,0.36,0.52,2.1,0.111,3.2784186065816,5,10,0.99568,3.31,0.62,11.3,5.92
9.5,0.37,0.52,2,0.088,1.75747771803227,12,51,0.99613,3.29,0.58,11.1,5.93
6.4,0.57,0.12,2.3,0.12,0.861573811503848,25,36,0.99519,3.47,0.71,11.3,7.18
8,0.59,0.05,2,0.089,1.98608636185371,12,32,0.99735,3.36,0.61,10,4.95
8.5,0.47,0.27,1.9,0.058,0.855757017357935,18,38,0.99518,3.16,0.85,11.1,5.92
6.6,0.57,0.02,2.1,0.115,2.76757726351853,6,16,0.99654,3.38,0.69,9.5,5
8.8,0.27,0.39,2,0.1,1.98108778685398,20,27,0.99546,3.15,0.69,11.2,6.06
8.5,0.47,0.27,1.9,0.058,1.06805501971028,18,38,0.99518,3.16,0.85,11.1,6.13
8.3,0.34,0.4,2.4,0.065,2.20189650350653,24,48,0.99554,3.34,0.86,11,5.93
9,0.38,0.41,2.4,0.103,2.72672785142608,6,10,0.99604,3.13,0.58,11.9,6.94
8.5,0.66,0.2,2.1,0.097,0.855094054205867,23,113,0.99733,3.13,0.48,9.2,5.1
9,0.4,0.43,2.4,0.068,3.18991058443733,29,46,0.9943,3.2,0.6,12.2,6.05
10.4,0.26,0.48,1.9,0.066,-0.0621245162123611,6,10,0.99724,3.33,0.87,10.9,6.02
10.1,0.38,0.5,2.4,0.104,2.97431489356148,6,13,0.99643,3.22,0.65,11.6,7.08
8.5,0.34,0.44,1.7,0.079,2.96164068723696,6,12,0.99605,3.52,0.63,10.7,4.9
8.8,0.33,0.41,5.9,0.073,1.98126788768004,7,13,0.99658,3.3,0.62,12.1,6.97
7.2,0.41,0.3,2.1,0.083,2.29917330918871,35,72,0.997,3.44,0.52,9.4,4.97
7.2,0.41,0.3,2.1,0.083,3.6312917250885,35,72,0.997,3.44,0.52,9.4,5.03
8.4,0.59,0.29,2.6,0.109,1.66274245151924,31,119,0.99801,3.15,0.5,9.1,5.12
7,0.4,0.32,3.6,0.061,3.6362309297207,9,29,0.99416,3.28,0.49,11.3,7
9.1,0.5,0.3,1.9,0.065,2.36261606292566,8,17,0.99774,3.32,0.71,10.5,5.79
9.5,0.86,0.26,1.9,0.079,2.86207054688943,13,28,0.99712,3.25,0.62,10,4.94
7.3,0.52,0.32,2.1,0.07,2.18700243281209,51,70,0.99418,3.34,0.82,12.9,6.19
9.1,0.5,0.3,1.9,0.065,-0.00505002942618216,8,17,0.99774,3.32,0.71,10.5,5.88
12.2,0.45,0.49,1.4,0.075,2.7023391440646,3,6,0.9969,3.13,0.63,10.4,4.9
9.8,0.34,0.39,1.4,0.066,1.22884108235912,3,7,0.9947,3.19,0.55,11.4,6.95
7.1,0.36,0.3,1.6,0.08,2.41421943548888,35,70,0.99693,3.44,0.5,9.4,4.87
7.7,0.39,0.12,1.7,0.097,3.45212730172806,19,27,0.99596,3.16,0.49,9.4,4.96
9.7,0.295,0.4,1.5,0.073,2.07621596777389,14,21,0.99556,3.14,0.51,10.9,5.92
7.7,0.39,0.12,1.7,0.097,1.43672128953328,19,27,0.99596,3.16,0.49,9.4,4.91
7.1,0.34,0.28,2,0.082,2.57032980370174,31,68,0.99694,3.45,0.48,9.4,4.85
6.5,0.4,0.1,2,0.076,2.76059561429977,30,47,0.99554,3.36,0.48,9.4,5.92
10,0.35,0.45,2.5,0.092,3.83179233816536,20,88,0.99918,3.15,0.43,9.4,4.98
7.7,0.6,0.06,2,0.079,1.95248147024029,19,41,0.99697,3.39,0.62,10.1,5.93
5.6,0.66,0,2.2,0.087,1.16314799763632,3,11,0.99378,3.71,0.63,12.8,6.93
8.9,0.84,0.34,1.4,0.05,0.56702963436491,4,10,0.99554,3.12,0.48,9.1,6.05
6.4,0.69,0,1.65,0.055,1.12383995395741,7,12,0.99162,3.47,0.53,12.9,5.96
7.5,0.43,0.3,2.2,0.062,1.62003114293971,6,12,0.99495,3.44,0.72,11.5,7
9.9,0.35,0.38,1.5,0.058,1.65336807491615,31,47,0.99676,3.26,0.82,10.6,6.74
6.8,0.36,0.32,1.8,0.067,1.2606306295333,4,8,0.9928,3.36,0.55,12.8,7.09
8.2,0.43,0.29,1.6,0.081,2.48783636532527,27,45,0.99603,3.25,0.54,10.3,4.91
9.1,0.29,0.33,2.05,0.063,2.42085776092468,13,27,0.99516,3.26,0.84,11.7,6.99
9.1,0.3,0.34,2,0.064,1.652030387644,12,25,0.99516,3.26,0.84,11.7,6.96
9.6,0.5,0.36,2.8,0.116,2.22046724579942,26,55,0.99722,3.18,0.68,10.9,5.03
8.9,0.28,0.45,1.7,0.067,2.32629659211516,7,12,0.99354,3.25,0.55,12.3,7.02
8.9,0.32,0.31,2,0.088,1.42798977745693,12,19,0.9957,3.17,0.55,10.4,5.78
7.7,1.005,0.15,2.1,0.102,1.60681584898407,11,32,0.99604,3.23,0.48,10,4.86
7.5,0.71,0,1.6,0.092,-0.982475736651293,22,31,0.99635,3.38,0.58,10,5.93
8,0.58,0.16,2,0.12,2.47025801929794,3,7,0.99454,3.22,0.58,11.2,6.17
10.5,0.39,0.46,2.2,0.075,1.23785626054324,14,27,0.99598,3.06,0.84,11.4,6.08
8.9,0.38,0.4,2.2,0.068,2.09172322458126,12,28,0.99486,3.27,0.75,12.6,7
8,0.18,0.37,0.9,0.049,2.90486696262992,36,109,0.99007,2.89,0.44,12.7,6.13
8,0.18,0.37,0.9,0.049,3.2025049213622,36,109,0.99007,2.89,0.44,12.7,6.03
7,0.5,0.14,1.8,0.078,4.38236058587997,10,23,0.99636,3.53,0.61,10.4,5.14
11.3,0.36,0.66,2.4,0.123,2.79835225564629,3,8,0.99642,3.2,0.53,11.9,5.98
11.3,0.36,0.66,2.4,0.123,1.34726070247532,3,8,0.99642,3.2,0.53,11.9,6.06
7,0.51,0.09,2.1,0.062,2.04755043833755,4,9,0.99584,3.35,0.54,10.5,5.12
8.2,0.32,0.42,2.3,0.098,3.01262830611391,3,9,0.99506,3.27,0.55,12.3,6.1
7.7,0.58,0.01,1.8,0.088,2.26605161466711,12,18,0.99568,3.32,0.56,10.5,7.02
8.6,0.83,0,2.8,0.095,2.98726313587327,17,43,0.99822,3.33,0.6,10.4,5.97
7.9,0.31,0.32,1.9,0.066,3.05222064538571,14,36,0.99364,3.41,0.56,12.6,5.98
6.4,0.795,0,2.2,0.065,1.63651538871995,28,52,0.99378,3.49,0.52,11.6,4.94
7.2,0.34,0.21,2.5,0.075,1.70874735691654,41,68,0.99586,3.37,0.54,10.1,5.88
7.7,0.58,0.01,1.8,0.088,1.88477026944155,12,18,0.99568,3.32,0.56,10.5,6.9
7.1,0.59,0,2.1,0.091,0.662769293887332,9,14,0.99488,3.42,0.55,11.5,6.98
8.1,0.82,0,4.1,0.095,0.809121118002564,5,14,0.99854,3.36,0.53,9.6,5.06
7.5,0.57,0.08,2.6,0.089,1.59590567364485,14,27,0.99592,3.3,0.59,10.4,6.15
8.9,0.745,0.18,2.5,0.077,1.5955917791123,15,48,0.99739,3.2,0.47,9.7,5.9
10.1,0.37,0.34,2.4,0.085,1.98714747891925,5,17,0.99683,3.17,0.65,10.6,7.07
7.6,0.31,0.34,2.5,0.082,2.04454638446319,26,35,0.99356,3.22,0.59,12.5,7.07
7.3,0.91,0.1,1.8,0.074,1.74479069690466,20,56,0.99672,3.35,0.56,9.2,4.96
8.7,0.41,0.41,6.2,0.078,1.36107226538058,25,42,0.9953,3.24,0.77,12.6,7.03
8.9,0.5,0.21,2.2,0.088,1.45709041285952,21,39,0.99692,3.33,0.83,11.1,6.09
7.4,0.965,0,2.2,0.088,3.16760208219092,16,32,0.99756,3.58,0.67,10.2,5.09
8.9,0.5,0.21,2.2,0.088,1.7454411806395,21,39,0.99692,3.33,0.83,11.1,6.09
9.5,0.39,0.41,8.9,0.069,2.38966456888715,18,39,0.99859,3.29,0.81,10.9,7
6.4,0.39,0.33,3.3,0.046,1.31366010013363,12,53,0.99294,3.36,0.62,12.2,5.96
7.6,0.78,0,1.7,0.076,3.50005124996508,33,45,0.99612,3.31,0.62,10.7,6.08
7.1,0.43,0.17,1.8,0.082,1.91077480164965,27,51,0.99634,3.49,0.64,10.4,5.01
9.3,0.49,0.36,1.7,0.081,4.69681833103253,3,14,0.99702,3.27,0.78,10.9,5.89
9.3,0.5,0.36,1.8,0.084,2.89260470720617,6,17,0.99704,3.27,0.77,10.8,5.96
7.1,0.43,0.17,1.8,0.082,2.65983713734253,27,51,0.99634,3.49,0.64,10.4,5.09
8.5,0.46,0.59,1.4,0.414,1.75773864148895,16,45,0.99702,3.03,1.34,9.2,5.11
5.6,0.605,0.05,2.4,0.073,2.3700552212701,19,25,0.99258,3.56,0.55,12.9,4.85
8.3,0.33,0.42,2.3,0.07,2.19553507742109,9,20,0.99426,3.38,0.77,12.7,6.95
8.2,0.64,0.27,2,0.095,2.3414300799613,5,77,0.99747,3.13,0.62,9.1,6
8.2,0.64,0.27,2,0.095,1.97203471614622,5,77,0.99747,3.13,0.62,9.1,6.05
8.9,0.48,0.53,4,0.101,1.86098287953697,3,10,0.99586,3.21,0.59,12.1,6.88
7.6,0.42,0.25,3.9,0.104,2.17674365430231,28,90,0.99784,3.15,0.57,9.1,5.2
9.9,0.53,0.57,2.4,0.093,0.737491044676322,30,52,0.9971,3.19,0.76,11.6,7.05
9.1,0.4,0.5,1.8,0.071,1.12930862560068,7,16,0.99462,3.21,0.69,12.5,7.97
8,0.38,0.44,1.9,0.098,2.37925844937843,6,15,0.9956,3.3,0.64,11.4,6.06
10.2,0.29,0.65,2.4,0.075,2.96196330164639,6,17,0.99565,3.22,0.63,11.8,6.14
8.2,0.74,0.09,2,0.067,2.90043884669685,5,10,0.99418,3.28,0.57,11.8,6.08
7.7,0.61,0.18,2.4,0.083,1.16886493262633,6,20,0.9963,3.29,0.6,10.2,5.95
6.6,0.52,0.08,2.4,0.07,2.48733614097664,13,26,0.99358,3.4,0.72,12.5,7.02
11.1,0.31,0.53,2.2,0.06,3.57820086985555,3,10,0.99572,3.02,0.83,10.9,7.05
11.1,0.31,0.53,2.2,0.06,1.02592873728998,3,10,0.99572,3.02,0.83,10.9,6.99
9.3,0.33,0.45,1.5,0.057,2.39608167879286,19,37,0.99498,3.18,0.89,11.1,7.14
7.5,0.77,0.2,8.1,0.098,3.45507541053052,30,92,0.99892,3.2,0.58,9.2,4.98
7.2,0.35,0.26,1.8,0.083,1.58506999943042,33,75,0.9968,3.4,0.58,9.5,6.14
8,0.62,0.33,2.7,0.088,1.51855814960888,16,37,0.9972,3.31,0.58,10.7,5.9
7.5,0.77,0.2,8.1,0.098,2.30209804448078,30,92,0.99892,3.2,0.58,9.2,4.93
9.1,0.25,0.34,2,0.071,0.495800156276658,45,67,0.99769,3.44,0.86,10.2,7.17
9.9,0.32,0.56,2,0.073,3.80489826426093,3,8,0.99534,3.15,0.73,11.4,5.95
8.6,0.37,0.65,6.4,0.08,1.27880465619679,3,8,0.99817,3.27,0.58,11,4.94
8.6,0.37,0.65,6.4,0.08,0.90112048789556,3,8,0.99817,3.27,0.58,11,5.11
7.9,0.3,0.68,8.3,0.05,1.26492370570652,37.5,278,0.99316,3.01,0.51,12.3,7.17
10.3,0.27,0.56,1.4,0.047,1.98501166766945,3,8,0.99471,3.16,0.51,11.8,6.1
7.9,0.3,0.68,8.3,0.05,3.89856104477124,37.5,289,0.99316,3.01,0.51,12.3,6.76
7.2,0.38,0.3,1.8,0.073,2.22356029003262,31,70,0.99685,3.42,0.59,9.5,6.1
8.7,0.42,0.45,2.4,0.072,1.00301406372682,32,59,0.99617,3.33,0.77,12,6.05
7.2,0.38,0.3,1.8,0.073,2.03893062809722,31,70,0.99685,3.42,0.59,9.5,6.05
6.8,0.48,0.08,1.8,0.074,2.02537980996685,40,64,0.99529,3.12,0.49,9.6,5.05
7.9,0.19,0.42,1.6,0.057,2.40677983406116,18,30,0.994,3.29,0.69,11.2,6
11.6,0.41,0.54,1.5,0.095,2.5403801309622,22,41,0.99735,3.02,0.76,9.9,7.09
11.6,0.41,0.54,1.5,0.095,2.84092219291135,22,41,0.99735,3.02,0.76,9.9,6.88
10,0.26,0.54,1.9,0.083,0.878331146692772,42,74,0.99451,2.98,0.63,11.8,7.83
7.9,0.34,0.42,2,0.086,1.43686814444308,8,19,0.99546,3.35,0.6,11.4,5.98
9.2,0.31,0.36,2.2,0.079,1.4935165437183,11,31,0.99615,3.33,0.86,12,6.95
6.6,0.725,0.09,5.5,0.117,2.99745187029182,9,17,0.99655,3.35,0.49,10.8,5.95
9.4,0.4,0.47,2.5,0.087,1.7774422991527,6,20,0.99772,3.15,0.5,10.5,4.98
6.6,0.725,0.09,5.5,0.117,3.30319276758655,9,17,0.99655,3.35,0.49,10.8,6.03
8.6,0.52,0.38,1.5,0.096,1.46191874439947,5,18,0.99666,3.2,0.52,9.4,4.88
8,0.31,0.45,2.1,0.216,2.07634949111932,5,16,0.99358,3.15,0.81,12.5,6.97
8.6,0.52,0.38,1.5,0.096,1.77668188132673,5,18,0.99666,3.2,0.52,9.4,5.05
8.4,0.34,0.42,2.1,0.072,1.92367201313416,23,36,0.99392,3.11,0.78,12.4,5.98
7.4,0.49,0.27,2.1,0.071,2.07557593368606,14,25,0.99388,3.35,0.63,12,6.03
6.1,0.48,0.09,1.7,0.078,1.95619647915385,18,30,0.99402,3.45,0.54,11.2,5.94
8,0.48,0.34,2.2,0.073,0.723794339470349,16,25,0.9936,3.28,0.66,12.4,5.78
6.3,0.57,0.28,2.1,0.048,1.58062005344377,13,49,0.99374,3.41,0.6,12.8,5
8.2,0.23,0.42,1.9,0.069,2.6447058329796,9,17,0.99376,3.21,0.54,12.3,5.97
9.1,0.3,0.41,2,0.068,2.49892761071074,10,24,0.99523,3.27,0.85,11.7,7.05
8.1,0.78,0.1,3.3,0.09,3.68017313702248,4,13,0.99855,3.36,0.49,9.5,4.94
10.8,0.47,0.43,2.1,0.171,3.15187710503708,27,66,0.9982,3.17,0.76,10.8,6.16
8.3,0.53,0,1.4,0.07,1.1289061075234,6,14,0.99593,3.25,0.64,10,6.06
5.4,0.42,0.27,2,0.092,2.22860898767906,23,55,0.99471,3.78,0.64,12.3,7.02
7.9,0.33,0.41,1.5,0.056,2.24317402619071,6,35,0.99396,3.29,0.71,11,5.9
8.9,0.24,0.39,1.6,0.074,4.8629477291801,3,10,0.99698,3.12,0.59,9.5,5.96
5,0.4,0.5,4.3,0.046,0.677360398806743,29,80,0.9902,3.49,0.66,13.6,5.86
7,0.69,0.07,2.5,0.091,1.56812411607835,15,21,0.99572,3.38,0.6,11.3,5.95
7,0.69,0.07,2.5,0.091,1.13827197435448,15,21,0.99572,3.38,0.6,11.3,6.03
7,0.69,0.07,2.5,0.091,1.98654090079671,15,21,0.99572,3.38,0.6,11.3,6.13
7.1,0.39,0.12,2.1,0.065,1.44578767284683,14,24,0.99252,3.3,0.53,13.3,5.98
5.6,0.66,0,2.5,0.066,1.63863744448419,7,15,0.99256,3.52,0.58,12.9,5.14
6.6,0.5,0,1.8,0.062,2.20343875981495,21,28,0.99352,3.44,0.55,12.3,6.1
6.3,0.47,0,1.4,0.055,3.99619542456279,27,33,0.9922,3.45,0.48,12.3,6.01
10.7,0.4,0.37,1.9,0.081,1.66572666139627,17,29,0.99674,3.12,0.65,11.2,6.1
6.5,0.58,0,2.2,0.096,1.65917396575263,3,13,0.99557,3.62,0.62,11.5,3.83
8.8,0.24,0.35,1.7,0.055,1.43311117556305,13,27,0.99394,3.14,0.59,11.3,7.01
5.8,0.29,0.26,1.7,0.063,2.43305039614818,3,11,0.9915,3.39,0.54,13.5,5.93
10,0.43,0.33,2.7,0.095,2.36781331263416,28,89,0.9984,3.22,0.68,10,5.08
9.1,0.6,0,1.9,0.058,2.77566666018268,5,10,0.9977,3.18,0.63,10.4,5.93
7.4,0.36,0.34,1.8,0.075,1.21224964537858,18,38,0.9933,3.38,0.88,13.6,6.91
8,0.25,0.43,1.7,0.067,2.02848933429275,22,50,0.9946,3.38,0.6,11.9,5.97
10.4,0.52,0.45,2,0.08,2.03689674743927,6,13,0.99774,3.22,0.76,11.4,5.86
10.4,0.52,0.45,2,0.08,1.76049936679226,6,13,0.99774,3.22,0.76,11.4,5.92
7.5,0.41,0.15,3.7,0.104,1.49469913020941,29,94,0.99786,3.14,0.58,9.1,5.06
8.2,0.51,0.24,2,0.079,3.54509103898962,16,86,0.99764,3.34,0.64,9.5,5.97
8.2,0.38,0.32,2.5,0.08,1.45834811251846,24,71,0.99624,3.27,0.85,11,5.99
6.9,0.45,0.11,2.4,0.043,2.40010370486091,6,12,0.99354,3.3,0.65,11.4,6.15
7,0.22,0.3,1.8,0.065,1.6241929572745,16,20,0.99672,3.61,0.82,10,6.04
7.3,0.32,0.23,2.3,0.066,0.631062473795334,35,70,0.99588,3.43,0.62,10.1,4.93
8.2,0.2,0.43,2.5,0.076,1.15539999446118,31,51,0.99672,3.53,0.81,10.4,5.84
10,0.41,0.45,6.2,0.071,0.262733844834929,6,14,0.99702,3.21,0.49,11.8,7.12
7.8,0.39,0.42,2,0.086,1.9224015889797,9,21,0.99526,3.39,0.66,11.6,6.02
10,0.35,0.47,2,0.061,2.20180694074906,6,11,0.99585,3.23,0.52,12,5.98
6.1,0.58,0.23,2.5,0.044,1.04135235121482,16,70,0.99352,3.46,0.65,12.5,6.18
8.3,0.6,0.25,2.2,0.118,2.68173232080483,9,38,0.99616,3.15,0.53,9.8,4.93
9.6,0.42,0.35,2.1,0.083,2.29906246971139,17,38,0.99622,3.23,0.66,11.1,6.09
6.6,0.58,0,2.2,0.1,1.74509884915979,50,63,0.99544,3.59,0.68,11.4,6.08
8.3,0.6,0.25,2.2,0.118,2.20019394473608,9,38,0.99616,3.15,0.53,9.8,5.03
8.5,0.18,0.51,1.75,0.071,1.91238303711247,45,88,0.99524,3.33,0.76,11.8,7.13
5.1,0.51,0.18,2.1,0.042,1.88841708653541,16,101,0.9924,3.46,0.87,12.9,6.94
6.7,0.41,0.43,2.8,0.076,1.13061373465153,22,54,0.99572,3.42,1.16,10.6,6.14
10.2,0.41,0.43,2.2,0.11,0.848654032889339,11,37,0.99728,3.16,0.67,10.8,5.12
10.6,0.36,0.57,2.3,0.087,3.77490133635031,6,20,0.99676,3.14,0.72,11.1,7.03
8.8,0.45,0.43,1.4,0.076,2.42572142655154,12,21,0.99551,3.21,0.75,10.2,6.3
8.5,0.32,0.42,2.3,0.075,0.531756167233526,12,19,0.99434,3.14,0.71,11.8,7.01
9,0.785,0.24,1.7,0.078,1.1739810354729,10,21,0.99692,3.29,0.67,10,4.97
9,0.785,0.24,1.7,0.078,1.3735583527215,10,21,0.99692,3.29,0.67,10,5.03
8.5,0.44,0.5,1.9,0.369,1.11413254063593,15,38,0.99634,3.01,1.1,9.4,4.85
9.9,0.54,0.26,2,0.111,0.816856277036091,7,60,0.99709,2.94,0.98,10.2,4.88
6.5,0.34,0.27,2.8,0.067,2.46385660435849,8,44,0.99384,3.21,0.56,12,6.01
7.6,0.5,0.29,2.3,0.086,-0.378673588002297,5,14,0.99502,3.32,0.62,11.5,5.9
9.2,0.36,0.34,1.6,0.062,2.77208206686994,5,12,0.99667,3.2,0.67,10.5,5.95
7.1,0.59,0,2.2,0.078,0.567486180137816,26,44,0.99522,3.42,0.68,10.8,6
9.7,0.42,0.46,2.1,0.074,1.9709469171069,5,16,0.99649,3.27,0.74,12.3,6.11
7.6,0.36,0.31,1.7,0.079,1.77842958452451,26,65,0.99716,3.46,0.62,9.5,6.07
5.6,0.915,0,2.1,0.041,2.00608252039313,17,78,0.99346,3.68,0.73,11.4,4.96
8.2,0.35,0.33,2.4,0.076,1.61839583779476,11,47,0.99599,3.27,0.81,11,5.98
8.2,0.35,0.33,2.4,0.076,1.45215067060632,11,47,0.99599,3.27,0.81,11,6.09
9.8,0.39,0.43,1.65,0.068,1.2320850745329,5,11,0.99478,3.19,0.46,11.4,5.15
10.2,0.4,0.4,2.5,0.068,3.42436677850935,41,54,0.99754,3.38,0.86,10.5,6.03
6.8,0.66,0.07,1.6,0.07,-0.219015478622182,16,61,0.99572,3.29,0.6,9.3,5
6.7,0.64,0.23,2.1,0.08,2.01864520299732,11,119,0.99538,3.36,0.7,10.9,5
7,0.43,0.3,2,0.085,2.0986223361392,6,39,0.99346,3.33,0.46,11.9,5.93
6.6,0.8,0.03,7.8,0.079,1.71179344587989,6,12,0.9963,3.52,0.5,12.2,5.09
7,0.43,0.3,2,0.085,2.53349368758353,6,39,0.99346,3.33,0.46,11.9,5.98
6.7,0.64,0.23,2.1,0.08,2.46584649507241,11,119,0.99538,3.36,0.7,10.9,5.08
9.1,0.4,0.57,4.6,0.08,1.93661022467126,6,20,0.99652,3.28,0.57,12.5,5.94
6.5,0.885,0,2.3,0.166,0.514957923985177,6,12,0.99551,3.56,0.51,10.8,5.11
7.2,0.25,0.37,2.5,0.063,2.30012193016415,11,41,0.99439,3.52,0.8,12.4,6.92
6.4,0.885,0,2.3,0.166,3.35879992755857,6,12,0.99551,3.56,0.51,10.8,5.1
7,0.745,0.12,1.8,0.114,1.33171569298431,15,64,0.99588,3.22,0.59,9.5,5.83
6.2,0.43,0.22,1.8,0.078,1.2850061750064,21,56,0.99633,3.52,0.6,9.5,5.92
7.9,0.58,0.23,2.3,0.076,3.17115269902635,23,94,0.99686,3.21,0.58,9.5,5.95
7.7,0.57,0.21,1.5,0.069,3.22853273355893,4,9,0.99458,3.16,0.54,9.8,5.85
7.7,0.26,0.26,2,0.052,1.95101074339729,19,77,0.9951,3.15,0.79,10.9,6.02
7.9,0.58,0.23,2.3,0.076,2.37720221816627,23,94,0.99686,3.21,0.58,9.5,5.94
7.7,0.57,0.21,1.5,0.069,1.95394445257994,4,9,0.99458,3.16,0.54,9.8,5.94
7.9,0.34,0.36,1.9,0.065,0.66624043970477,5,10,0.99419,3.27,0.54,11.2,6.97
8.6,0.42,0.39,1.8,0.068,1.44088755414609,6,12,0.99516,3.35,0.69,11.7,8.12
9.9,0.74,0.19,5.8,0.111,2.95200602893001,33,76,0.99878,3.14,0.55,9.4,5.2
7.2,0.36,0.46,2.1,0.074,4.83541306477121,24,44,0.99534,3.4,0.85,11,6.97
7.2,0.36,0.46,2.1,0.074,2.12439580888982,24,44,0.99534,3.4,0.85,11,6.99
9.9,0.72,0.55,1.7,0.136,-0.39410181523897,24,52,0.99752,3.35,0.94,10,5.07
7.2,0.36,0.46,2.1,0.074,1.30856180602132,24,44,0.99534,3.4,0.85,11,7.1
6.2,0.39,0.43,2,0.071,1.64937622359888,14,24,0.99428,3.45,0.87,11.2,7.36
6.8,0.65,0.02,2.1,0.078,1.91148078432637,8,15,0.99498,3.35,0.62,10.4,5.92
6.6,0.44,0.15,2.1,0.076,2.02350309769056,22,53,0.9957,3.32,0.62,9.3,4.75
9.6,0.38,0.42,1.9,0.071,1.12932166930685,5,13,0.99659,3.15,0.75,10.5,5.94
10.2,0.33,0.46,1.9,0.081,0.355071580345935,6,9,0.99628,3.1,0.48,10.4,6.14
7.9,0.57,0.31,2,0.079,1.70097850632333,10,79,0.99677,3.29,0.69,9.5,6.02
8.2,0.34,0.37,1.9,0.057,0.927351020833765,43,74,0.99408,3.23,0.81,12,5.93
8.2,0.4,0.31,1.9,0.082,3.47954878335359,8,24,0.996,3.24,0.69,10.6,6.14
9,0.39,0.4,1.3,0.044,1.1919404570722,25,50,0.99478,3.2,0.83,10.9,5.88
10.9,0.32,0.52,1.8,0.132,3.52701355397559,17,44,0.99734,3.28,0.77,11.5,6.26
8.1,0.53,0.22,2.2,0.078,1.88538780285416,33,89,0.99678,3.26,0.46,9.6,5.93
10.5,0.36,0.47,2.2,0.074,0.796206444672782,9,23,0.99638,3.23,0.76,12,5.92
12.6,0.39,0.49,2.5,0.08,2.88500839266273,8,20,0.9992,3.07,0.82,10.3,5.98
9.2,0.46,0.23,2.6,0.091,2.58274366807267,18,77,0.99922,3.15,0.51,9.4,5.01
7.5,0.58,0.03,4.1,0.08,2.59121021932708,27,46,0.99592,3.02,0.47,9.2,4.92
9,0.58,0.25,2,0.104,4.57922569324362,8,21,0.99769,3.27,0.72,9.6,4.91
5.1,0.42,0,1.8,0.044,3.24534827926544,18,88,0.99157,3.68,0.73,13.6,6.92
7.6,0.43,0.29,2.1,0.075,0.14878176986168,19,66,0.99718,3.4,0.64,9.5,5.23
7.7,0.18,0.34,2.7,0.066,1.08074643893254,15,58,0.9947,3.37,0.78,11.8,5.97
7.8,0.815,0.01,2.6,0.074,1.32938426307186,48,90,0.99621,3.38,0.62,10.8,5.17
7.6,0.43,0.29,2.1,0.075,0.839285128121522,19,66,0.99718,3.4,0.64,9.5,5.23
10.2,0.23,0.37,2.2,0.057,2.64179769950217,14,36,0.99614,3.23,0.49,9.3,4.06
7.1,0.75,0.01,2.2,0.059,0.406171172889188,11,18,0.99242,3.39,0.4,12.8,6.01
6,0.33,0.32,12.9,0.054,0.50272856105138,6,113,0.99572,3.3,0.56,11.5,4.02
7.8,0.55,0,1.7,0.07,1.31989509835433,7,17,0.99659,3.26,0.64,9.4,6.01
7.1,0.75,0.01,2.2,0.059,1.68903478757251,11,18,0.99242,3.39,0.4,12.8,6.08
8.1,0.73,0,2.5,0.081,2.47128888429674,12,24,0.99798,3.38,0.46,9.6,4
6.5,0.67,0,4.3,0.057,2.1639188369147,11,20,0.99488,3.45,0.56,11.8,4.06
7.5,0.61,0.2,1.7,0.076,1.07321923242101,36,60,0.99494,3.1,0.4,9.3,4.87
9,0.4,0.41,2,0.058,3.39538643796315,15,40,0.99414,3.22,0.6,12.2,6.02
8.3,0.56,0.22,2.4,0.082,2.10184698204882,10,86,0.9983,3.37,0.62,9.5,5.1
5.9,0.29,0.25,13.4,0.067,2.42382537194941,72,160,0.99721,3.33,0.54,10.3,6.06
7.4,0.55,0.19,1.8,0.082,0.42837704483229,15,34,0.99655,3.49,0.68,10.5,4.93
7.4,0.74,0.07,1.7,0.086,1.03618295135756,15,48,0.99502,3.12,0.48,10,4.78
7.4,0.55,0.19,1.8,0.082,2.05163245001713,15,34,0.99655,3.49,0.68,10.5,4.85
6.9,0.41,0.33,2.2,0.081,1.28202972800269,22,36,0.9949,3.41,0.75,11.1,5.81
7.1,0.6,0.01,2.3,0.079,2.96997195714065,24,37,0.99514,3.4,0.61,10.9,6.15
7.1,0.6,0.01,2.3,0.079,2.61161963314939,24,37,0.99514,3.4,0.61,10.9,6.05
7.1,0.72,0,1.8,0.123,1.7881751590586,6,14,0.99627,3.45,0.58,9.8,4.88
7.9,0.66,0,1.4,0.096,2.98040575677746,6,13,0.99569,3.43,0.58,9.5,4.96
7.5,0.59,0.22,1.8,0.082,2.81734028213227,43,60,0.99499,3.1,0.42,9.2,5.1
7,0.58,0.28,4.8,0.085,3.15922045036366,12,69,0.99633,3.32,0.7,11,5.92
6.8,0.64,0,2.7,0.123,3.02281524323063,15,33,0.99538,3.44,0.63,11.3,5.93
6.8,0.64,0,2.7,0.123,3.80444408315754,15,33,0.99538,3.44,0.63,11.3,6.1
8.6,0.635,0.68,1.8,0.403,2.49278779762314,19,56,0.99632,3.02,1.15,9.3,4.97
6.3,1.02,0,2,0.083,2.4372135158023,17,24,0.99437,3.59,0.55,11.2,3.86
9.8,0.45,0.38,2.5,0.081,2.34897040277262,34,66,0.99726,3.15,0.58,9.8,5.03
8.2,0.78,0,2.2,0.089,2.41144164529213,13,26,0.9978,3.37,0.46,9.6,3.93
8.5,0.37,0.32,1.8,0.066,2.12293822747486,26,51,0.99456,3.38,0.72,11.8,5.97
7.2,0.57,0.05,2.3,0.081,2.3452164557804,16,36,0.99564,3.38,0.6,10.3,6.02
10.4,0.43,0.5,2.3,0.068,2.64234850113906,13,19,0.996,3.1,0.87,11.4,5.78
6.9,0.41,0.31,2,0.079,2.15452726685339,21,51,0.99668,3.47,0.55,9.5,5.81
5.5,0.49,0.03,1.8,0.044,0.972816245080703,28,87,0.9908,3.5,0.82,14,8.14
7.3,0.44,0.2,1.6,0.049,2.66841846870236,24,64,0.9935,3.38,0.57,11.7,5.99
7.5,0.58,0.2,2,0.073,1.81676470958195,34,44,0.99494,3.1,0.43,9.3,4.97
8,0.715,0.22,2.3,0.075,4.06895481197391,13,81,0.99688,3.24,0.54,9.5,5.99
8.5,0.4,0.4,6.3,0.05,3.06020679396097,3,10,0.99566,3.28,0.56,12,3.98
7,0.69,0,1.9,0.114,1.26894575782662,3,10,0.99636,3.35,0.6,9.7,6.11
8,0.715,0.22,2.3,0.075,0.813997253609432,13,81,0.99688,3.24,0.54,9.5,6.11
7.1,0.46,0.2,1.9,0.077,1.55613405298384,28,54,0.9956,3.37,0.64,10.4,6.07
7.1,0.46,0.2,1.9,0.077,2.09102783202703,28,54,0.9956,3.37,0.64,10.4,5.98
7.9,0.765,0,2,0.084,0.286147460230426,9,22,0.99619,3.33,0.68,10.9,6.04
8.7,0.63,0.28,2.7,0.096,2.10961473917542,17,69,0.99734,3.26,0.63,10.2,5.93
7,0.42,0.19,2.3,0.071,0.47477192805542,18,36,0.99476,3.39,0.56,10.9,5.03
11.3,0.37,0.5,1.8,0.09,2.35806963545503,20,47,0.99734,3.15,0.57,10.5,4.94
7.1,0.16,0.44,2.5,0.068,1.53332659836861,17,31,0.99328,3.35,0.54,12.4,5.98
7,0.6,0.3,4.5,0.068,3.24807476547754,20,110,0.99914,3.3,1.17,10.2,5.23
7,0.6,0.3,4.5,0.068,2.09651548211488,20,110,0.99914,3.3,1.17,10.2,5.01
7.6,0.74,0,1.9,0.1,2.20272711580276,6,12,0.99521,3.36,0.59,11,4.96
8.2,0.635,0.1,2.1,0.073,1.85800294027753,25,60,0.99638,3.29,0.75,10.9,6.12
5.9,0.395,0.13,2.4,0.056,2.16218384616105,14,28,0.99362,3.62,0.67,12.4,5.99
7.5,0.755,0,1.9,0.084,2.68909613284517,6,12,0.99672,3.34,0.49,9.7,4.02
8.2,0.635,0.1,2.1,0.073,1.4430105274092,25,60,0.99638,3.29,0.75,10.9,5.93
6.6,0.63,0,4.3,0.093,1.34442873403394,51,77.5,0.99558,3.2,0.45,9.5,5
6.6,0.63,0,4.3,0.093,2.10715589560425,51,77.5,0.99558,3.2,0.45,9.5,5.23
7.2,0.53,0.14,2.1,0.064,1.78318252202316,15,29,0.99323,3.35,0.61,12.1,6.01
5.7,0.6,0,1.4,0.063,3.15968476497993,11,18,0.99191,3.45,0.56,12.2,5.86
7.6,1.58,0,2.1,0.137,2.40009188462496,5,9,0.99476,3.5,0.4,10.9,3.22
5.2,0.645,0,2.15,0.08,1.21174697060325,15,28,0.99444,3.78,0.61,12.5,6.23
9.1,0.37,0.32,2.1,0.064,2.84456210832297,4,15,0.99576,3.3,0.8,11.2,5.88
7.6,0.79,0.21,2.3,0.087,0.400169934884138,21,68,0.9955,3.12,0.44,9.2,4.95
7.5,0.61,0.26,1.9,0.073,1.92233444294576,24,88,0.99612,3.3,0.53,9.8,5.03
9.7,0.69,0.32,2.5,0.088,1.94472259254237,22,91,0.9979,3.29,0.62,10.1,5.01
6.8,0.68,0.09,3.9,0.068,2.19760304550332,15,29,0.99524,3.41,0.52,11.1,4.15
9.7,0.69,0.32,2.5,0.088,2.90285934398868,22,91,0.9979,3.29,0.62,10.1,5
7,0.62,0.1,1.4,0.071,1.75699949499739,27,63,0.996,3.28,0.61,9.2,4.98
7.5,0.61,0.26,1.9,0.073,0.858410553417852,24,88,0.99612,3.3,0.53,9.8,5.07
6.5,0.51,0.15,3,0.064,3.51097151257773,12,27,0.9929,3.33,0.59,12.8,6.07
8,1.18,0.21,1.9,0.083,1.18732089135819,14,41,0.99532,3.34,0.47,10.5,4.99
7,0.36,0.21,2.3,0.086,0.856814381201364,20,65,0.99558,3.4,0.54,10.1,6.28
7,0.36,0.21,2.4,0.086,1.61648184943037,24,69,0.99556,3.4,0.53,10.1,5.92
5.4,0.74,0,1.2,0.041,2.76422846183789,16,46,0.99258,4.01,0.59,12.5,5.86
9.9,0.44,0.46,2.2,0.091,0.780026762967149,10,41,0.99638,3.18,0.69,11.9,5.87
7.5,0.63,0.27,2,0.083,2.29605327491354,17,91,0.99616,3.26,0.58,9.8,5.9
9.1,0.76,0.68,1.7,0.414,1.79011961942338,18,64,0.99652,2.9,1.33,9.1,5.94
9.7,0.66,0.34,2.6,0.094,0.918365180294569,12,88,0.99796,3.26,0.66,10.1,5.03
5,0.74,0,1.2,0.041,2.1659052279229,16,46,0.99258,4.01,0.59,12.5,5.98
9.1,0.34,0.42,1.8,0.058,0.42258871054239,9,18,0.99392,3.18,0.55,11.4,5.05
6.7,0.46,0.24,1.7,0.077,1.4518168251528,18,34,0.9948,3.39,0.6,10.6,5.76
6.5,0.52,0.11,1.8,0.073,1.42119702922525,13,38,0.9955,3.34,0.52,9.3,4.99
7.4,0.6,0.26,2.1,0.083,1.78684854052724,17,91,0.99616,3.29,0.56,9.8,6.08
7.4,0.6,0.26,2.1,0.083,1.43326149927631,17,91,0.99616,3.29,0.56,9.8,6.07
7.8,0.87,0.26,3.8,0.107,0.713410074337745,31,67,0.99668,3.26,0.46,9.2,4.9
8.4,0.39,0.1,1.7,0.075,2.09591165161363,6,25,0.99581,3.09,0.43,9.7,5.89
9.1,0.775,0.22,2.2,0.079,2.74155592356781,12,48,0.9976,3.18,0.51,9.6,4.83
6.6,0.58,0.02,2.4,0.069,2.12399252648911,19,40,0.99387,3.38,0.66,12.6,6.1
6,0.5,0,1.4,0.057,1.05950732550926,15,26,0.99448,3.36,0.45,9.5,5.05
6,0.5,0,1.4,0.057,1.31132857416155,15,26,0.99448,3.36,0.45,9.5,5.01
6,0.5,0,1.4,0.057,1.02166073634116,15,26,0.99448,3.36,0.45,9.5,5.06
7.5,0.51,0.02,1.7,0.084,3.83439074608519,13,31,0.99538,3.36,0.54,10.5,5.87
7.6,0.54,0.02,1.7,0.085,3.14918793120168,17,31,0.99589,3.37,0.51,10.4,5.93
8.2,0.44,0.24,2.3,0.063,1.48651849672081,10,28,0.99613,3.25,0.53,10.2,5.92
6.1,0.59,0.01,2.1,0.056,1.05517060606431,5,13,0.99472,3.52,0.56,11.4,4.88
7.2,0.655,0.03,1.8,0.078,2.83338231922746,7,12,0.99587,3.34,0.39,9.5,4.98
7.2,0.655,0.03,1.8,0.078,1.64480791080518,7,12,0.99587,3.34,0.39,9.5,4.96
9,0.6,0.29,2,0.069,2.2555729862987,32,73,0.99654,3.34,0.57,10,5.23
7.2,0.62,0.01,2.3,0.065,3.15811956522526,8,46,0.99332,3.32,0.51,11.8,6.06
7.6,0.645,0.03,1.9,0.086,0.985443158595872,14,57,0.9969,3.37,0.46,10.3,4.97
7.6,0.645,0.03,1.9,0.086,0.82053903527313,14,57,0.9969,3.37,0.46,10.3,5.22
7.2,0.58,0.03,2.3,0.077,2.57202442112359,7,28,0.99568,3.35,0.52,10,5.15
6.1,0.32,0.25,1.8,0.086,1.43202392411228,5,32,0.99464,3.36,0.44,10.1,4.96
6.1,0.34,0.25,1.8,0.084,1.37239796318888,4,28,0.99464,3.36,0.44,10.1,4.99
7.3,0.43,0.24,2.5,0.078,2.40177112514158,27,67,0.99648,3.6,0.59,11.1,6.01
7.4,0.64,0.17,5.4,0.168,1.11278983031493,52,98,0.99736,3.28,0.5,9.5,5.02
11.6,0.475,0.4,1.4,0.091,1.82992307907418,6,28,0.99704,3.07,0.65,10.03333333,5.93
9.2,0.54,0.31,2.3,0.112,3.2630127279102,11,38,0.99699,3.24,0.56,10.9,4.84
8.3,0.85,0.14,2.5,0.093,2.15797271309644,13,54,0.99724,3.36,0.54,10.1,4.91
8,0.83,0.27,2,0.08,2.78989585418714,11,63,0.99652,3.29,0.48,9.8,3.99
7.2,0.605,0.02,1.9,0.096,1.00096541966906,10,31,0.995,3.46,0.53,11.8,5.94
7.8,0.5,0.09,2.2,0.115,2.41086247042905,10,42,0.9971,3.18,0.62,9.5,4.97
7.3,0.74,0.08,1.7,0.094,2.21427340111332,10,45,0.99576,3.24,0.5,9.8,4.87
6.9,0.54,0.3,2.2,0.088,0.157609346310779,9,105,0.99725,3.25,1.18,10.5,6.11
8,0.77,0.32,2.1,0.079,2.44437046334152,16,74,0.99656,3.27,0.5,9.8,6.07
8.7,0.78,0.51,1.7,0.415,0.88231662483512,12,66,0.99623,3,1.17,9.2,4.92
7.5,0.58,0.56,3.1,0.153,1.17681223820833,5,14,0.99476,3.21,1.03,11.6,5.69
8.7,0.78,0.51,1.7,0.415,2.79173988883884,12,66,0.99623,3,1.17,9.2,4.9
7.7,0.75,0.27,3.8,0.11,2.05123432332013,34,89,0.99664,3.24,0.45,9.3,4.92
6.8,0.815,0,1.2,0.267,3.82915297835386,16,29,0.99471,3.32,0.51,9.8,3.15
7.2,0.56,0.26,2,0.083,2.77136771189504,13,100,0.99586,3.26,0.52,9.9,5.27
8.2,0.885,0.2,1.4,0.086,2.47408819495267,7,31,0.9946,3.11,0.46,10,5.12
5.2,0.49,0.26,2.3,0.09,1.64209614723737,23,74,0.9953,3.71,0.62,12.2,6.07
7.2,0.45,0.15,2,0.078,2.49863751403582,10,28,0.99609,3.29,0.51,9.9,5.96
7.5,0.57,0.02,2.6,0.077,1.00311541217017,11,35,0.99557,3.36,0.62,10.8,5.82
7.5,0.57,0.02,2.6,0.077,1.73833485134064,11,35,0.99557,3.36,0.62,10.8,5.93
6.8,0.83,0.09,1.8,0.074,3.18458760664461,4,25,0.99534,3.38,0.45,9.6,4.81
8,0.6,0.22,2.1,0.08,2.67163056947113,25,105,0.99613,3.3,0.49,9.9,5.05
8,0.6,0.22,2.1,0.08,2.46023670721488,25,105,0.99613,3.3,0.49,9.9,4.96
7.1,0.755,0.15,1.8,0.107,1.59037919447003,20,84,0.99593,3.19,0.5,9.5,5
8,0.81,0.25,3.4,0.076,3.65268028839242,34,85,0.99668,3.19,0.42,9.2,4.9
7.4,0.64,0.07,1.8,0.1,2.52381471901298,8,23,0.9961,3.3,0.58,9.6,4.8
7.4,0.64,0.07,1.8,0.1,3.34736968092872,8,23,0.9961,3.3,0.58,9.6,5.22
6.6,0.64,0.31,6.1,0.083,0.0480462561996311,7,49,0.99718,3.35,0.68,10.3,5.02
6.7,0.48,0.02,2.2,0.08,2.34639244386153,36,111,0.99524,3.1,0.53,9.7,4.93
6,0.49,0,2.3,0.068,2.21988544038994,15,33,0.99292,3.58,0.59,12.5,6.1
7.1,0.62,0.06,1.3,0.07,1.36037592092257,5,12,0.9942,3.17,0.48,9.8,4.88
8,0.52,0.25,2,0.078,3.85181705045686,19,59,0.99612,3.3,0.48,10.2,4.89
8.6,0.685,0.1,1.6,0.092,1.15994144661478,3,12,0.99745,3.31,0.65,9.55,6.17
8.7,0.675,0.1,1.6,0.09,1.66797814621427,4,11,0.99745,3.31,0.65,9.55,5.09
7.3,0.59,0.26,2,0.08,1.26991707078749,17,104,0.99584,3.28,0.52,9.9,5.12
7,0.6,0.12,2.2,0.083,1.80507389285312,13,28,0.9966,3.52,0.62,10.2,6.95
7.2,0.67,0,2.2,0.068,3.185465379909,10,24,0.9956,3.42,0.72,11.1,5.83
7.9,0.69,0.21,2.1,0.08,2.00516408195514,33,141,0.9962,3.25,0.51,9.9,5.11
7.9,0.69,0.21,2.1,0.08,0.668721235052636,33,141,0.9962,3.25,0.51,9.9,5.06
7.6,0.3,0.42,2,0.052,0.982835905201748,6,24,0.9963,3.44,0.82,11.9,6.01
7.2,0.33,0.33,1.7,0.061,2.63990697147638,3,13,0.996,3.23,1.1,10,8.06
8,0.5,0.39,2.6,0.082,2.55298786635719,12,46,0.9985,3.43,0.62,10.7,6.05
7.7,0.28,0.3,2,0.062,3.25745949002432,18,34,0.9952,3.28,0.9,11.3,6.91
8.2,0.24,0.34,5.1,0.062,2.22575396151762,8,22,0.9974,3.22,0.94,10.9,6.05
6,0.51,0,2.1,0.064,1.03595465047374,40,54,0.995,3.54,0.93,10.7,6.11
8.1,0.29,0.36,2.2,0.048,1.64093997770325,35,53,0.995,3.27,1.01,12.4,7.03
6.6,0.96,0,1.8,0.082,2.87711615264117,5,16,0.9936,3.5,0.44,11.9,6.12
6.4,0.47,0.4,2.4,0.071,0.126297457382667,8,19,0.9963,3.56,0.73,10.6,6.01
8.2,0.24,0.34,5.1,0.062,1.54536430607271,8,22,0.9974,3.22,0.94,10.9,5.83
9.9,0.57,0.25,2,0.104,2.13389207744823,12,89,0.9963,3.04,0.9,10.1,4.84
6.2,0.58,0,1.6,0.065,1.87757767937587,8,18,0.9966,3.56,0.84,9.4,4.99
10,0.32,0.59,2.2,0.077,3.07926442801177,3,15,0.9994,3.2,0.78,9.6,5.03
7.8,0.53,0.01,1.6,0.077,-0.123263639764354,3,19,0.995,3.16,0.46,9.8,4.88
7.7,0.64,0.21,2.2,0.077,2.32483208696194,32,133,0.9956,3.27,0.45,9.9,5.03
7.5,0.4,0.18,1.6,0.079,3.01095240816262,24,58,0.9965,3.34,0.58,9.4,4.97
7,0.54,0,2.1,0.079,3.35848139747371,39,55,0.9956,3.39,0.84,11.4,6.11
6.4,0.53,0.09,3.9,0.123,3.92175595224586,14,31,0.9968,3.5,0.67,11,3.79
8.3,0.26,0.37,1.4,0.076,2.05286277577368,8,23,0.9974,3.26,0.7,9.6,5.94
8.3,0.26,0.37,1.4,0.076,0.855133068761144,8,23,0.9974,3.26,0.7,9.6,6.11
7.7,0.23,0.37,1.8,0.046,1.28038375875568,23,60,0.9971,3.41,0.71,12.1,5.93
7.8,0.64,0,1.9,0.072,1.91526301811692,27,55,0.9962,3.31,0.63,11,5.14
7.9,0.18,0.4,2.2,0.049,3.89555242220018,38,67,0.996,3.33,0.93,11.3,4.82
7.4,0.41,0.24,1.8,0.066,1.21988376184783,18,47,0.9956,3.37,0.62,10.4,5.04
7.6,0.43,0.31,2.1,0.069,2.72809653084464,13,74,0.9958,3.26,0.54,9.9,5.79
5.9,0.44,0,1.6,0.042,1.06367449729381,3,11,0.9944,3.48,0.85,11.7,5.81
6.1,0.4,0.16,1.8,0.069,3.58426533965557,11,25,0.9955,3.42,0.74,10.1,6.93
10.2,0.54,0.37,15.4,0.214,1.77073519175832,55,95,1.00369,3.18,0.77,9,5.91
10.2,0.54,0.37,15.4,0.214,2.76936149679817,55,95,1.00369,3.18,0.77,9,5.97
10,0.38,0.38,1.6,0.169,1.71274503040401,27,90,0.99914,3.15,0.65,8.5,4.95
6.8,0.915,0.29,4.8,0.07,1.14110261580584,15,39,0.99577,3.53,0.54,11.1,5.09
7.3,0.67,0.02,2.2,0.072,2.65396091573742,31,92,0.99566,3.32,0.68,11.06666667,6.09
7.2,0.37,0.32,2,0.062,1.80182836942072,15,28,0.9947,3.23,0.73,11.3,6.91
7.4,0.785,0.19,5.2,0.094,2.30443346133908,19,98,0.99713,3.16,0.52,9.566666667,6.05
6.9,0.63,0.02,1.9,0.078,1.34761628973051,18,30,0.99712,3.4,0.75,9.8,5.07
6.9,0.58,0.2,1.75,0.058,1.7382103959823,8,22,0.99322,3.38,0.49,11.7,4.98
7.3,0.67,0.02,2.2,0.072,2.73272943599765,31,92,0.99566,3.32,0.68,11.1,6.13
6.9,0.63,0.02,1.9,0.078,1.5143898995903,18,30,0.99712,3.4,0.75,9.8,5.07
6.8,0.67,0,1.9,0.08,1.32648909243986,22,39,0.99701,3.4,0.74,9.7,4.94
7.2,0.38,0.31,2,0.056,1.31102326151309,15,29,0.99472,3.23,0.76,11.3,7.95
7.2,0.37,0.32,2,0.062,3.27916392043042,15,28,0.9947,3.23,0.73,11.3,7.02
7.8,0.32,0.44,2.7,0.104,3.59698381970528,8,17,0.99732,3.33,0.78,11,6.88
6.6,0.58,0.02,2,0.062,2.25003160969657,37,53,0.99374,3.35,0.76,11.6,7.14
7.6,0.49,0.33,1.9,0.074,2.40208003890152,27,85,0.99706,3.41,0.58,9,4.89
11.7,0.45,0.63,2.2,0.073,0.585407637443332,7,23,0.99974,3.21,0.69,10.9,6.09
6.5,0.9,0,1.6,0.052,2.69147923070035,9,17,0.99467,3.5,0.63,10.9,6.16
6,0.54,0.06,1.8,0.05,1.65599335121972,38,89,0.99236,3.3,0.5,10.55,6.08
7.6,0.49,0.33,1.9,0.074,1.43948211911325,27,85,0.99706,3.41,0.58,9,4.95
8.4,0.29,0.4,1.7,0.067,3.59263416533459,8,20,0.99603,3.39,0.6,10.5,4.99
7.9,0.2,0.35,1.7,0.054,2.96141011287182,7,15,0.99458,3.32,0.8,11.9,6.93
6.4,0.42,0.09,2.3,0.054,2.71138733184729,34,64,0.99724,3.41,0.68,10.4,5.97
6.2,0.785,0,2.1,0.06,1.27779940409278,6,13,0.99664,3.59,0.61,10,3.89
6.8,0.64,0.03,2.3,0.075,2.36621416456957,14,31,0.99545,3.36,0.58,10.4,5.99
6.9,0.63,0.01,2.4,0.076,2.84339839380944,14,39,0.99522,3.34,0.53,10.8,5.92
6.8,0.59,0.1,1.7,0.063,2.02659410073307,34,53,0.9958,3.41,0.67,9.7,4.92
6.8,0.59,0.1,1.7,0.063,1.4353106772675,34,53,0.9958,3.41,0.67,9.7,5.19
7.3,0.48,0.32,2.1,0.062,1.57379825287374,31,54,0.99728,3.3,0.65,10,7.04
6.7,1.04,0.08,2.3,0.067,2.40317431875486,19,32,0.99648,3.52,0.57,11,4.05
7.3,0.48,0.32,2.1,0.062,2.62968026909082,31,54,0.99728,3.3,0.65,10,6.95
10,0.69,0.11,1.4,0.084,3.2612067189489,8,24,0.99578,2.88,0.47,9.7,4.94
6.7,0.7,0.08,3.75,0.067,2.02445864509225,8,16,0.99334,3.43,0.52,12.6,4.99
7.6,0.35,0.6,2.6,0.073,2.83632981385629,23,44,0.99656,3.38,0.79,11.1,5.92
6.1,0.6,0.08,1.8,0.071,3.48837027500861,14,45,0.99336,3.38,0.54,11,4.93
9.9,0.5,0.5,13.8,0.205,0.992260669421488,48,82,1.00242,3.16,0.75,8.8,5.12
5.3,0.47,0.11,2.2,0.048,2.80161811561038,16,89,0.99182,3.54,0.88,13.56666667,7.02
9.9,0.5,0.5,13.8,0.205,1.56675238445862,48,82,1.00242,3.16,0.75,8.8,5
7.1,0.875,0.05,5.7,0.082,3.33907846944112,3,14,0.99808,3.4,0.52,10.2,2.87
8.2,0.28,0.6,3,0.104,1.64811032444345,10,22,0.99828,3.39,0.68,10.6,5
5.6,0.62,0.03,1.5,0.08,2.91802565480591,6,13,0.99498,3.66,0.62,10.1,3.88
8.2,0.28,0.6,3,0.104,0.426593566356326,10,22,0.99828,3.39,0.68,10.6,4.97
7.2,0.58,0.54,2.1,0.114,3.88560535847132,3,9,0.99719,3.33,0.57,10.3,3.94
8.1,0.33,0.44,1.5,0.042,1.88032599590743,6,12,0.99542,3.35,0.61,10.7,5.1
6.8,0.91,0.06,2,0.06,0.84627206301729,4,11,0.99592,3.53,0.64,10.9,4.02
7,0.655,0.16,2.1,0.074,2.03117892263974,8,25,0.99606,3.37,0.55,9.7,5
5.6,0.54,0.04,1.7,0.049,3.15299953791351,5,13,0.9942,3.72,0.58,11.4,4.95
6.2,0.57,0.1,2.1,0.048,1.74708835158814,4,11,0.99448,3.44,0.76,10.8,5.96
7.1,0.22,0.49,1.8,0.039,1.00375691855754,8,18,0.99344,3.39,0.56,12.4,6.14
5.6,0.54,0.04,1.7,0.049,1.39446266855054,5,13,0.9942,3.72,0.58,11.4,4.95
6.2,0.65,0.06,1.6,0.05,2.620286769083,6,18,0.99348,3.57,0.54,11.95,5.02
7.7,0.54,0.26,1.9,0.089,1.09369324748073,23,147,0.99636,3.26,0.59,9.7,5.25
7,0.43,0.02,1.9,0.08,2.1099027644228,15,28,0.99492,3.35,0.81,10.6,5.94
6.9,0.74,0.03,2.3,0.054,3.71384417731369,7,16,0.99508,3.45,0.63,11.5,6.11
6.6,0.895,0.04,2.3,0.068,1.66750284039661,7,13,0.99582,3.53,0.58,10.8,5.88
7.5,0.725,0.04,1.5,0.076,3.41900061929456,8,15,0.99508,3.26,0.53,9.6,5.12
7.8,0.82,0.29,4.3,0.083,3.71789158682515,21,64,0.99642,3.16,0.53,9.4,5.17
7.3,0.585,0.18,2.4,0.078,2.60886798876435,15,60,0.99638,3.31,0.54,9.8,5.04
6.2,0.44,0.39,2.5,0.077,1.06825493354067,6,14,0.99555,3.51,0.69,11,5.98
6.7,0.76,0.02,1.8,0.078,1.31843540250821,6,12,0.996,3.55,0.63,9.95,2.86
6.8,0.81,0.05,2,0.07,1.06072179290283,6,14,0.99562,3.51,0.66,10.8,5.85
7.5,0.38,0.57,2.3,0.106,1.78894660929246,5,12,0.99605,3.36,0.55,11.4,6.01
7.9,0.18,0.4,1.8,0.062,1.3385974330438,7,20,0.9941,3.28,0.7,11.1,4.99
7.1,0.69,0.04,2.1,0.068,2.772092033114,19,27,0.99712,3.44,0.67,9.8,4.93
6.4,0.79,0.04,2.2,0.061,2.05409416616214,11,17,0.99588,3.53,0.65,10.4,6.12
6.4,0.56,0.15,1.8,0.078,0.976566178630063,17,65,0.99294,3.33,0.6,10.5,6.03
6.9,0.84,0.21,4.1,0.074,3.95783839335203,16,65,0.99842,3.53,0.72,9.233333333,6.13
6.9,0.84,0.21,4.1,0.074,3.25183344833809,16,65,0.99842,3.53,0.72,9.25,5.91
6.1,0.32,0.25,2.3,0.071,1.55122936028754,23,58,0.99633,3.42,0.97,10.6,4.9
6.5,0.53,0.06,2,0.063,-0.286392327251936,29,44,0.99489,3.38,0.83,10.3,5.97
7.4,0.47,0.46,2.2,0.114,2.55792590983969,7,20,0.99647,3.32,0.63,10.5,5.18
6.6,0.7,0.08,2.6,0.106,0.678650612888607,14,27,0.99665,3.44,0.58,10.2,4.99
6.5,0.53,0.06,2,0.063,0.95305545404839,29,44,0.99489,3.38,0.83,10.3,5.95
6.9,0.48,0.2,1.9,0.082,0.703286387084342,9,23,0.99585,3.39,0.43,9.05,3.91
6.1,0.32,0.25,2.3,0.071,1.64180997846735,23,58,0.99633,3.42,0.97,10.6,5.11
6,0.42,0.19,2,0.075,2.10500909412244,22,47,0.99522,3.39,0.78,10,5.97
6.7,0.48,0.08,2.1,0.064,2.89478261076591,18,34,0.99552,3.33,0.64,9.7,4.95
6.8,0.47,0.08,2.2,0.064,1.63260674130268,18,38,0.99553,3.3,0.65,9.6,5.96
7.1,0.53,0.07,1.7,0.071,1.28532980997324,15,24,0.9951,3.29,0.66,10.8,6
7.9,0.29,0.49,2.2,0.096,2.76889454289261,21,59,0.99714,3.31,0.67,10.1,6.09
7.1,0.69,0.08,2.1,0.063,2.88077001320559,42,52,0.99608,3.42,0.6,10.2,5.9
6.6,0.44,0.09,2.2,0.063,2.02608573050435,9,18,0.99444,3.42,0.69,11.3,6.1
6.1,0.705,0.1,2.8,0.081,0.762968209696112,13,28,0.99631,3.6,0.66,10.2,4.95
7.2,0.53,0.13,2,0.058,1.55851369385208,18,22,0.99573,3.21,0.68,9.9,6.06
8,0.39,0.3,1.9,0.074,2.25894420126781,32,84,0.99717,3.39,0.61,9,5.23
6.6,0.56,0.14,2.4,0.064,0.492647856733273,13,29,0.99397,3.42,0.62,11.7,6.97
6.1,0.53,0.08,1.9,0.077,2.21291147387185,24,45,0.99528,3.6,0.68,10.3,6.16
5.4,0.58,0.08,1.9,0.059,4.50626790644999,20,31,0.99484,3.5,0.64,10.2,6.03
6.2,0.64,0.09,2.5,0.081,3.70360204927723,15,26,0.99538,3.57,0.63,12,4.83
7.2,0.39,0.32,1.8,0.065,2.28228711707487,34,60,0.99714,3.46,0.78,9.9,5.04
6.2,0.52,0.08,4.4,0.071,1.8822902868492,11,32,0.99646,3.56,0.63,11.6,5.87
6.7,0.855,0.02,1.9,0.064,2.78998947161349,29,38,0.99472,3.3,0.56,10.75,5.95
8.4,0.37,0.43,2.3,0.063,1.82089640073976,12,19,0.9955,3.17,0.81,11.2,6.85
6.5,0.63,0.33,1.8,0.059,4.12643877065764,16,28,0.99531,3.36,0.64,10.1,5.9
7,0.57,0.02,2,0.072,1.88489267225501,17,26,0.99575,3.36,0.61,10.2,5.01
7.4,0.36,0.3,1.8,0.074,3.61400569463425,17,24,0.99419,3.24,0.7,11.4,7.88
7.1,0.68,0,2.3,0.087,0.980686719241448,17,26,0.99783,3.45,0.53,9.5,5.23
7.1,0.67,0,2.3,0.083,0.888489842430437,18,27,0.99768,3.44,0.54,9.4,5.05
6.3,0.68,0.01,3.7,0.103,1.74774023830372,32,54,0.99586,3.51,0.66,11.3,6.03
7.3,0.735,0,2.2,0.08,4.66426634610744,18,28,0.99765,3.41,0.6,9.4,5.07
6.6,0.855,0.02,2.4,0.062,1.13625758049314,15,23,0.99627,3.54,0.6,11,6.11
7,0.56,0.17,1.7,0.065,3.69291615481916,15,24,0.99514,3.44,0.68,10.55,7.03
6.6,0.88,0.04,2.2,0.066,2.00214216148834,12,20,0.99636,3.53,0.56,9.9,4.8
6.6,0.855,0.02,2.4,0.062,1.43036011283293,15,23,0.99627,3.54,0.6,11,6.17
7.8,0.6,0.26,2,0.08,1.91193445978822,31,131,0.99622,3.21,0.52,9.9,4.94
7.8,0.6,0.26,2,0.08,1.66498428375227,31,131,0.99622,3.21,0.52,9.9,5.11
7.8,0.6,0.26,2,0.08,1.23317373981928,31,131,0.99622,3.21,0.52,9.9,4.87
7.2,0.695,0.13,2,0.076,2.36332449578271,12,20,0.99546,3.29,0.54,10.1,5.14
6.7,0.67,0.02,1.9,0.061,0.897340990582245,26,42,0.99489,3.39,0.82,10.9,6.05
6.7,0.16,0.64,2.1,0.059,1.1061630120367,24,52,0.99494,3.34,0.71,11.2,6
7,0.56,0.13,1.6,0.077,2.86949285074851,25,42,0.99629,3.34,0.59,9.2,4.98
6.4,0.36,0.53,2.2,0.23,1.58790253725802,19,35,0.9934,3.37,0.93,12.4,6.06
6.4,0.38,0.14,2.2,0.038,3.09628679025112,15,25,0.99514,3.44,0.65,11.1,5.88
7.3,0.69,0.32,2.2,0.069,1.88184631287685,35,104,0.99632,3.33,0.51,9.5,5.15
6,0.58,0.2,2.4,0.075,2.07656720690041,15,50,0.99467,3.58,0.67,12.5,5.89
5.6,0.31,0.78,13.9,0.074,3.70776455755945,23,92,0.99677,3.39,0.48,10.5,5.86
8,0.3,0.63,1.6,0.081,1.47035955196835,16,29,0.99588,3.3,0.78,10.8,5.99
6.8,0.67,0.15,1.8,0.118,1.67311943168014,13,20,0.9954,3.42,0.67,11.3,6.21
6.2,0.56,0.09,1.7,0.053,4.15292746377467,24,32,0.99402,3.54,0.6,11.3,5.26
7.4,0.35,0.33,2.4,0.068,2.20411423476485,9,26,0.9947,3.36,0.6,11.9,6.14
6.2,0.56,0.09,1.7,0.053,3.59098537888935,24,32,0.99402,3.54,0.6,11.3,5.01
6.1,0.715,0.1,2.6,0.053,1.22314755807682,13,27,0.99362,3.57,0.5,11.9,4.97
6.7,0.32,0.44,2.4,0.061,1.52300549787914,24,34,0.99484,3.29,0.8,11.6,7.1
7.2,0.39,0.44,2.6,0.066,3.04269815732319,22,48,0.99494,3.3,0.84,11.5,6.03
7.5,0.31,0.41,2.4,0.065,1.51368037303771,34,60,0.99492,3.34,0.85,11.4,6.07
5.8,0.61,0.11,1.8,0.066,2.06735152944587,18,28,0.99483,3.55,0.66,10.9,5.87
7.2,0.66,0.33,2.5,0.068,2.91090479592778,34,102,0.99414,3.27,0.78,12.8,6.04
6.6,0.725,0.2,7.8,0.073,1.48830415371062,29,79,0.9977,3.29,0.54,9.2,4.98
6.3,0.55,0.15,1.8,0.077,2.10378271832635,26,35,0.99314,3.32,0.82,11.6,6.03
5.4,0.74,0.09,1.7,0.089,3.7134688503563,16,26,0.99402,3.67,0.56,11.6,6.02
6.3,0.51,0.13,2.3,0.076,2.3298630861417,29,40,0.99574,3.42,0.75,11,6
6.2,0.6,0.08,2,0.09,2.5200687008067,32,44,0.9949,3.45,0.58,10.5,4.95
5.9,0.55,0.1,2.2,0.062,1.22359200624332,39,51,0.99512,3.52,0.76,11.2,5.9
6,0.31,0.47,3.6,0.067,3.66265324492953,18,42,0.99549,3.39,0.66,11,5.86
